ccy,month,freq,hour_ny,coverage,stale,n_expected,n_present
EUR,2009-11,1m,,0.9358837505595538,0.044777217704845655,29041.0,27179.0
EUR,2009-11,1m,0.0,1.0,0.031746031746031744,,
EUR,2009-11,1m,1.0,0.9992063492063492,0.03653693407466243,,
EUR,2009-11,1m,2.0,0.9761904761904762,0.032520325203252036,,
EUR,2009-11,1m,3.0,0.9968253968253968,0.024681528662420384,,
EUR,2009-11,1m,4.0,1.0,0.027777777777777776,,
EUR,2009-11,1m,5.0,0.9928571428571429,0.01838529176658673,,
EUR,2009-11,1m,6.0,1.0,0.01904761904761905,,
EUR,2009-11,1m,7.0,1.0,0.027777777777777776,,
EUR,2009-11,1m,8.0,0.9873015873015873,0.0409967845659164,,
EUR,2009-11,1m,9.0,0.9825396825396825,0.03796445880452343,,
EUR,2009-11,1m,10.0,0.9761904761904762,0.06585365853658537,,
EUR,2009-11,1m,11.0,0.7841269841269841,0.09008097165991903,,
EUR,2009-11,1m,12.0,0.703968253968254,0.10710259301014656,,
EUR,2009-11,1m,13.0,0.7611111111111111,0.08342022940563086,,
EUR,2009-11,1m,14.0,0.8071428571428572,0.051130776794493606,,
EUR,2009-11,1m,15.0,0.8031746031746032,0.05533596837944664,,
EUR,2009-11,1m,16.0,0.7952380952380952,0.05888223552894212,,
EUR,2009-11,1m,18.0,0.9787878787878788,0.06191950464396285,,
EUR,2009-11,1m,19.0,0.979381443298969,0.06315789473684211,,
EUR,2009-11,1m,20.0,0.9992063492063492,0.05321683876092136,,
EUR,2009-11,1m,21.0,1.0,0.023809523809523808,,
EUR,2009-11,1m,22.0,1.0,0.020634920634920634,,
EUR,2009-11,1m,23.0,1.0,0.02619047619047619,,
EUR,2009-11,15m,,0.9519876097057305,0.00596529284164859,1937.0,1844.0
EUR,2009-11,15m,0.0,1.0,0.0,,
EUR,2009-11,15m,1.0,1.0,0.0,,
EUR,2009-11,15m,2.0,1.0,0.0,,
EUR,2009-11,15m,3.0,0.9880952380952381,0.0,,
EUR,2009-11,15m,4.0,1.0,0.0,,
EUR,2009-11,15m,5.0,1.0,0.011904761904761904,,
EUR,2009-11,15m,6.0,1.0,0.0,,
EUR,2009-11,15m,7.0,1.0,0.0,,
EUR,2009-11,15m,8.0,1.0,0.0,,
EUR,2009-11,15m,9.0,1.0,0.0,,
EUR,2009-11,15m,10.0,1.0,0.011904761904761904,,
EUR,2009-11,15m,11.0,0.8571428571428571,0.013888888888888888,,
EUR,2009-11,15m,12.0,0.8095238095238095,0.014705882352941176,,
EUR,2009-11,15m,13.0,0.8095238095238095,0.014705882352941176,,
EUR,2009-11,15m,14.0,0.8095238095238095,0.014705882352941176,,
EUR,2009-11,15m,15.0,0.8095238095238095,0.0,,
EUR,2009-11,15m,16.0,0.8095238095238095,0.0,,
EUR,2009-11,15m,18.0,1.0,0.0,,
EUR,2009-11,15m,19.0,1.0,0.011764705882352941,,
EUR,2009-11,15m,20.0,1.0,0.0,,
EUR,2009-11,15m,21.0,1.0,0.0,,
EUR,2009-11,15m,22.0,1.0,0.011904761904761904,,
EUR,2009-11,15m,23.0,1.0,0.0,,
EUR,2009-11,1h,,0.9587628865979382,0.0064516129032258064,485.0,465.0
EUR,2009-11,1h,0.0,1.0,0.0,,
EUR,2009-11,1h,1.0,1.0,0.0,,
EUR,2009-11,1h,2.0,1.0,0.0,,
EUR,2009-11,1h,3.0,1.0,0.0,,
EUR,2009-11,1h,4.0,1.0,0.0,,
EUR,2009-11,1h,5.0,1.0,0.0,,
EUR,2009-11,1h,6.0,1.0,0.0,,
EUR,2009-11,1h,7.0,1.0,0.0,,
EUR,2009-11,1h,8.0,1.0,0.0,,
EUR,2009-11,1h,9.0,1.0,0.0,,
EUR,2009-11,1h,10.0,1.0,0.0,,
EUR,2009-11,1h,11.0,1.0,0.0,,
EUR,2009-11,1h,12.0,0.8095238095238095,0.0,,
EUR,2009-11,1h,13.0,0.8095238095238095,0.0,,
EUR,2009-11,1h,14.0,0.8095238095238095,0.0,,
EUR,2009-11,1h,15.0,0.8095238095238095,0.0,,
EUR,2009-11,1h,16.0,0.8095238095238095,0.0,,
EUR,2009-11,1h,18.0,1.0,0.0,,
EUR,2009-11,1h,19.0,1.0,0.0,,
EUR,2009-11,1h,20.0,1.0,0.0,,
EUR,2009-11,1h,21.0,1.0,0.0,,
EUR,2009-11,1h,22.0,1.0,0.0,,
EUR,2009-11,1h,23.0,1.0,0.0,,
EUR,2010-02,1m,,0.9327173913043478,0.044711183622732395,27600.0,25743.0
EUR,2010-02,1m,0.0,0.9991666666666666,0.02835696413678065,,
EUR,2010-02,1m,1.0,1.0,0.0425,,
EUR,2010-02,1m,2.0,1.0,0.030833333333333334,,
EUR,2010-02,1m,3.0,1.0,0.025,,
EUR,2010-02,1m,4.0,1.0,0.014166666666666666,,
EUR,2010-02,1m,5.0,1.0,0.020833333333333332,,
EUR,2010-02,1m,6.0,1.0,0.0175,,
EUR,2010-02,1m,7.0,1.0,0.035,,
EUR,2010-02,1m,8.0,0.995,0.04020100502512563,,
EUR,2010-02,1m,9.0,0.9925,0.036943744752308987,,
EUR,2010-02,1m,10.0,0.9883333333333333,0.06492411467116357,,
EUR,2010-02,1m,11.0,0.7825,0.07454739084132056,,
EUR,2010-02,1m,12.0,0.7475,0.10144927536231885,,
EUR,2010-02,1m,13.0,0.745,0.08165548098434004,,
EUR,2010-02,1m,14.0,0.7458333333333333,0.06256983240223464,,
EUR,2010-02,1m,15.0,0.7866666666666666,0.03919491525423729,,
EUR,2010-02,1m,16.0,0.7941666666666667,0.07240293809024134,,
EUR,2010-02,1m,18.0,0.975,0.07179487179487179,,
EUR,2010-02,1m,19.0,0.9366666666666666,0.06672597864768683,,
EUR,2010-02,1m,20.0,0.9641666666666666,0.046672428694900604,,
EUR,2010-02,1m,21.0,1.0,0.023333333333333334,,
EUR,2010-02,1m,22.0,1.0,0.030833333333333334,,
EUR,2010-02,1m,23.0,1.0,0.035,,
EUR,2010-02,15m,,0.9445652173913044,0.006904487917146145,1840.0,1738.0
EUR,2010-02,15m,0.0,1.0,0.0,,
EUR,2010-02,15m,1.0,1.0,0.0,,
EUR,2010-02,15m,2.0,1.0,0.0,,
EUR,2010-02,15m,3.0,1.0,0.0,,
EUR,2010-02,15m,4.0,1.0,0.025,,
EUR,2010-02,15m,5.0,1.0,0.0,,
EUR,2010-02,15m,6.0,1.0,0.0,,
EUR,2010-02,15m,7.0,1.0,0.0,,
EUR,2010-02,15m,8.0,1.0,0.0,,
EUR,2010-02,15m,9.0,1.0,0.025,,
EUR,2010-02,15m,10.0,1.0,0.0,,
EUR,2010-02,15m,11.0,0.8625,0.0,,
EUR,2010-02,15m,12.0,0.8,0.03125,,
EUR,2010-02,15m,13.0,0.7875,0.015873015873015872,,
EUR,2010-02,15m,14.0,0.7625,0.0,,
EUR,2010-02,15m,15.0,0.7875,0.0,,
EUR,2010-02,15m,16.0,0.8,0.0,,
EUR,2010-02,15m,18.0,1.0,0.0,,
EUR,2010-02,15m,19.0,0.9625,0.0,,
EUR,2010-02,15m,20.0,0.9625,0.012987012987012988,,
EUR,2010-02,15m,21.0,1.0,0.0,,
EUR,2010-02,15m,22.0,1.0,0.0,,
EUR,2010-02,15m,23.0,1.0,0.0,,
EUR,2010-02,1h,,0.9565217391304348,0.0022727272727272726,460.0,440.0
EUR,2010-02,1h,0.0,1.0,0.0,,
EUR,2010-02,1h,1.0,1.0,0.0,,
EUR,2010-02,1h,2.0,1.0,0.0,,
EUR,2010-02,1h,3.0,1.0,0.0,,
EUR,2010-02,1h,4.0,1.0,0.0,,
EUR,2010-02,1h,5.0,1.0,0.0,,
EUR,2010-02,1h,6.0,1.0,0.0,,
EUR,2010-02,1h,7.0,1.0,0.0,,
EUR,2010-02,1h,8.0,1.0,0.0,,
EUR,2010-02,1h,9.0,1.0,0.0,,
EUR,2010-02,1h,10.0,1.0,0.0,,
EUR,2010-02,1h,11.0,1.0,0.0,,
EUR,2010-02,1h,12.0,0.85,0.0,,
EUR,2010-02,1h,13.0,0.8,0.0,,
EUR,2010-02,1h,14.0,0.8,0.0,,
EUR,2010-02,1h,15.0,0.8,0.0,,
EUR,2010-02,1h,16.0,0.8,0.0,,
EUR,2010-02,1h,18.0,1.0,0.0,,
EUR,2010-02,1h,19.0,1.0,0.0,,
EUR,2010-02,1h,20.0,0.95,0.0,,
EUR,2010-02,1h,21.0,1.0,0.0,,
EUR,2010-02,1h,22.0,1.0,0.0,,
EUR,2010-02,1h,23.0,1.0,0.0,,
EUR,2010-08,1m,,0.9535120238837308,0.053433801266171206,30481.0,29064.0
EUR,2010-08,1m,0.0,1.0,0.019696969696969695,,
EUR,2010-08,1m,1.0,1.0,0.022727272727272728,,
EUR,2010-08,1m,2.0,1.0,0.031818181818181815,,
EUR,2010-08,1m,3.0,1.0,0.02727272727272727,,
EUR,2010-08,1m,4.0,1.0,0.023484848484848483,,
EUR,2010-08,1m,5.0,1.0,0.01893939393939394,,
EUR,2010-08,1m,6.0,1.0,0.013636363636363636,,
EUR,2010-08,1m,7.0,1.0,0.023484848484848483,,
EUR,2010-08,1m,8.0,1.0,0.037121212121212124,,
EUR,2010-08,1m,9.0,1.0,0.056818181818181816,,
EUR,2010-08,1m,10.0,1.0,0.04393939393939394,,
EUR,2010-08,1m,11.0,0.9984848484848485,0.057663125948406675,,
EUR,2010-08,1m,12.0,0.8174242424242424,0.1010194624652456,,
EUR,2010-08,1m,13.0,0.7318181818181818,0.15320910973084886,,
EUR,2010-08,1m,14.0,0.7553030303030303,0.12537612838515547,,
EUR,2010-08,1m,15.0,0.8121212121212121,0.08395522388059702,,
EUR,2010-08,1m,16.0,0.8181818181818182,0.05277777777777778,,
EUR,2010-08,1m,18.0,0.9971014492753624,0.09956395348837209,,
EUR,2010-08,1m,19.0,0.9992753623188406,0.08701957940536621,,
EUR,2010-08,1m,20.0,0.9992429977289932,0.07651515151515151,,
EUR,2010-08,1m,21.0,0.9977272727272727,0.0683371298405467,,
EUR,2010-08,1m,22.0,1.0,0.020454545454545454,,
EUR,2010-08,1m,23.0,1.0,0.024242424242424242,,
EUR,2010-08,15m,,0.9636005902606984,0.008677896886166412,2033.0,1959.0
EUR,2010-08,15m,0.0,1.0,0.0,,
EUR,2010-08,15m,1.0,1.0,0.0,,
EUR,2010-08,15m,2.0,1.0,0.0,,
EUR,2010-08,15m,3.0,1.0,0.011363636363636364,,
EUR,2010-08,15m,4.0,1.0,0.0,,
EUR,2010-08,15m,5.0,1.0,0.0,,
EUR,2010-08,15m,6.0,1.0,0.011363636363636364,,
EUR,2010-08,15m,7.0,1.0,0.011363636363636364,,
EUR,2010-08,15m,8.0,1.0,0.011363636363636364,,
EUR,2010-08,15m,9.0,1.0,0.011363636363636364,,
EUR,2010-08,15m,10.0,1.0,0.0,,
EUR,2010-08,15m,11.0,1.0,0.011363636363636364,,
EUR,2010-08,15m,12.0,0.8863636363636364,0.0,,
EUR,2010-08,15m,13.0,0.8181818181818182,0.013888888888888888,,
EUR,2010-08,15m,14.0,0.8181818181818182,0.027777777777777776,,
EUR,2010-08,15m,15.0,0.8181818181818182,0.013888888888888888,,
EUR,2010-08,15m,16.0,0.8181818181818182,0.027777777777777776,,
EUR,2010-08,15m,18.0,1.0,0.0,,
EUR,2010-08,15m,19.0,1.0,0.010869565217391304,,
EUR,2010-08,15m,20.0,1.0,0.011235955056179775,,
EUR,2010-08,15m,21.0,1.0,0.0,,
EUR,2010-08,15m,22.0,1.0,0.0,,
EUR,2010-08,15m,23.0,1.0,0.0,,
EUR,2010-08,1h,,0.9724950884086444,0.00404040404040404,509.0,495.0
EUR,2010-08,1h,0.0,1.0,0.0,,
EUR,2010-08,1h,1.0,1.0,0.0,,
EUR,2010-08,1h,2.0,1.0,0.0,,
EUR,2010-08,1h,3.0,1.0,0.0,,
EUR,2010-08,1h,4.0,1.0,0.0,,
EUR,2010-08,1h,5.0,1.0,0.0,,
EUR,2010-08,1h,6.0,1.0,0.0,,
EUR,2010-08,1h,7.0,1.0,0.0,,
EUR,2010-08,1h,8.0,1.0,0.0,,
EUR,2010-08,1h,9.0,1.0,0.0,,
EUR,2010-08,1h,10.0,1.0,0.0,,
EUR,2010-08,1h,11.0,1.0,0.0,,
EUR,2010-08,1h,12.0,1.0,0.0,,
EUR,2010-08,1h,13.0,0.9090909090909091,0.0,,
EUR,2010-08,1h,14.0,0.8181818181818182,0.0,,
EUR,2010-08,1h,15.0,0.8181818181818182,0.0,,
EUR,2010-08,1h,16.0,0.8181818181818182,0.0,,
EUR,2010-08,1h,18.0,1.0,0.0,,
EUR,2010-08,1h,19.0,1.0,0.0,,
EUR,2010-08,1h,20.0,1.0,0.0,,
EUR,2010-08,1h,21.0,1.0,0.0,,
EUR,2010-08,1h,22.0,1.0,0.0,,
EUR,2010-08,1h,23.0,1.0,0.0,,
EUR,2015-02,1m,,0.953731884057971,0.0629107624510884,27600.0,26323.0
EUR,2015-02,1m,0.0,1.0,0.028333333333333332,,
EUR,2015-02,1m,1.0,1.0,0.035,,
EUR,2015-02,1m,2.0,1.0,0.018333333333333333,,
EUR,2015-02,1m,3.0,1.0,0.016666666666666666,,
EUR,2015-02,1m,4.0,1.0,0.025,,
EUR,2015-02,1m,5.0,1.0,0.025,,
EUR,2015-02,1m,6.0,1.0,0.030833333333333334,,
EUR,2015-02,1m,7.0,1.0,0.03166666666666667,,
EUR,2015-02,1m,8.0,0.9991666666666666,0.04837364470391994,,
EUR,2015-02,1m,9.0,1.0,0.06333333333333334,,
EUR,2015-02,1m,10.0,0.9991666666666666,0.05504587155963303,,
EUR,2015-02,1m,11.0,0.995,0.0829145728643216,,
EUR,2015-02,1m,12.0,0.7625,0.12568306010928962,,
EUR,2015-02,1m,13.0,0.7975,0.12330198537095088,,
EUR,2015-02,1m,14.0,0.7991666666666667,0.11470281543274244,,
EUR,2015-02,1m,15.0,0.8,0.08020833333333334,,
EUR,2015-02,1m,16.0,0.8,0.10104166666666667,,
EUR,2015-02,1m,18.0,0.9916666666666667,0.13781512605042018,,
EUR,2015-02,1m,19.0,0.9941666666666666,0.14668901927912825,,
EUR,2015-02,1m,20.0,0.9975,0.08939014202172096,,
EUR,2015-02,1m,21.0,1.0,0.04416666666666667,,
EUR,2015-02,1m,22.0,1.0,0.03166666666666667,,
EUR,2015-02,1m,23.0,1.0,0.03,,
EUR,2015-02,15m,,0.9586956521739131,0.011337868480725623,1840.0,1764.0
EUR,2015-02,15m,0.0,1.0,0.0,,
EUR,2015-02,15m,1.0,1.0,0.0,,
EUR,2015-02,15m,2.0,1.0,0.0,,
EUR,2015-02,15m,3.0,1.0,0.0,,
EUR,2015-02,15m,4.0,1.0,0.0,,
EUR,2015-02,15m,5.0,1.0,0.025,,
EUR,2015-02,15m,6.0,1.0,0.0,,
EUR,2015-02,15m,7.0,1.0,0.0,,
EUR,2015-02,15m,8.0,1.0,0.0,,
EUR,2015-02,15m,9.0,1.0,0.0125,,
EUR,2015-02,15m,10.0,1.0,0.0,,
EUR,2015-02,15m,11.0,1.0,0.0,,
EUR,2015-02,15m,12.0,0.85,0.0,,
EUR,2015-02,15m,13.0,0.8,0.015625,,
EUR,2015-02,15m,14.0,0.8,0.0,,
EUR,2015-02,15m,15.0,0.8,0.015625,,
EUR,2015-02,15m,16.0,0.8,0.0,,
EUR,2015-02,15m,18.0,1.0,0.0375,,
EUR,2015-02,15m,19.0,1.0,0.0375,,
EUR,2015-02,15m,20.0,1.0,0.025,,
EUR,2015-02,15m,21.0,1.0,0.0,,
EUR,2015-02,15m,22.0,1.0,0.0,,
EUR,2015-02,15m,23.0,1.0,0.0,,
EUR,2015-02,1h,,0.9652173913043478,0.006756756756756757,460.0,444.0
EUR,2015-02,1h,0.0,1.0,0.0,,
EUR,2015-02,1h,1.0,1.0,0.0,,
EUR,2015-02,1h,2.0,1.0,0.0,,
EUR,2015-02,1h,3.0,1.0,0.0,,
EUR,2015-02,1h,4.0,1.0,0.0,,
EUR,2015-02,1h,5.0,1.0,0.0,,
EUR,2015-02,1h,6.0,1.0,0.0,,
EUR,2015-02,1h,7.0,1.0,0.0,,
EUR,2015-02,1h,8.0,1.0,0.0,,
EUR,2015-02,1h,9.0,1.0,0.0,,
EUR,2015-02,1h,10.0,1.0,0.0,,
EUR,2015-02,1h,11.0,1.0,0.0,,
EUR,2015-02,1h,12.0,1.0,0.0,,
EUR,2015-02,1h,13.0,0.8,0.0,,
EUR,2015-02,1h,14.0,0.8,0.0,,
EUR,2015-02,1h,15.0,0.8,0.0,,
EUR,2015-02,1h,16.0,0.8,0.0,,
EUR,2015-02,1h,18.0,1.0,0.0,,
EUR,2015-02,1h,19.0,1.0,0.0,,
EUR,2015-02,1h,20.0,1.0,0.0,,
EUR,2015-02,1h,21.0,1.0,0.0,,
EUR,2015-02,1h,22.0,1.0,0.0,,
EUR,2015-02,1h,23.0,1.0,0.0,,
EUR,2015-08,1m,,0.964949658087351,0.059506427833766605,29101.0,28081.0
EUR,2015-08,1m,0.0,1.0,0.03888888888888889,,
EUR,2015-08,1m,1.0,1.0,0.029365079365079365,,
EUR,2015-08,1m,2.0,1.0,0.04365079365079365,,
EUR,2015-08,1m,3.0,1.0,0.03492063492063492,,
EUR,2015-08,1m,4.0,1.0,0.01746031746031746,,
EUR,2015-08,1m,5.0,1.0,0.01746031746031746,,
EUR,2015-08,1m,6.0,1.0,0.01507936507936508,,
EUR,2015-08,1m,7.0,1.0,0.02619047619047619,,
EUR,2015-08,1m,8.0,1.0,0.03650793650793651,,
EUR,2015-08,1m,9.0,1.0,0.03333333333333333,,
EUR,2015-08,1m,10.0,1.0,0.049206349206349205,,
EUR,2015-08,1m,11.0,1.0,0.05396825396825397,,
EUR,2015-08,1m,12.0,0.9984126984126984,0.07472178060413355,,
EUR,2015-08,1m,13.0,0.7841269841269841,0.16902834008097167,,
EUR,2015-08,1m,14.0,0.8063492063492064,0.18011811023622049,,
EUR,2015-08,1m,15.0,0.8023809523809524,0.14737883283877348,,
EUR,2015-08,1m,16.0,0.807936507936508,0.0825147347740668,,
EUR,2015-08,1m,18.0,0.9984848484848485,0.06525037936267071,,
EUR,2015-08,1m,19.0,0.9962121212121212,0.09049429657794676,,
EUR,2015-08,1m,20.0,0.9968279143536876,0.09864757358790771,,
EUR,2015-08,1m,21.0,1.0,0.05952380952380952,,
EUR,2015-08,1m,22.0,1.0,0.0373015873015873,,
EUR,2015-08,1m,23.0,1.0,0.02142857142857143,,
EUR,2015-08,15m,,0.9690880989180835,0.008506113769271665,1941.0,1881.0
EUR,2015-08,15m,0.0,1.0,0.0,,
EUR,2015-08,15m,1.0,1.0,0.0,,
EUR,2015-08,15m,2.0,1.0,0.011904761904761904,,
EUR,2015-08,15m,3.0,1.0,0.011904761904761904,,
EUR,2015-08,15m,4.0,1.0,0.0,,
EUR,2015-08,15m,5.0,1.0,0.0,,
EUR,2015-08,15m,6.0,1.0,0.0,,
EUR,2015-08,15m,7.0,1.0,0.0,,
EUR,2015-08,15m,8.0,1.0,0.011904761904761904,,
EUR,2015-08,15m,9.0,1.0,0.0,,
EUR,2015-08,15m,10.0,1.0,0.023809523809523808,,
EUR,2015-08,15m,11.0,1.0,0.011904761904761904,,
EUR,2015-08,15m,12.0,1.0,0.023809523809523808,,
EUR,2015-08,15m,13.0,0.8571428571428571,0.013888888888888888,,
EUR,2015-08,15m,14.0,0.8095238095238095,0.0,,
EUR,2015-08,15m,15.0,0.8095238095238095,0.0,,
EUR,2015-08,15m,16.0,0.8095238095238095,0.014705882352941176,,
EUR,2015-08,15m,18.0,1.0,0.0,,
EUR,2015-08,15m,19.0,1.0,0.011363636363636364,,
EUR,2015-08,15m,20.0,1.0,0.03529411764705882,,
EUR,2015-08,15m,21.0,1.0,0.0,,
EUR,2015-08,15m,22.0,1.0,0.011904761904761904,,
EUR,2015-08,15m,23.0,1.0,0.0,,
EUR,2015-08,1h,,0.9753086419753086,0.002109704641350211,486.0,474.0
EUR,2015-08,1h,0.0,1.0,0.0,,
EUR,2015-08,1h,1.0,1.0,0.0,,
EUR,2015-08,1h,2.0,1.0,0.0,,
EUR,2015-08,1h,3.0,1.0,0.0,,
EUR,2015-08,1h,4.0,1.0,0.0,,
EUR,2015-08,1h,5.0,1.0,0.0,,
EUR,2015-08,1h,6.0,1.0,0.0,,
EUR,2015-08,1h,7.0,1.0,0.0,,
EUR,2015-08,1h,8.0,1.0,0.0,,
EUR,2015-08,1h,9.0,1.0,0.0,,
EUR,2015-08,1h,10.0,1.0,0.0,,
EUR,2015-08,1h,11.0,1.0,0.0,,
EUR,2015-08,1h,12.0,1.0,0.0,,
EUR,2015-08,1h,13.0,1.0,0.0,,
EUR,2015-08,1h,14.0,0.8095238095238095,0.0,,
EUR,2015-08,1h,15.0,0.8095238095238095,0.0,,
EUR,2015-08,1h,16.0,0.8095238095238095,0.0,,
EUR,2015-08,1h,18.0,1.0,0.0,,
EUR,2015-08,1h,19.0,1.0,0.0,,
EUR,2015-08,1h,20.0,1.0,0.0,,
EUR,2015-08,1h,21.0,1.0,0.0,,
EUR,2015-08,1h,22.0,1.0,0.0,,
EUR,2015-08,1h,23.0,1.0,0.0,,
EUR,2020-02,1m,,0.952391304347826,0.11500418473712243,27600.0,26286.0
EUR,2020-02,1m,0.0,1.0,0.06916666666666667,,
EUR,2020-02,1m,1.0,1.0,0.0625,,
EUR,2020-02,1m,2.0,1.0,0.07,,
EUR,2020-02,1m,3.0,1.0,0.05,,
EUR,2020-02,1m,4.0,1.0,0.043333333333333335,,
EUR,2020-02,1m,5.0,1.0,0.03333333333333333,,
EUR,2020-02,1m,6.0,1.0,0.04833333333333333,,
EUR,2020-02,1m,7.0,1.0,0.08916666666666667,,
EUR,2020-02,1m,8.0,0.9975,0.10192147034252297,,
EUR,2020-02,1m,9.0,0.9983333333333333,0.14524207011686144,,
EUR,2020-02,1m,10.0,1.0,0.13333333333333333,,
EUR,2020-02,1m,11.0,0.9941666666666666,0.16680637049455155,,
EUR,2020-02,1m,12.0,0.7641666666666667,0.20065430752453653,,
EUR,2020-02,1m,13.0,0.775,0.2591397849462366,,
EUR,2020-02,1m,14.0,0.7991666666666667,0.14389989572471323,,
EUR,2020-02,1m,15.0,0.8,0.15833333333333333,,
EUR,2020-02,1m,16.0,0.7983333333333333,0.1732776617954071,,
EUR,2020-02,1m,18.0,0.9891666666666666,0.2502106149957877,,
EUR,2020-02,1m,19.0,0.99,0.21043771043771045,,
EUR,2020-02,1m,20.0,0.9991666666666666,0.1317764804003336,,
EUR,2020-02,1m,21.0,1.0,0.065,,
EUR,2020-02,1m,22.0,1.0,0.04083333333333333,,
EUR,2020-02,1m,23.0,1.0,0.06,,
EUR,2020-02,15m,,0.9586956521739131,0.017573696145124718,1840.0,1764.0
EUR,2020-02,15m,0.0,1.0,0.0,,
EUR,2020-02,15m,1.0,1.0,0.0,,
EUR,2020-02,15m,2.0,1.0,0.0125,,
EUR,2020-02,15m,3.0,1.0,0.0,,
EUR,2020-02,15m,4.0,1.0,0.0125,,
EUR,2020-02,15m,5.0,1.0,0.0125,,
EUR,2020-02,15m,6.0,1.0,0.0,,
EUR,2020-02,15m,7.0,1.0,0.0,,
EUR,2020-02,15m,8.0,1.0,0.0125,,
EUR,2020-02,15m,9.0,1.0,0.025,,
EUR,2020-02,15m,10.0,1.0,0.0125,,
EUR,2020-02,15m,11.0,1.0,0.0125,,
EUR,2020-02,15m,12.0,0.85,0.029411764705882353,,
EUR,2020-02,15m,13.0,0.8,0.015625,,
EUR,2020-02,15m,14.0,0.8,0.0,,
EUR,2020-02,15m,15.0,0.8,0.015625,,
EUR,2020-02,15m,16.0,0.8,0.015625,,
EUR,2020-02,15m,18.0,1.0,0.0375,,
EUR,2020-02,15m,19.0,1.0,0.0125,,
EUR,2020-02,15m,20.0,1.0,0.0,,
EUR,2020-02,15m,21.0,1.0,0.0125,,
EUR,2020-02,15m,22.0,1.0,0.0,,
EUR,2020-02,15m,23.0,1.0,0.05,,
EUR,2020-02,1h,,0.9652173913043478,0.006756756756756757,460.0,444.0
EUR,2020-02,1h,0.0,1.0,0.0,,
EUR,2020-02,1h,1.0,1.0,0.0,,
EUR,2020-02,1h,2.0,1.0,0.0,,
EUR,2020-02,1h,3.0,1.0,0.0,,
EUR,2020-02,1h,4.0,1.0,0.0,,
EUR,2020-02,1h,5.0,1.0,0.0,,
EUR,2020-02,1h,6.0,1.0,0.0,,
EUR,2020-02,1h,7.0,1.0,0.0,,
EUR,2020-02,1h,8.0,1.0,0.0,,
EUR,2020-02,1h,9.0,1.0,0.0,,
EUR,2020-02,1h,10.0,1.0,0.0,,
EUR,2020-02,1h,11.0,1.0,0.0,,
EUR,2020-02,1h,12.0,1.0,0.0,,
EUR,2020-02,1h,13.0,0.8,0.0,,
EUR,2020-02,1h,14.0,0.8,0.0,,
EUR,2020-02,1h,15.0,0.8,0.0,,
EUR,2020-02,1h,16.0,0.8,0.0,,
EUR,2020-02,1h,18.0,1.0,0.0,,
EUR,2020-02,1h,19.0,1.0,0.0,,
EUR,2020-02,1h,20.0,1.0,0.0,,
EUR,2020-02,1h,21.0,1.0,0.0,,
EUR,2020-02,1h,22.0,1.0,0.0,,
EUR,2020-02,1h,23.0,1.0,0.0,,
EUR,2020-08,1m,,0.9622693378234425,0.06317180302110488,29101.0,28003.0
EUR,2020-08,1m,0.0,1.0,0.029365079365079365,,
EUR,2020-08,1m,1.0,1.0,0.03650793650793651,,
EUR,2020-08,1m,2.0,1.0,0.03492063492063492,,
EUR,2020-08,1m,3.0,1.0,0.03492063492063492,,
EUR,2020-08,1m,4.0,1.0,0.03333333333333333,,
EUR,2020-08,1m,5.0,1.0,0.026984126984126985,,
EUR,2020-08,1m,6.0,1.0,0.01984126984126984,,
EUR,2020-08,1m,7.0,1.0,0.027777777777777776,,
EUR,2020-08,1m,8.0,1.0,0.04523809523809524,,
EUR,2020-08,1m,9.0,1.0,0.04523809523809524,,
EUR,2020-08,1m,10.0,1.0,0.05555555555555555,,
EUR,2020-08,1m,11.0,0.9984126984126984,0.057233704292527825,,
EUR,2020-08,1m,12.0,0.9984126984126984,0.10492845786963434,,
EUR,2020-08,1m,13.0,0.7119047619047619,0.2686733556298774,,
EUR,2020-08,1m,14.0,0.8071428571428572,0.14355948869223206,,
EUR,2020-08,1m,15.0,0.8087301587301587,0.13444553483807656,,
EUR,2020-08,1m,16.0,0.8095238095238095,0.04803921568627451,,
EUR,2020-08,1m,18.0,0.9954545454545455,0.05251141552511415,,
EUR,2020-08,1m,19.0,1.0,0.09393939393939393,,
EUR,2020-08,1m,20.0,0.9992069785884219,0.07857142857142857,,
EUR,2020-08,1m,21.0,1.0,0.09047619047619047,,
EUR,2020-08,1m,22.0,1.0,0.034126984126984124,,
EUR,2020-08,1m,23.0,1.0,0.027777777777777776,,
EUR,2020-08,15m,,0.9690880989180835,0.009037745879851143,1941.0,1881.0
EUR,2020-08,15m,0.0,1.0,0.011904761904761904,,
EUR,2020-08,15m,1.0,1.0,0.0,,
EUR,2020-08,15m,2.0,1.0,0.0,,
EUR,2020-08,15m,3.0,1.0,0.0,,
EUR,2020-08,15m,4.0,1.0,0.011904761904761904,,
EUR,2020-08,15m,5.0,1.0,0.0,,
EUR,2020-08,15m,6.0,1.0,0.0,,
EUR,2020-08,15m,7.0,1.0,0.0,,
EUR,2020-08,15m,8.0,1.0,0.0,,
EUR,2020-08,15m,9.0,1.0,0.0,,
EUR,2020-08,15m,10.0,1.0,0.011904761904761904,,
EUR,2020-08,15m,11.0,1.0,0.011904761904761904,,
EUR,2020-08,15m,12.0,1.0,0.011904761904761904,,
EUR,2020-08,15m,13.0,0.8571428571428571,0.027777777777777776,,
EUR,2020-08,15m,14.0,0.8095238095238095,0.014705882352941176,,
EUR,2020-08,15m,15.0,0.8095238095238095,0.0,,
EUR,2020-08,15m,16.0,0.8095238095238095,0.0,,
EUR,2020-08,15m,18.0,1.0,0.011363636363636364,,
EUR,2020-08,15m,19.0,1.0,0.011363636363636364,,
EUR,2020-08,15m,20.0,1.0,0.011764705882352941,,
EUR,2020-08,15m,21.0,1.0,0.0,,
EUR,2020-08,15m,22.0,1.0,0.0,,
EUR,2020-08,15m,23.0,1.0,0.0,,
EUR,2020-08,1h,,0.9753086419753086,0.008438818565400843,486.0,474.0
EUR,2020-08,1h,0.0,1.0,0.0,,
EUR,2020-08,1h,1.0,1.0,0.0,,
EUR,2020-08,1h,2.0,1.0,0.0,,
EUR,2020-08,1h,3.0,1.0,0.0,,
EUR,2020-08,1h,4.0,1.0,0.0,,
EUR,2020-08,1h,5.0,1.0,0.0,,
EUR,2020-08,1h,6.0,1.0,0.0,,
EUR,2020-08,1h,7.0,1.0,0.0,,
EUR,2020-08,1h,8.0,1.0,0.0,,
EUR,2020-08,1h,9.0,1.0,0.0,,
EUR,2020-08,1h,10.0,1.0,0.0,,
EUR,2020-08,1h,11.0,1.0,0.0,,
EUR,2020-08,1h,12.0,1.0,0.0,,
EUR,2020-08,1h,13.0,1.0,0.0,,
EUR,2020-08,1h,14.0,0.8095238095238095,0.0,,
EUR,2020-08,1h,15.0,0.8095238095238095,0.0,,
EUR,2020-08,1h,16.0,0.8095238095238095,0.0,,
EUR,2020-08,1h,18.0,1.0,0.0,,
EUR,2020-08,1h,19.0,1.0,0.0,,
EUR,2020-08,1h,20.0,1.0,0.0,,
EUR,2020-08,1h,21.0,1.0,0.0,,
EUR,2020-08,1h,22.0,1.0,0.0,,
EUR,2020-08,1h,23.0,1.0,0.0,,
EUR,2025-02,1m,,0.9963768115942029,0.05745454545454545,27600.0,27500.0
EUR,2025-02,1m,0.0,0.995,0.07872696817420435,,
EUR,2025-02,1m,1.0,0.9966666666666667,0.057692307692307696,,
EUR,2025-02,1m,2.0,0.9991666666666666,0.043369474562135114,,
EUR,2025-02,1m,3.0,0.9983333333333333,0.027545909849749584,,
EUR,2025-02,1m,4.0,0.9975,0.03341687552213868,,
EUR,2025-02,1m,5.0,0.9991666666666666,0.04670558798999166,,
EUR,2025-02,1m,6.0,0.9983333333333333,0.05008347245409015,,
EUR,2025-02,1m,7.0,1.0,0.051666666666666666,,
EUR,2025-02,1m,8.0,0.9983333333333333,0.041736227045075125,,
EUR,2025-02,1m,9.0,0.9941666666666666,0.037720033528918694,,
EUR,2025-02,1m,10.0,0.9916666666666667,0.0226890756302521,,
EUR,2025-02,1m,11.0,0.9941666666666666,0.03185247275775356,,
EUR,2025-02,1m,12.0,0.9883333333333333,0.049747048903878585,,
EUR,2025-02,1m,13.0,0.9925,0.056255247691015954,,
EUR,2025-02,1m,14.0,0.9975,0.06432748538011696,,
EUR,2025-02,1m,15.0,0.9933333333333333,0.06711409395973154,,
EUR,2025-02,1m,16.0,0.9941666666666666,0.11986588432523052,,
EUR,2025-02,1m,18.0,0.9991666666666666,0.09841534612176814,,
EUR,2025-02,1m,19.0,0.9991666666666666,0.05587989991659716,,
EUR,2025-02,1m,20.0,0.9966666666666667,0.043478260869565216,,
EUR,2025-02,1m,21.0,0.9975,0.06432748538011696,,
EUR,2025-02,1m,22.0,0.9966666666666667,0.07357859531772576,,
EUR,2025-02,1m,23.0,0.9991666666666666,0.08507089241034195,,
EUR,2025-02,15m,,1.0,0.01684782608695652,1840.0,1840.0
EUR,2025-02,15m,0.0,1.0,0.0125,,
EUR,2025-02,15m,1.0,1.0,0.0,,
EUR,2025-02,15m,2.0,1.0,0.0,,
EUR,2025-02,15m,3.0,1.0,0.0125,,
EUR,2025-02,15m,4.0,1.0,0.0125,,
EUR,2025-02,15m,5.0,1.0,0.0125,,
EUR,2025-02,15m,6.0,1.0,0.0375,,
EUR,2025-02,15m,7.0,1.0,0.0,,
EUR,2025-02,15m,8.0,1.0,0.0125,,
EUR,2025-02,15m,9.0,1.0,0.0125,,
EUR,2025-02,15m,10.0,1.0,0.0,,
EUR,2025-02,15m,11.0,1.0,0.0,,
EUR,2025-02,15m,12.0,1.0,0.0,,
EUR,2025-02,15m,13.0,1.0,0.0125,,
EUR,2025-02,15m,14.0,1.0,0.0,,
EUR,2025-02,15m,15.0,1.0,0.025,,
EUR,2025-02,15m,16.0,1.0,0.0375,,
EUR,2025-02,15m,18.0,1.0,0.0125,,
EUR,2025-02,15m,19.0,1.0,0.05,,
EUR,2025-02,15m,20.0,1.0,0.025,,
EUR,2025-02,15m,21.0,1.0,0.0,,
EUR,2025-02,15m,22.0,1.0,0.0125,,
EUR,2025-02,15m,23.0,1.0,0.025,,
EUR,2025-02,1h,,1.0,0.002173913043478261,460.0,460.0
EUR,2025-02,1h,0.0,1.0,0.0,,
EUR,2025-02,1h,1.0,1.0,0.0,,
EUR,2025-02,1h,2.0,1.0,0.0,,
EUR,2025-02,1h,3.0,1.0,0.0,,
EUR,2025-02,1h,4.0,1.0,0.0,,
EUR,2025-02,1h,5.0,1.0,0.0,,
EUR,2025-02,1h,6.0,1.0,0.0,,
EUR,2025-02,1h,7.0,1.0,0.0,,
EUR,2025-02,1h,8.0,1.0,0.0,,
EUR,2025-02,1h,9.0,1.0,0.0,,
EUR,2025-02,1h,10.0,1.0,0.0,,
EUR,2025-02,1h,11.0,1.0,0.0,,
EUR,2025-02,1h,12.0,1.0,0.0,,
EUR,2025-02,1h,13.0,1.0,0.0,,
EUR,2025-02,1h,14.0,1.0,0.0,,
EUR,2025-02,1h,15.0,1.0,0.0,,
EUR,2025-02,1h,16.0,1.0,0.0,,
EUR,2025-02,1h,18.0,1.0,0.0,,
EUR,2025-02,1h,19.0,1.0,0.0,,
EUR,2025-02,1h,20.0,1.0,0.0,,
EUR,2025-02,1h,21.0,1.0,0.0,,
EUR,2025-02,1h,22.0,1.0,0.0,,
EUR,2025-02,1h,23.0,1.0,0.0,,
EUR,2025-08,1m,,0.9979986197377502,0.053592420994398725,28980.0,28922.0
EUR,2025-08,1m,0.0,1.0,0.07936507936507936,,
EUR,2025-08,1m,1.0,0.9992063492063492,0.06036536934074663,,
EUR,2025-08,1m,2.0,0.9976190476190476,0.031026252983293555,,
EUR,2025-08,1m,3.0,1.0,0.03888888888888889,,
EUR,2025-08,1m,4.0,0.9992063492063492,0.03891977760127085,,
EUR,2025-08,1m,5.0,0.996031746031746,0.04780876494023904,,
EUR,2025-08,1m,6.0,0.9968253968253968,0.05015923566878981,,
EUR,2025-08,1m,7.0,0.9992063492063492,0.04130262112787927,,
EUR,2025-08,1m,8.0,0.9984126984126984,0.029411764705882353,,
EUR,2025-08,1m,9.0,0.9976190476190476,0.015910898965791568,,
EUR,2025-08,1m,10.0,0.9912698412698413,0.024819855884707767,,
EUR,2025-08,1m,11.0,0.9984126984126984,0.03179650238473768,,
EUR,2025-08,1m,12.0,0.996031746031746,0.0350597609561753,,
EUR,2025-08,1m,13.0,0.996031746031746,0.03904382470119522,,
EUR,2025-08,1m,14.0,1.0,0.05952380952380952,,
EUR,2025-08,1m,15.0,0.9992063492063492,0.07466243050039714,,
EUR,2025-08,1m,16.0,1.0,0.08412698412698413,,
EUR,2025-08,1m,18.0,0.9968253968253968,0.11146496815286625,,
EUR,2025-08,1m,19.0,0.9944444444444445,0.09018355945730247,,
EUR,2025-08,1m,20.0,1.0,0.05476190476190476,,
EUR,2025-08,1m,21.0,1.0,0.046825396825396826,,
EUR,2025-08,1m,22.0,0.9976190476190476,0.06682577565632458,,
EUR,2025-08,1m,23.0,1.0,0.06666666666666667,,
EUR,2025-08,15m,,1.0,0.008799171842650104,1932.0,1932.0
EUR,2025-08,15m,0.0,1.0,0.0,,
EUR,2025-08,15m,1.0,1.0,0.0,,
EUR,2025-08,15m,2.0,1.0,0.0,,
EUR,2025-08,15m,3.0,1.0,0.0,,
EUR,2025-08,15m,4.0,1.0,0.0,,
EUR,2025-08,15m,5.0,1.0,0.011904761904761904,,
EUR,2025-08,15m,6.0,1.0,0.0,,
EUR,2025-08,15m,7.0,1.0,0.011904761904761904,,
EUR,2025-08,15m,8.0,1.0,0.011904761904761904,,
EUR,2025-08,15m,9.0,1.0,0.0,,
EUR,2025-08,15m,10.0,1.0,0.0,,
EUR,2025-08,15m,11.0,1.0,0.011904761904761904,,
EUR,2025-08,15m,12.0,1.0,0.0,,
EUR,2025-08,15m,13.0,1.0,0.011904761904761904,,
EUR,2025-08,15m,14.0,1.0,0.011904761904761904,,
EUR,2025-08,15m,15.0,1.0,0.0,,
EUR,2025-08,15m,16.0,1.0,0.023809523809523808,,
EUR,2025-08,15m,18.0,1.0,0.0,,
EUR,2025-08,15m,19.0,1.0,0.023809523809523808,,
EUR,2025-08,15m,20.0,1.0,0.0,,
EUR,2025-08,15m,21.0,1.0,0.0,,
EUR,2025-08,15m,22.0,1.0,0.011904761904761904,,
EUR,2025-08,15m,23.0,1.0,0.023809523809523808,,
EUR,2025-08,1h,,1.0,0.012422360248447204,483.0,483.0
EUR,2025-08,1h,0.0,1.0,0.0,,
EUR,2025-08,1h,1.0,1.0,0.0,,
EUR,2025-08,1h,2.0,1.0,0.0,,
EUR,2025-08,1h,3.0,1.0,0.0,,
EUR,2025-08,1h,4.0,1.0,0.0,,
EUR,2025-08,1h,5.0,1.0,0.0,,
EUR,2025-08,1h,6.0,1.0,0.0,,
EUR,2025-08,1h,7.0,1.0,0.0,,
EUR,2025-08,1h,8.0,1.0,0.0,,
EUR,2025-08,1h,9.0,1.0,0.0,,
EUR,2025-08,1h,10.0,1.0,0.0,,
EUR,2025-08,1h,11.0,1.0,0.0,,
EUR,2025-08,1h,12.0,1.0,0.0,,
EUR,2025-08,1h,13.0,1.0,0.0,,
EUR,2025-08,1h,14.0,1.0,0.0,,
EUR,2025-08,1h,15.0,1.0,0.0,,
EUR,2025-08,1h,16.0,1.0,0.0,,
EUR,2025-08,1h,18.0,1.0,0.0,,
EUR,2025-08,1h,19.0,1.0,0.0,,
EUR,2025-08,1h,20.0,1.0,0.0,,
EUR,2025-08,1h,21.0,1.0,0.0,,
EUR,2025-08,1h,22.0,1.0,0.0,,
EUR,2025-08,1h,23.0,1.0,0.0,,
JPY,2009-11,1m,,0.933370063014359,0.09252564007968715,29041.0,27106.0
JPY,2009-11,1m,0.0,0.9984126984126984,0.06915739268680444,,
JPY,2009-11,1m,1.0,0.9896825396825397,0.09141940657578188,,
JPY,2009-11,1m,2.0,0.9968253968253968,0.09713375796178345,,
JPY,2009-11,1m,3.0,0.9968253968253968,0.052547770700636945,,
JPY,2009-11,1m,4.0,0.9992063492063492,0.04686258935663225,,
JPY,2009-11,1m,5.0,0.9936507936507937,0.04712460063897764,,
JPY,2009-11,1m,6.0,1.0,0.06507936507936508,,
JPY,2009-11,1m,7.0,0.9984126984126984,0.0945945945945946,,
JPY,2009-11,1m,8.0,0.9714285714285714,0.12418300653594772,,
JPY,2009-11,1m,9.0,0.9571428571428572,0.12271973466003316,,
JPY,2009-11,1m,10.0,0.9650793650793651,0.16858552631578946,,
JPY,2009-11,1m,11.0,0.7579365079365079,0.1581151832460733,,
JPY,2009-11,1m,12.0,0.7095238095238096,0.1644295302013423,,
JPY,2009-11,1m,13.0,0.7571428571428571,0.11740041928721175,,
JPY,2009-11,1m,14.0,0.807936507936508,0.06679764243614932,,
JPY,2009-11,1m,15.0,0.8023809523809524,0.0771513353115727,,
JPY,2009-11,1m,16.0,0.8015873015873016,0.12871287128712872,,
JPY,2009-11,1m,18.0,0.9833333333333333,0.1024653312788906,,
JPY,2009-11,1m,19.0,0.985725614591594,0.11504424778761062,,
JPY,2009-11,1m,20.0,0.9944444444444445,0.09816440542697526,,
JPY,2009-11,1m,21.0,0.9984126984126984,0.04292527821939587,,
JPY,2009-11,1m,22.0,1.0,0.044444444444444446,,
JPY,2009-11,1m,23.0,1.0,0.05873015873015873,,
JPY,2009-11,15m,,0.9525038719669592,0.011924119241192412,1937.0,1845.0
JPY,2009-11,15m,0.0,1.0,0.0,,
JPY,2009-11,15m,1.0,1.0,0.023809523809523808,,
JPY,2009-11,15m,2.0,1.0,0.011904761904761904,,
JPY,2009-11,15m,3.0,1.0,0.011904761904761904,,
JPY,2009-11,15m,4.0,1.0,0.0,,
JPY,2009-11,15m,5.0,1.0,0.011904761904761904,,
JPY,2009-11,15m,6.0,1.0,0.0,,
JPY,2009-11,15m,7.0,1.0,0.011904761904761904,,
JPY,2009-11,15m,8.0,1.0,0.011904761904761904,,
JPY,2009-11,15m,9.0,1.0,0.023809523809523808,,
JPY,2009-11,15m,10.0,1.0,0.011904761904761904,,
JPY,2009-11,15m,11.0,0.8571428571428571,0.0,,
JPY,2009-11,15m,12.0,0.8095238095238095,0.0,,
JPY,2009-11,15m,13.0,0.8095238095238095,0.014705882352941176,,
JPY,2009-11,15m,14.0,0.8095238095238095,0.014705882352941176,,
JPY,2009-11,15m,15.0,0.8095238095238095,0.014705882352941176,,
JPY,2009-11,15m,16.0,0.8095238095238095,0.0,,
JPY,2009-11,15m,18.0,1.0,0.011363636363636364,,
JPY,2009-11,15m,19.0,1.0,0.011764705882352941,,
JPY,2009-11,15m,20.0,1.0,0.0,,
JPY,2009-11,15m,21.0,1.0,0.011904761904761904,,
JPY,2009-11,15m,22.0,1.0,0.011904761904761904,,
JPY,2009-11,15m,23.0,1.0,0.0,,
JPY,2009-11,1h,,0.9587628865979382,0.0064516129032258064,485.0,465.0
JPY,2009-11,1h,0.0,1.0,0.0,,
JPY,2009-11,1h,1.0,1.0,0.0,,
JPY,2009-11,1h,2.0,1.0,0.0,,
JPY,2009-11,1h,3.0,1.0,0.0,,
JPY,2009-11,1h,4.0,1.0,0.0,,
JPY,2009-11,1h,5.0,1.0,0.0,,
JPY,2009-11,1h,6.0,1.0,0.0,,
JPY,2009-11,1h,7.0,1.0,0.0,,
JPY,2009-11,1h,8.0,1.0,0.0,,
JPY,2009-11,1h,9.0,1.0,0.0,,
JPY,2009-11,1h,10.0,1.0,0.0,,
JPY,2009-11,1h,11.0,1.0,0.0,,
JPY,2009-11,1h,12.0,0.8095238095238095,0.0,,
JPY,2009-11,1h,13.0,0.8095238095238095,0.0,,
JPY,2009-11,1h,14.0,0.8095238095238095,0.0,,
JPY,2009-11,1h,15.0,0.8095238095238095,0.0,,
JPY,2009-11,1h,16.0,0.8095238095238095,0.0,,
JPY,2009-11,1h,18.0,1.0,0.0,,
JPY,2009-11,1h,19.0,1.0,0.0,,
JPY,2009-11,1h,20.0,1.0,0.0,,
JPY,2009-11,1h,21.0,1.0,0.0,,
JPY,2009-11,1h,22.0,1.0,0.0,,
JPY,2009-11,1h,23.0,1.0,0.0,,
JPY,2010-02,1m,,0.9293840579710145,0.09060075630579704,27600.0,25651.0
JPY,2010-02,1m,0.0,1.0,0.07,,
JPY,2010-02,1m,1.0,0.9991666666666666,0.06755629691409508,,
JPY,2010-02,1m,2.0,0.9966666666666667,0.06688963210702341,,
JPY,2010-02,1m,3.0,1.0,0.0475,,
JPY,2010-02,1m,4.0,0.9983333333333333,0.037562604340567615,,
JPY,2010-02,1m,5.0,1.0,0.03,,
JPY,2010-02,1m,6.0,0.9983333333333333,0.04424040066777963,,
JPY,2010-02,1m,7.0,0.9983333333333333,0.08931552587646077,,
JPY,2010-02,1m,8.0,0.9891666666666666,0.09856781802864364,,
JPY,2010-02,1m,9.0,0.9825,0.11280746395250212,,
JPY,2010-02,1m,10.0,0.9683333333333334,0.1351118760757315,,
JPY,2010-02,1m,11.0,0.7725,0.15965480043149946,,
JPY,2010-02,1m,12.0,0.7366666666666667,0.14027149321266968,,
JPY,2010-02,1m,13.0,0.7575,0.1342134213421342,,
JPY,2010-02,1m,14.0,0.755,0.0695364238410596,,
JPY,2010-02,1m,15.0,0.7825,0.11395101171458999,,
JPY,2010-02,1m,16.0,0.79,0.12974683544303797,,
JPY,2010-02,1m,18.0,0.965,0.15716753022452504,,
JPY,2010-02,1m,19.0,0.9266666666666666,0.14568345323741008,,
JPY,2010-02,1m,20.0,0.9591666666666666,0.10686359687228497,,
JPY,2010-02,1m,21.0,1.0,0.059166666666666666,,
JPY,2010-02,1m,22.0,1.0,0.04083333333333333,,
JPY,2010-02,1m,23.0,1.0,0.0575,,
JPY,2010-02,15m,,0.9456521739130435,0.013793103448275862,1840.0,1740.0
JPY,2010-02,15m,0.0,1.0,0.0,,
JPY,2010-02,15m,1.0,1.0,0.0125,,
JPY,2010-02,15m,2.0,1.0,0.0,,
JPY,2010-02,15m,3.0,1.0,0.0,,
JPY,2010-02,15m,4.0,1.0,0.0,,
JPY,2010-02,15m,5.0,1.0,0.0,,
JPY,2010-02,15m,6.0,1.0,0.0125,,
JPY,2010-02,15m,7.0,1.0,0.0125,,
JPY,2010-02,15m,8.0,1.0,0.0,,
JPY,2010-02,15m,9.0,1.0,0.0125,,
JPY,2010-02,15m,10.0,1.0,0.025,,
JPY,2010-02,15m,11.0,0.8625,0.043478260869565216,,
JPY,2010-02,15m,12.0,0.8,0.015625,,
JPY,2010-02,15m,13.0,0.8,0.015625,,
JPY,2010-02,15m,14.0,0.775,0.016129032258064516,,
JPY,2010-02,15m,15.0,0.7875,0.0,,
JPY,2010-02,15m,16.0,0.8,0.0,,
JPY,2010-02,15m,18.0,1.0,0.0375,,
JPY,2010-02,15m,19.0,0.9625,0.025974025974025976,,
JPY,2010-02,15m,20.0,0.9625,0.0,,
JPY,2010-02,15m,21.0,1.0,0.025,,
JPY,2010-02,15m,22.0,1.0,0.0,,
JPY,2010-02,15m,23.0,1.0,0.025,,
JPY,2010-02,1h,,0.9565217391304348,0.006818181818181818,460.0,440.0
JPY,2010-02,1h,0.0,1.0,0.0,,
JPY,2010-02,1h,1.0,1.0,0.0,,
JPY,2010-02,1h,2.0,1.0,0.0,,
JPY,2010-02,1h,3.0,1.0,0.0,,
JPY,2010-02,1h,4.0,1.0,0.0,,
JPY,2010-02,1h,5.0,1.0,0.0,,
JPY,2010-02,1h,6.0,1.0,0.0,,
JPY,2010-02,1h,7.0,1.0,0.0,,
JPY,2010-02,1h,8.0,1.0,0.0,,
JPY,2010-02,1h,9.0,1.0,0.05,,
JPY,2010-02,1h,10.0,1.0,0.0,,
JPY,2010-02,1h,11.0,1.0,0.0,,
JPY,2010-02,1h,12.0,0.85,0.0,,
JPY,2010-02,1h,13.0,0.8,0.0,,
JPY,2010-02,1h,14.0,0.8,0.0,,
JPY,2010-02,1h,15.0,0.8,0.0,,
JPY,2010-02,1h,16.0,0.8,0.0,,
JPY,2010-02,1h,18.0,1.0,0.0,,
JPY,2010-02,1h,19.0,1.0,0.0,,
JPY,2010-02,1h,20.0,0.95,0.0,,
JPY,2010-02,1h,21.0,1.0,0.0,,
JPY,2010-02,1h,22.0,1.0,0.0,,
JPY,2010-02,1h,23.0,1.0,0.0,,
JPY,2010-08,1m,,0.9589252321118074,0.08624995723425365,30481.0,29229.0
JPY,2010-08,1m,0.0,1.0,0.06439393939393939,,
JPY,2010-08,1m,1.0,1.0,0.07121212121212121,,
JPY,2010-08,1m,2.0,0.9992424242424243,0.0887035633055345,,
JPY,2010-08,1m,3.0,1.0,0.07878787878787878,,
JPY,2010-08,1m,4.0,1.0,0.04015151515151515,,
JPY,2010-08,1m,5.0,1.0,0.037121212121212124,,
JPY,2010-08,1m,6.0,1.0,0.035606060606060606,,
JPY,2010-08,1m,7.0,1.0,0.04696969696969697,,
JPY,2010-08,1m,8.0,1.0,0.08409090909090909,,
JPY,2010-08,1m,9.0,0.9984848484848485,0.10318664643399089,,
JPY,2010-08,1m,10.0,1.0,0.07803030303030303,,
JPY,2010-08,1m,11.0,1.0,0.0893939393939394,,
JPY,2010-08,1m,12.0,0.8234848484848485,0.12787488500459981,,
JPY,2010-08,1m,13.0,0.7931818181818182,0.1413562559694365,,
JPY,2010-08,1m,14.0,0.8090909090909091,0.14232209737827714,,
JPY,2010-08,1m,15.0,0.8166666666666667,0.09925788497217068,,
JPY,2010-08,1m,16.0,0.8181818181818182,0.06296296296296296,,
JPY,2010-08,1m,18.0,0.9985507246376811,0.10014513788098693,,
JPY,2010-08,1m,19.0,0.9978260869565218,0.12127814088598403,,
JPY,2010-08,1m,20.0,0.9992429977289932,0.11818181818181818,,
JPY,2010-08,1m,21.0,0.9977272727272727,0.13059984813971146,,
JPY,2010-08,1m,22.0,1.0,0.06893939393939394,,
JPY,2010-08,1m,23.0,1.0,0.06136363636363636,,
JPY,2010-08,15m,,0.9636005902606984,0.013272077590607452,2033.0,1959.0
JPY,2010-08,15m,0.0,1.0,0.011363636363636364,,
JPY,2010-08,15m,1.0,1.0,0.022727272727272728,,
JPY,2010-08,15m,2.0,1.0,0.0,,
JPY,2010-08,15m,3.0,1.0,0.0,,
JPY,2010-08,15m,4.0,1.0,0.0,,
JPY,2010-08,15m,5.0,1.0,0.022727272727272728,,
JPY,2010-08,15m,6.0,1.0,0.0,,
JPY,2010-08,15m,7.0,1.0,0.0,,
JPY,2010-08,15m,8.0,1.0,0.011363636363636364,,
JPY,2010-08,15m,9.0,1.0,0.022727272727272728,,
JPY,2010-08,15m,10.0,1.0,0.011363636363636364,,
JPY,2010-08,15m,11.0,1.0,0.011363636363636364,,
JPY,2010-08,15m,12.0,0.8863636363636364,0.0,,
JPY,2010-08,15m,13.0,0.8181818181818182,0.027777777777777776,,
JPY,2010-08,15m,14.0,0.8181818181818182,0.041666666666666664,,
JPY,2010-08,15m,15.0,0.8181818181818182,0.013888888888888888,,
JPY,2010-08,15m,16.0,0.8181818181818182,0.0,,
JPY,2010-08,15m,18.0,1.0,0.0,,
JPY,2010-08,15m,19.0,1.0,0.0,,
JPY,2010-08,15m,20.0,1.0,0.0,,
JPY,2010-08,15m,21.0,1.0,0.011363636363636364,,
JPY,2010-08,15m,22.0,1.0,0.022727272727272728,,
JPY,2010-08,15m,23.0,1.0,0.011363636363636364,,
JPY,2010-08,1h,,0.9724950884086444,0.006060606060606061,509.0,495.0
JPY,2010-08,1h,0.0,1.0,0.0,,
JPY,2010-08,1h,1.0,1.0,0.0,,
JPY,2010-08,1h,2.0,1.0,0.0,,
JPY,2010-08,1h,3.0,1.0,0.0,,
JPY,2010-08,1h,4.0,1.0,0.0,,
JPY,2010-08,1h,5.0,1.0,0.0,,
JPY,2010-08,1h,6.0,1.0,0.0,,
JPY,2010-08,1h,7.0,1.0,0.045454545454545456,,
JPY,2010-08,1h,8.0,1.0,0.0,,
JPY,2010-08,1h,9.0,1.0,0.0,,
JPY,2010-08,1h,10.0,1.0,0.0,,
JPY,2010-08,1h,11.0,1.0,0.0,,
JPY,2010-08,1h,12.0,1.0,0.0,,
JPY,2010-08,1h,13.0,0.9090909090909091,0.0,,
JPY,2010-08,1h,14.0,0.8181818181818182,0.0,,
JPY,2010-08,1h,15.0,0.8181818181818182,0.0,,
JPY,2010-08,1h,16.0,0.8181818181818182,0.0,,
JPY,2010-08,1h,18.0,1.0,0.0,,
JPY,2010-08,1h,19.0,1.0,0.0,,
JPY,2010-08,1h,20.0,1.0,0.0,,
JPY,2010-08,1h,21.0,1.0,0.0,,
JPY,2010-08,1h,22.0,1.0,0.0,,
JPY,2010-08,1h,23.0,1.0,0.0,,
JPY,2015-02,1m,,0.9560507246376811,0.05650509720695797,27600.0,26387.0
JPY,2015-02,1m,0.0,1.0,0.04666666666666667,,
JPY,2015-02,1m,1.0,1.0,0.060833333333333336,,
JPY,2015-02,1m,2.0,1.0,0.058333333333333334,,
JPY,2015-02,1m,3.0,1.0,0.03666666666666667,,
JPY,2015-02,1m,4.0,1.0,0.03333333333333333,,
JPY,2015-02,1m,5.0,1.0,0.021666666666666667,,
JPY,2015-02,1m,6.0,1.0,0.03833333333333333,,
JPY,2015-02,1m,7.0,1.0,0.043333333333333335,,
JPY,2015-02,1m,8.0,0.9991666666666666,0.05337781484570475,,
JPY,2015-02,1m,9.0,1.0,0.06666666666666667,,
JPY,2015-02,1m,10.0,1.0,0.04583333333333333,,
JPY,2015-02,1m,11.0,0.9966666666666667,0.07274247491638795,,
JPY,2015-02,1m,12.0,0.7966666666666666,0.08786610878661087,,
JPY,2015-02,1m,13.0,0.7991666666666667,0.06465067778936393,,
JPY,2015-02,1m,14.0,0.8,0.051041666666666666,,
JPY,2015-02,1m,15.0,0.8,0.051041666666666666,,
JPY,2015-02,1m,16.0,0.8,0.06770833333333333,,
JPY,2015-02,1m,18.0,0.9991666666666666,0.06922435362802336,,
JPY,2015-02,1m,19.0,0.9991666666666666,0.0817347789824854,,
JPY,2015-02,1m,20.0,0.9991666666666666,0.0817347789824854,,
JPY,2015-02,1m,21.0,1.0,0.059166666666666666,,
JPY,2015-02,1m,22.0,1.0,0.04833333333333333,,
JPY,2015-02,1m,23.0,1.0,0.05333333333333334,,
JPY,2015-02,15m,,0.9586956521739131,0.01020408163265306,1840.0,1764.0
JPY,2015-02,15m,0.0,1.0,0.0,,
JPY,2015-02,15m,1.0,1.0,0.0125,,
JPY,2015-02,15m,2.0,1.0,0.0,,
JPY,2015-02,15m,3.0,1.0,0.0125,,
JPY,2015-02,15m,4.0,1.0,0.0,,
JPY,2015-02,15m,5.0,1.0,0.0,,
JPY,2015-02,15m,6.0,1.0,0.0,,
JPY,2015-02,15m,7.0,1.0,0.0,,
JPY,2015-02,15m,8.0,1.0,0.0,,
JPY,2015-02,15m,9.0,1.0,0.0,,
JPY,2015-02,15m,10.0,1.0,0.025,,
JPY,2015-02,15m,11.0,1.0,0.0,,
JPY,2015-02,15m,12.0,0.85,0.014705882352941176,,
JPY,2015-02,15m,13.0,0.8,0.0,,
JPY,2015-02,15m,14.0,0.8,0.0,,
JPY,2015-02,15m,15.0,0.8,0.0,,
JPY,2015-02,15m,16.0,0.8,0.0,,
JPY,2015-02,15m,18.0,1.0,0.0125,,
JPY,2015-02,15m,19.0,1.0,0.0,,
JPY,2015-02,15m,20.0,1.0,0.0,,
JPY,2015-02,15m,21.0,1.0,0.0125,,
JPY,2015-02,15m,22.0,1.0,0.0125,,
JPY,2015-02,15m,23.0,1.0,0.025,,
JPY,2015-02,1h,,0.9652173913043478,0.006756756756756757,460.0,444.0
JPY,2015-02,1h,0.0,1.0,0.0,,
JPY,2015-02,1h,1.0,1.0,0.0,,
JPY,2015-02,1h,2.0,1.0,0.0,,
JPY,2015-02,1h,3.0,1.0,0.0,,
JPY,2015-02,1h,4.0,1.0,0.0,,
JPY,2015-02,1h,5.0,1.0,0.0,,
JPY,2015-02,1h,6.0,1.0,0.0,,
JPY,2015-02,1h,7.0,1.0,0.0,,
JPY,2015-02,1h,8.0,1.0,0.0,,
JPY,2015-02,1h,9.0,1.0,0.0,,
JPY,2015-02,1h,10.0,1.0,0.0,,
JPY,2015-02,1h,11.0,1.0,0.0,,
JPY,2015-02,1h,12.0,1.0,0.0,,
JPY,2015-02,1h,13.0,0.8,0.0,,
JPY,2015-02,1h,14.0,0.8,0.0,,
JPY,2015-02,1h,15.0,0.8,0.0,,
JPY,2015-02,1h,16.0,0.8,0.0,,
JPY,2015-02,1h,18.0,1.0,0.0,,
JPY,2015-02,1h,19.0,1.0,0.0,,
JPY,2015-02,1h,20.0,1.0,0.0,,
JPY,2015-02,1h,21.0,1.0,0.0,,
JPY,2015-02,1h,22.0,1.0,0.0,,
JPY,2015-02,1h,23.0,1.0,0.0,,
JPY,2015-08,1m,,0.966014913576853,0.06306915196357428,29101.0,28112.0
JPY,2015-08,1m,0.0,1.0,0.049206349206349205,,
JPY,2015-08,1m,1.0,1.0,0.046825396825396826,,
JPY,2015-08,1m,2.0,1.0,0.06746031746031746,,
JPY,2015-08,1m,3.0,1.0,0.049206349206349205,,
JPY,2015-08,1m,4.0,1.0,0.03333333333333333,,
JPY,2015-08,1m,5.0,1.0,0.030952380952380953,,
JPY,2015-08,1m,6.0,1.0,0.027777777777777776,,
JPY,2015-08,1m,7.0,1.0,0.03571428571428571,,
JPY,2015-08,1m,8.0,1.0,0.05238095238095238,,
JPY,2015-08,1m,9.0,1.0,0.05634920634920635,,
JPY,2015-08,1m,10.0,1.0,0.06587301587301587,,
JPY,2015-08,1m,11.0,1.0,0.06746031746031746,,
JPY,2015-08,1m,12.0,0.9992063492063492,0.10007942811755362,,
JPY,2015-08,1m,13.0,0.7888888888888889,0.1851106639839034,,
JPY,2015-08,1m,14.0,0.8087301587301587,0.13542688910696762,,
JPY,2015-08,1m,15.0,0.8095238095238095,0.07941176470588235,,
JPY,2015-08,1m,16.0,0.8095238095238095,0.054901960784313725,,
JPY,2015-08,1m,18.0,1.0,0.051515151515151514,,
JPY,2015-08,1m,19.0,1.0,0.07954545454545454,,
JPY,2015-08,1m,20.0,0.9992069785884219,0.07222222222222222,,
JPY,2015-08,1m,21.0,1.0,0.06349206349206349,,
JPY,2015-08,1m,22.0,1.0,0.0380952380952381,,
JPY,2015-08,1m,23.0,1.0,0.034126984126984124,,
JPY,2015-08,15m,,0.9690880989180835,0.011695906432748537,1941.0,1881.0
JPY,2015-08,15m,0.0,1.0,0.0,,
JPY,2015-08,15m,1.0,1.0,0.0,,
JPY,2015-08,15m,2.0,1.0,0.011904761904761904,,
JPY,2015-08,15m,3.0,1.0,0.0,,
JPY,2015-08,15m,4.0,1.0,0.0,,
JPY,2015-08,15m,5.0,1.0,0.0,,
JPY,2015-08,15m,6.0,1.0,0.011904761904761904,,
JPY,2015-08,15m,7.0,1.0,0.011904761904761904,,
JPY,2015-08,15m,8.0,1.0,0.0,,
JPY,2015-08,15m,9.0,1.0,0.0,,
JPY,2015-08,15m,10.0,1.0,0.023809523809523808,,
JPY,2015-08,15m,11.0,1.0,0.011904761904761904,,
JPY,2015-08,15m,12.0,1.0,0.0,,
JPY,2015-08,15m,13.0,0.8571428571428571,0.0,,
JPY,2015-08,15m,14.0,0.8095238095238095,0.0,,
JPY,2015-08,15m,15.0,0.8095238095238095,0.0,,
JPY,2015-08,15m,16.0,0.8095238095238095,0.014705882352941176,,
JPY,2015-08,15m,18.0,1.0,0.011363636363636364,,
JPY,2015-08,15m,19.0,1.0,0.0,,
JPY,2015-08,15m,20.0,1.0,0.03529411764705882,,
JPY,2015-08,15m,21.0,1.0,0.011904761904761904,,
JPY,2015-08,15m,22.0,1.0,0.023809523809523808,,
JPY,2015-08,15m,23.0,1.0,0.0,,
JPY,2015-08,1h,,0.9753086419753086,0.004219409282700422,486.0,474.0
JPY,2015-08,1h,0.0,1.0,0.0,,
JPY,2015-08,1h,1.0,1.0,0.0,,
JPY,2015-08,1h,2.0,1.0,0.0,,
JPY,2015-08,1h,3.0,1.0,0.0,,
JPY,2015-08,1h,4.0,1.0,0.0,,
JPY,2015-08,1h,5.0,1.0,0.0,,
JPY,2015-08,1h,6.0,1.0,0.047619047619047616,,
JPY,2015-08,1h,7.0,1.0,0.0,,
JPY,2015-08,1h,8.0,1.0,0.0,,
JPY,2015-08,1h,9.0,1.0,0.0,,
JPY,2015-08,1h,10.0,1.0,0.0,,
JPY,2015-08,1h,11.0,1.0,0.0,,
JPY,2015-08,1h,12.0,1.0,0.0,,
JPY,2015-08,1h,13.0,1.0,0.0,,
JPY,2015-08,1h,14.0,0.8095238095238095,0.0,,
JPY,2015-08,1h,15.0,0.8095238095238095,0.0,,
JPY,2015-08,1h,16.0,0.8095238095238095,0.0,,
JPY,2015-08,1h,18.0,1.0,0.0,,
JPY,2015-08,1h,19.0,1.0,0.0,,
JPY,2015-08,1h,20.0,1.0,0.0,,
JPY,2015-08,1h,21.0,1.0,0.0,,
JPY,2015-08,1h,22.0,1.0,0.0,,
JPY,2015-08,1h,23.0,1.0,0.0,,
JPY,2020-02,1m,,0.9546739130434783,0.08797297810163573,27600.0,26349.0
JPY,2020-02,1m,0.0,1.0,0.0775,,
JPY,2020-02,1m,1.0,1.0,0.07666666666666666,,
JPY,2020-02,1m,2.0,1.0,0.07416666666666667,,
JPY,2020-02,1m,3.0,1.0,0.0625,,
JPY,2020-02,1m,4.0,0.9991666666666666,0.045871559633027525,,
JPY,2020-02,1m,5.0,1.0,0.04583333333333333,,
JPY,2020-02,1m,6.0,1.0,0.055,,
JPY,2020-02,1m,7.0,0.9975,0.0860484544695071,,
JPY,2020-02,1m,8.0,0.9975,0.07936507936507936,,
JPY,2020-02,1m,9.0,0.9925,0.10243492863140219,,
JPY,2020-02,1m,10.0,0.9958333333333333,0.10125523012552301,,
JPY,2020-02,1m,11.0,0.9975,0.15622389306599832,,
JPY,2020-02,1m,12.0,0.7783333333333333,0.21627408993576017,,
JPY,2020-02,1m,13.0,0.8,0.115625,,
JPY,2020-02,1m,14.0,0.8,0.06041666666666667,,
JPY,2020-02,1m,15.0,0.8,0.058333333333333334,,
JPY,2020-02,1m,16.0,0.8,0.06666666666666667,,
JPY,2020-02,1m,18.0,1.0,0.13,,
JPY,2020-02,1m,19.0,0.9991666666666666,0.11676396997497915,,
JPY,2020-02,1m,20.0,1.0,0.1025,,
JPY,2020-02,1m,21.0,1.0,0.07583333333333334,,
JPY,2020-02,1m,22.0,1.0,0.0575,,
JPY,2020-02,1m,23.0,1.0,0.0625,,
JPY,2020-02,15m,,0.9586956521739131,0.025510204081632654,1840.0,1764.0
JPY,2020-02,15m,0.0,1.0,0.0,,
JPY,2020-02,15m,1.0,1.0,0.0,,
JPY,2020-02,15m,2.0,1.0,0.0125,,
JPY,2020-02,15m,3.0,1.0,0.0125,,
JPY,2020-02,15m,4.0,1.0,0.0,,
JPY,2020-02,15m,5.0,1.0,0.0,,
JPY,2020-02,15m,6.0,1.0,0.0125,,
JPY,2020-02,15m,7.0,1.0,0.0,,
JPY,2020-02,15m,8.0,1.0,0.0375,,
JPY,2020-02,15m,9.0,1.0,0.0125,,
JPY,2020-02,15m,10.0,1.0,0.075,,
JPY,2020-02,15m,11.0,1.0,0.0375,,
JPY,2020-02,15m,12.0,0.85,0.10294117647058823,,
JPY,2020-02,15m,13.0,0.8,0.03125,,
JPY,2020-02,15m,14.0,0.8,0.0,,
JPY,2020-02,15m,15.0,0.8,0.0,,
JPY,2020-02,15m,16.0,0.8,0.015625,,
JPY,2020-02,15m,18.0,1.0,0.0125,,
JPY,2020-02,15m,19.0,1.0,0.0375,,
JPY,2020-02,15m,20.0,1.0,0.075,,
JPY,2020-02,15m,21.0,1.0,0.0375,,
JPY,2020-02,15m,22.0,1.0,0.0125,,
JPY,2020-02,15m,23.0,1.0,0.0,,
JPY,2020-02,1h,,0.9652173913043478,0.01126126126126126,460.0,444.0
JPY,2020-02,1h,0.0,1.0,0.0,,
JPY,2020-02,1h,1.0,1.0,0.0,,
JPY,2020-02,1h,2.0,1.0,0.0,,
JPY,2020-02,1h,3.0,1.0,0.0,,
JPY,2020-02,1h,4.0,1.0,0.0,,
JPY,2020-02,1h,5.0,1.0,0.0,,
JPY,2020-02,1h,6.0,1.0,0.0,,
JPY,2020-02,1h,7.0,1.0,0.0,,
JPY,2020-02,1h,8.0,1.0,0.0,,
JPY,2020-02,1h,9.0,1.0,0.0,,
JPY,2020-02,1h,10.0,1.0,0.0,,
JPY,2020-02,1h,11.0,1.0,0.0,,
JPY,2020-02,1h,12.0,1.0,0.0,,
JPY,2020-02,1h,13.0,0.8,0.0,,
JPY,2020-02,1h,14.0,0.8,0.0,,
JPY,2020-02,1h,15.0,0.8,0.0,,
JPY,2020-02,1h,16.0,0.8,0.0,,
JPY,2020-02,1h,18.0,1.0,0.0,,
JPY,2020-02,1h,19.0,1.0,0.0,,
JPY,2020-02,1h,20.0,1.0,0.0,,
JPY,2020-02,1h,21.0,1.0,0.0,,
JPY,2020-02,1h,22.0,1.0,0.0,,
JPY,2020-02,1h,23.0,1.0,0.0,,
JPY,2020-08,1m,,0.9623037009037491,0.07781031281245536,29101.0,28004.0
JPY,2020-08,1m,0.0,1.0,0.04206349206349207,,
JPY,2020-08,1m,1.0,1.0,0.05714285714285714,,
JPY,2020-08,1m,2.0,1.0,0.06349206349206349,,
JPY,2020-08,1m,3.0,1.0,0.04365079365079365,,
JPY,2020-08,1m,4.0,1.0,0.04126984126984127,,
JPY,2020-08,1m,5.0,1.0,0.03333333333333333,,
JPY,2020-08,1m,6.0,1.0,0.025396825396825397,,
JPY,2020-08,1m,7.0,1.0,0.04523809523809524,,
JPY,2020-08,1m,8.0,1.0,0.05634920634920635,,
JPY,2020-08,1m,9.0,1.0,0.06746031746031746,,
JPY,2020-08,1m,10.0,1.0,0.07380952380952381,,
JPY,2020-08,1m,11.0,0.9984126984126984,0.09538950715421304,,
JPY,2020-08,1m,12.0,0.9968253968253968,0.12818471337579618,,
JPY,2020-08,1m,13.0,0.7158730158730159,0.29711751662971175,,
JPY,2020-08,1m,14.0,0.807936507936508,0.13948919449901767,,
JPY,2020-08,1m,15.0,0.8087301587301587,0.1197252208047105,,
JPY,2020-08,1m,16.0,0.8095238095238095,0.03823529411764706,,
JPY,2020-08,1m,18.0,0.9939393939393939,0.08917682926829268,,
JPY,2020-08,1m,19.0,1.0,0.10606060606060606,,
JPY,2020-08,1m,20.0,0.9984139571768438,0.08022239872915012,,
JPY,2020-08,1m,21.0,1.0,0.0880952380952381,,
JPY,2020-08,1m,22.0,1.0,0.05873015873015873,,
JPY,2020-08,1m,23.0,1.0,0.05555555555555555,,
JPY,2020-08,15m,,0.9685729005667182,0.014893617021276596,1941.0,1880.0
JPY,2020-08,15m,0.0,1.0,0.0,,
JPY,2020-08,15m,1.0,1.0,0.011904761904761904,,
JPY,2020-08,15m,2.0,1.0,0.0,,
JPY,2020-08,15m,3.0,1.0,0.023809523809523808,,
JPY,2020-08,15m,4.0,1.0,0.0,,
JPY,2020-08,15m,5.0,1.0,0.011904761904761904,,
JPY,2020-08,15m,6.0,1.0,0.0,,
JPY,2020-08,15m,7.0,1.0,0.011904761904761904,,
JPY,2020-08,15m,8.0,1.0,0.011904761904761904,,
JPY,2020-08,15m,9.0,1.0,0.023809523809523808,,
JPY,2020-08,15m,10.0,1.0,0.011904761904761904,,
JPY,2020-08,15m,11.0,1.0,0.0,,
JPY,2020-08,15m,12.0,1.0,0.0,,
JPY,2020-08,15m,13.0,0.8452380952380952,0.056338028169014086,,
JPY,2020-08,15m,14.0,0.8095238095238095,0.014705882352941176,,
JPY,2020-08,15m,15.0,0.8095238095238095,0.0,,
JPY,2020-08,15m,16.0,0.8095238095238095,0.014705882352941176,,
JPY,2020-08,15m,18.0,1.0,0.03409090909090909,,
JPY,2020-08,15m,19.0,1.0,0.022727272727272728,,
JPY,2020-08,15m,20.0,1.0,0.047058823529411764,,
JPY,2020-08,15m,21.0,1.0,0.0,,
JPY,2020-08,15m,22.0,1.0,0.0,,
JPY,2020-08,15m,23.0,1.0,0.023809523809523808,,
JPY,2020-08,1h,,0.9753086419753086,0.010548523206751054,486.0,474.0
JPY,2020-08,1h,0.0,1.0,0.0,,
JPY,2020-08,1h,1.0,1.0,0.0,,
JPY,2020-08,1h,2.0,1.0,0.0,,
JPY,2020-08,1h,3.0,1.0,0.0,,
JPY,2020-08,1h,4.0,1.0,0.0,,
JPY,2020-08,1h,5.0,1.0,0.0,,
JPY,2020-08,1h,6.0,1.0,0.0,,
JPY,2020-08,1h,7.0,1.0,0.0,,
JPY,2020-08,1h,8.0,1.0,0.0,,
JPY,2020-08,1h,9.0,1.0,0.0,,
JPY,2020-08,1h,10.0,1.0,0.0,,
JPY,2020-08,1h,11.0,1.0,0.0,,
JPY,2020-08,1h,12.0,1.0,0.0,,
JPY,2020-08,1h,13.0,1.0,0.0,,
JPY,2020-08,1h,14.0,0.8095238095238095,0.0,,
JPY,2020-08,1h,15.0,0.8095238095238095,0.0,,
JPY,2020-08,1h,16.0,0.8095238095238095,0.0,,
JPY,2020-08,1h,18.0,1.0,0.09090909090909091,,
JPY,2020-08,1h,19.0,1.0,0.0,,
JPY,2020-08,1h,20.0,1.0,0.0,,
JPY,2020-08,1h,21.0,1.0,0.0,,
JPY,2020-08,1h,22.0,1.0,0.0,,
JPY,2020-08,1h,23.0,1.0,0.0,,
JPY,2025-02,1m,,0.996268115942029,0.0002909408299087173,27600.0,27497.0
JPY,2025-02,1m,0.0,0.9975,0.0,,
JPY,2025-02,1m,1.0,0.9983333333333333,0.0,,
JPY,2025-02,1m,2.0,0.9983333333333333,0.0008347245409015025,,
JPY,2025-02,1m,3.0,0.9966666666666667,0.0,,
JPY,2025-02,1m,4.0,0.9958333333333333,0.0,,
JPY,2025-02,1m,5.0,0.9991666666666666,0.0,,
JPY,2025-02,1m,6.0,0.9983333333333333,0.0,,
JPY,2025-02,1m,7.0,1.0,0.0008333333333333334,,
JPY,2025-02,1m,8.0,0.995,0.0,,
JPY,2025-02,1m,9.0,0.9966666666666667,0.0,,
JPY,2025-02,1m,10.0,0.9933333333333333,0.0,,
JPY,2025-02,1m,11.0,0.9958333333333333,0.0,,
JPY,2025-02,1m,12.0,0.9883333333333333,0.0,,
JPY,2025-02,1m,13.0,0.9891666666666666,0.0,,
JPY,2025-02,1m,14.0,0.9958333333333333,0.0,,
JPY,2025-02,1m,15.0,0.9933333333333333,0.0,,
JPY,2025-02,1m,16.0,0.9941666666666666,0.0,,
JPY,2025-02,1m,18.0,0.9983333333333333,0.0008347245409015025,,
JPY,2025-02,1m,19.0,0.9983333333333333,0.0008347245409015025,,
JPY,2025-02,1m,20.0,0.9975,0.000835421888053467,,
JPY,2025-02,1m,21.0,0.9983333333333333,0.001669449081803005,,
JPY,2025-02,1m,22.0,0.9975,0.000835421888053467,,
JPY,2025-02,1m,23.0,0.9983333333333333,0.0,,
JPY,2025-02,15m,,1.0,0.0,1840.0,1840.0
JPY,2025-02,15m,0.0,1.0,0.0,,
JPY,2025-02,15m,1.0,1.0,0.0,,
JPY,2025-02,15m,2.0,1.0,0.0,,
JPY,2025-02,15m,3.0,1.0,0.0,,
JPY,2025-02,15m,4.0,1.0,0.0,,
JPY,2025-02,15m,5.0,1.0,0.0,,
JPY,2025-02,15m,6.0,1.0,0.0,,
JPY,2025-02,15m,7.0,1.0,0.0,,
JPY,2025-02,15m,8.0,1.0,0.0,,
JPY,2025-02,15m,9.0,1.0,0.0,,
JPY,2025-02,15m,10.0,1.0,0.0,,
JPY,2025-02,15m,11.0,1.0,0.0,,
JPY,2025-02,15m,12.0,1.0,0.0,,
JPY,2025-02,15m,13.0,1.0,0.0,,
JPY,2025-02,15m,14.0,1.0,0.0,,
JPY,2025-02,15m,15.0,1.0,0.0,,
JPY,2025-02,15m,16.0,1.0,0.0,,
JPY,2025-02,15m,18.0,1.0,0.0,,
JPY,2025-02,15m,19.0,1.0,0.0,,
JPY,2025-02,15m,20.0,1.0,0.0,,
JPY,2025-02,15m,21.0,1.0,0.0,,
JPY,2025-02,15m,22.0,1.0,0.0,,
JPY,2025-02,15m,23.0,1.0,0.0,,
JPY,2025-02,1h,,1.0,0.0,460.0,460.0
JPY,2025-02,1h,0.0,1.0,0.0,,
JPY,2025-02,1h,1.0,1.0,0.0,,
JPY,2025-02,1h,2.0,1.0,0.0,,
JPY,2025-02,1h,3.0,1.0,0.0,,
JPY,2025-02,1h,4.0,1.0,0.0,,
JPY,2025-02,1h,5.0,1.0,0.0,,
JPY,2025-02,1h,6.0,1.0,0.0,,
JPY,2025-02,1h,7.0,1.0,0.0,,
JPY,2025-02,1h,8.0,1.0,0.0,,
JPY,2025-02,1h,9.0,1.0,0.0,,
JPY,2025-02,1h,10.0,1.0,0.0,,
JPY,2025-02,1h,11.0,1.0,0.0,,
JPY,2025-02,1h,12.0,1.0,0.0,,
JPY,2025-02,1h,13.0,1.0,0.0,,
JPY,2025-02,1h,14.0,1.0,0.0,,
JPY,2025-02,1h,15.0,1.0,0.0,,
JPY,2025-02,1h,16.0,1.0,0.0,,
JPY,2025-02,1h,18.0,1.0,0.0,,
JPY,2025-02,1h,19.0,1.0,0.0,,
JPY,2025-02,1h,20.0,1.0,0.0,,
JPY,2025-02,1h,21.0,1.0,0.0,,
JPY,2025-02,1h,22.0,1.0,0.0,,
JPY,2025-02,1h,23.0,1.0,0.0,,
JPY,2025-08,1m,,0.9978951000690132,0.0022476572495591135,28980.0,28919.0
JPY,2025-08,1m,0.0,0.9976190476190476,0.0031821797931583136,,
JPY,2025-08,1m,1.0,1.0,0.002380952380952381,,
JPY,2025-08,1m,2.0,0.9984126984126984,0.001589825119236884,,
JPY,2025-08,1m,3.0,0.9992063492063492,0.0023828435266084196,,
JPY,2025-08,1m,4.0,0.9976190476190476,0.0,,
JPY,2025-08,1m,5.0,0.996031746031746,0.002390438247011952,,
JPY,2025-08,1m,6.0,1.0,0.0007936507936507937,,
JPY,2025-08,1m,7.0,0.9976190476190476,0.0007955449482895784,,
JPY,2025-08,1m,8.0,0.9984126984126984,0.0023847376788553257,,
JPY,2025-08,1m,9.0,0.9976190476190476,0.0031821797931583136,,
JPY,2025-08,1m,10.0,0.9936507936507937,0.0023961661341853034,,
JPY,2025-08,1m,11.0,0.9992063492063492,0.0023828435266084196,,
JPY,2025-08,1m,12.0,0.9984126984126984,0.001589825119236884,,
JPY,2025-08,1m,13.0,0.9976190476190476,0.0015910898965791568,,
JPY,2025-08,1m,14.0,0.9992063492063492,0.0015885623510722795,,
JPY,2025-08,1m,15.0,0.9968253968253968,0.007165605095541401,,
JPY,2025-08,1m,16.0,0.9992063492063492,0.0015885623510722795,,
JPY,2025-08,1m,18.0,0.9952380952380953,0.003189792663476874,,
JPY,2025-08,1m,19.0,0.9928571428571429,0.0031974420463629096,,
JPY,2025-08,1m,20.0,0.9992063492063492,0.003971405877680699,,
JPY,2025-08,1m,21.0,1.0,0.0015873015873015873,,
JPY,2025-08,1m,22.0,1.0,0.0015873015873015873,,
JPY,2025-08,1m,23.0,0.9976190476190476,0.0007955449482895784,,
JPY,2025-08,15m,,1.0,0.0,1932.0,1932.0
JPY,2025-08,15m,0.0,1.0,0.0,,
JPY,2025-08,15m,1.0,1.0,0.0,,
JPY,2025-08,15m,2.0,1.0,0.0,,
JPY,2025-08,15m,3.0,1.0,0.0,,
JPY,2025-08,15m,4.0,1.0,0.0,,
JPY,2025-08,15m,5.0,1.0,0.0,,
JPY,2025-08,15m,6.0,1.0,0.0,,
JPY,2025-08,15m,7.0,1.0,0.0,,
JPY,2025-08,15m,8.0,1.0,0.0,,
JPY,2025-08,15m,9.0,1.0,0.0,,
JPY,2025-08,15m,10.0,1.0,0.0,,
JPY,2025-08,15m,11.0,1.0,0.0,,
JPY,2025-08,15m,12.0,1.0,0.0,,
JPY,2025-08,15m,13.0,1.0,0.0,,
JPY,2025-08,15m,14.0,1.0,0.0,,
JPY,2025-08,15m,15.0,1.0,0.0,,
JPY,2025-08,15m,16.0,1.0,0.0,,
JPY,2025-08,15m,18.0,1.0,0.0,,
JPY,2025-08,15m,19.0,1.0,0.0,,
JPY,2025-08,15m,20.0,1.0,0.0,,
JPY,2025-08,15m,21.0,1.0,0.0,,
JPY,2025-08,15m,22.0,1.0,0.0,,
JPY,2025-08,15m,23.0,1.0,0.0,,
JPY,2025-08,1h,,1.0,0.0,483.0,483.0
JPY,2025-08,1h,0.0,1.0,0.0,,
JPY,2025-08,1h,1.0,1.0,0.0,,
JPY,2025-08,1h,2.0,1.0,0.0,,
JPY,2025-08,1h,3.0,1.0,0.0,,
JPY,2025-08,1h,4.0,1.0,0.0,,
JPY,2025-08,1h,5.0,1.0,0.0,,
JPY,2025-08,1h,6.0,1.0,0.0,,
JPY,2025-08,1h,7.0,1.0,0.0,,
JPY,2025-08,1h,8.0,1.0,0.0,,
JPY,2025-08,1h,9.0,1.0,0.0,,
JPY,2025-08,1h,10.0,1.0,0.0,,
JPY,2025-08,1h,11.0,1.0,0.0,,
JPY,2025-08,1h,12.0,1.0,0.0,,
JPY,2025-08,1h,13.0,1.0,0.0,,
JPY,2025-08,1h,14.0,1.0,0.0,,
JPY,2025-08,1h,15.0,1.0,0.0,,
JPY,2025-08,1h,16.0,1.0,0.0,,
JPY,2025-08,1h,18.0,1.0,0.0,,
JPY,2025-08,1h,19.0,1.0,0.0,,
JPY,2025-08,1h,20.0,1.0,0.0,,
JPY,2025-08,1h,21.0,1.0,0.0,,
JPY,2025-08,1h,22.0,1.0,0.0,,
JPY,2025-08,1h,23.0,1.0,0.0,,
GBP,2009-11,1m,,0.9215247408835784,0.06434496674389059,29041.0,26762.0
GBP,2009-11,1m,0.0,0.996031746031746,0.031075697211155377,,
GBP,2009-11,1m,1.0,0.9992063492063492,0.05242255758538523,,
GBP,2009-11,1m,2.0,0.9738095238095238,0.05215973920130399,,
GBP,2009-11,1m,3.0,0.9920634920634921,0.0464,,
GBP,2009-11,1m,4.0,0.9968253968253968,0.024681528662420384,,
GBP,2009-11,1m,5.0,0.9936507936507937,0.020766773162939296,,
GBP,2009-11,1m,6.0,1.0,0.022222222222222223,,
GBP,2009-11,1m,7.0,0.9976190476190476,0.049323786793953855,,
GBP,2009-11,1m,8.0,0.9777777777777777,0.06574675324675325,,
GBP,2009-11,1m,9.0,0.9722222222222222,0.08571428571428572,,
GBP,2009-11,1m,10.0,0.9571428571428572,0.09369817578772803,,
GBP,2009-11,1m,11.0,0.7658730158730159,0.13264248704663212,,
GBP,2009-11,1m,12.0,0.626984126984127,0.15443037974683543,,
GBP,2009-11,1m,13.0,0.7063492063492064,0.14382022471910114,,
GBP,2009-11,1m,14.0,0.7912698412698412,0.06619859578736209,,
GBP,2009-11,1m,15.0,0.7873015873015873,0.08971774193548387,,
GBP,2009-11,1m,16.0,0.7706349206349207,0.08444902162718847,,
GBP,2009-11,1m,18.0,0.9462121212121212,0.10728582866293035,,
GBP,2009-11,1m,19.0,0.9579698651863601,0.07947019867549669,,
GBP,2009-11,1m,20.0,0.9857142857142858,0.07246376811594203,,
GBP,2009-11,1m,21.0,0.9992063492063492,0.02779984114376489,,
GBP,2009-11,1m,22.0,1.0,0.01984126984126984,,
GBP,2009-11,1m,23.0,1.0,0.023015873015873017,,
GBP,2009-11,15m,,0.9519876097057305,0.008676789587852495,1937.0,1844.0
GBP,2009-11,15m,0.0,1.0,0.011904761904761904,,
GBP,2009-11,15m,1.0,1.0,0.0,,
GBP,2009-11,15m,2.0,1.0,0.0,,
GBP,2009-11,15m,3.0,0.9880952380952381,0.0,,
GBP,2009-11,15m,4.0,1.0,0.0,,
GBP,2009-11,15m,5.0,1.0,0.0,,
GBP,2009-11,15m,6.0,1.0,0.011904761904761904,,
GBP,2009-11,15m,7.0,1.0,0.0,,
GBP,2009-11,15m,8.0,1.0,0.011904761904761904,,
GBP,2009-11,15m,9.0,1.0,0.0,,
GBP,2009-11,15m,10.0,1.0,0.011904761904761904,,
GBP,2009-11,15m,11.0,0.8571428571428571,0.013888888888888888,,
GBP,2009-11,15m,12.0,0.8095238095238095,0.029411764705882353,,
GBP,2009-11,15m,13.0,0.8095238095238095,0.0,,
GBP,2009-11,15m,14.0,0.8095238095238095,0.014705882352941176,,
GBP,2009-11,15m,15.0,0.8095238095238095,0.014705882352941176,,
GBP,2009-11,15m,16.0,0.8095238095238095,0.014705882352941176,,
GBP,2009-11,15m,18.0,1.0,0.022727272727272728,,
GBP,2009-11,15m,19.0,1.0,0.0,,
GBP,2009-11,15m,20.0,1.0,0.0,,
GBP,2009-11,15m,21.0,1.0,0.0,,
GBP,2009-11,15m,22.0,1.0,0.0,,
GBP,2009-11,15m,23.0,1.0,0.0,,
GBP,2009-11,1h,,0.9587628865979382,0.008602150537634409,485.0,465.0
GBP,2009-11,1h,0.0,1.0,0.0,,
GBP,2009-11,1h,1.0,1.0,0.0,,
GBP,2009-11,1h,2.0,1.0,0.0,,
GBP,2009-11,1h,3.0,1.0,0.0,,
GBP,2009-11,1h,4.0,1.0,0.0,,
GBP,2009-11,1h,5.0,1.0,0.0,,
GBP,2009-11,1h,6.0,1.0,0.0,,
GBP,2009-11,1h,7.0,1.0,0.0,,
GBP,2009-11,1h,8.0,1.0,0.0,,
GBP,2009-11,1h,9.0,1.0,0.0,,
GBP,2009-11,1h,10.0,1.0,0.0,,
GBP,2009-11,1h,11.0,1.0,0.0,,
GBP,2009-11,1h,12.0,0.8095238095238095,0.0,,
GBP,2009-11,1h,13.0,0.8095238095238095,0.0,,
GBP,2009-11,1h,14.0,0.8095238095238095,0.0,,
GBP,2009-11,1h,15.0,0.8095238095238095,0.0,,
GBP,2009-11,1h,16.0,0.8095238095238095,0.0,,
GBP,2009-11,1h,18.0,1.0,0.0,,
GBP,2009-11,1h,19.0,1.0,0.0,,
GBP,2009-11,1h,20.0,1.0,0.0,,
GBP,2009-11,1h,21.0,1.0,0.0,,
GBP,2009-11,1h,22.0,1.0,0.0,,
GBP,2009-11,1h,23.0,1.0,0.0,,
GBP,2010-02,1m,,0.9166666666666666,0.06905138339920949,27600.0,25300.0
GBP,2010-02,1m,0.0,0.9991666666666666,0.02835696413678065,,
GBP,2010-02,1m,1.0,0.9991666666666666,0.04837364470391994,,
GBP,2010-02,1m,2.0,1.0,0.04083333333333333,,
GBP,2010-02,1m,3.0,0.9983333333333333,0.03005008347245409,,
GBP,2010-02,1m,4.0,0.9991666666666666,0.022518765638031693,,
GBP,2010-02,1m,5.0,1.0,0.0275,,
GBP,2010-02,1m,6.0,1.0,0.0325,,
GBP,2010-02,1m,7.0,0.9933333333333333,0.053691275167785234,,
GBP,2010-02,1m,8.0,0.9866666666666667,0.08277027027027027,,
GBP,2010-02,1m,9.0,0.9833333333333333,0.08983050847457627,,
GBP,2010-02,1m,10.0,0.9658333333333333,0.10353753235547886,,
GBP,2010-02,1m,11.0,0.765,0.1318082788671024,,
GBP,2010-02,1m,12.0,0.6675,0.12484394506866417,,
GBP,2010-02,1m,13.0,0.6941666666666667,0.1404561824729892,,
GBP,2010-02,1m,14.0,0.7341666666666666,0.0681044267877412,,
GBP,2010-02,1m,15.0,0.7725,0.09061488673139159,,
GBP,2010-02,1m,16.0,0.7558333333333334,0.11797133406835722,,
GBP,2010-02,1m,18.0,0.9066666666666666,0.12959558823529413,,
GBP,2010-02,1m,19.0,0.9075,0.10743801652892562,,
GBP,2010-02,1m,20.0,0.955,0.0968586387434555,,
GBP,2010-02,1m,21.0,1.0,0.03666666666666667,,
GBP,2010-02,1m,22.0,1.0,0.03,,
GBP,2010-02,1m,23.0,1.0,0.025833333333333333,,
GBP,2010-02,15m,,0.9440217391304347,0.008635578583765112,1840.0,1737.0
GBP,2010-02,15m,0.0,1.0,0.0,,
GBP,2010-02,15m,1.0,1.0,0.0,,
GBP,2010-02,15m,2.0,1.0,0.0,,
GBP,2010-02,15m,3.0,1.0,0.0,,
GBP,2010-02,15m,4.0,1.0,0.0,,
GBP,2010-02,15m,5.0,1.0,0.0,,
GBP,2010-02,15m,6.0,1.0,0.0,,
GBP,2010-02,15m,7.0,1.0,0.0125,,
GBP,2010-02,15m,8.0,1.0,0.0,,
GBP,2010-02,15m,9.0,1.0,0.025,,
GBP,2010-02,15m,10.0,1.0,0.0,,
GBP,2010-02,15m,11.0,0.85,0.014705882352941176,,
GBP,2010-02,15m,12.0,0.8,0.0,,
GBP,2010-02,15m,13.0,0.7875,0.015873015873015872,,
GBP,2010-02,15m,14.0,0.7625,0.03278688524590164,,
GBP,2010-02,15m,15.0,0.7875,0.0,,
GBP,2010-02,15m,16.0,0.8,0.0,,
GBP,2010-02,15m,18.0,1.0,0.0375,,
GBP,2010-02,15m,19.0,0.9625,0.0,,
GBP,2010-02,15m,20.0,0.9625,0.0,,
GBP,2010-02,15m,21.0,1.0,0.0,,
GBP,2010-02,15m,22.0,1.0,0.0,,
GBP,2010-02,15m,23.0,1.0,0.0125,,
GBP,2010-02,1h,,0.9543478260869566,0.004555808656036446,460.0,439.0
GBP,2010-02,1h,0.0,1.0,0.0,,
GBP,2010-02,1h,1.0,1.0,0.0,,
GBP,2010-02,1h,2.0,1.0,0.0,,
GBP,2010-02,1h,3.0,1.0,0.0,,
GBP,2010-02,1h,4.0,1.0,0.0,,
GBP,2010-02,1h,5.0,1.0,0.0,,
GBP,2010-02,1h,6.0,1.0,0.0,,
GBP,2010-02,1h,7.0,1.0,0.0,,
GBP,2010-02,1h,8.0,1.0,0.0,,
GBP,2010-02,1h,9.0,1.0,0.0,,
GBP,2010-02,1h,10.0,1.0,0.0,,
GBP,2010-02,1h,11.0,1.0,0.0,,
GBP,2010-02,1h,12.0,0.8,0.0,,
GBP,2010-02,1h,13.0,0.8,0.0,,
GBP,2010-02,1h,14.0,0.8,0.0,,
GBP,2010-02,1h,15.0,0.8,0.0,,
GBP,2010-02,1h,16.0,0.8,0.0,,
GBP,2010-02,1h,18.0,1.0,0.0,,
GBP,2010-02,1h,19.0,1.0,0.0,,
GBP,2010-02,1h,20.0,0.95,0.0,,
GBP,2010-02,1h,21.0,1.0,0.0,,
GBP,2010-02,1h,22.0,1.0,0.0,,
GBP,2010-02,1h,23.0,1.0,0.0,,
GBP,2010-08,1m,,0.9530199140448148,0.06616406760990051,30481.0,29049.0
GBP,2010-08,1m,0.0,1.0,0.022727272727272728,,
GBP,2010-08,1m,1.0,1.0,0.020454545454545454,,
GBP,2010-08,1m,2.0,1.0,0.031818181818181815,,
GBP,2010-08,1m,3.0,1.0,0.02878787878787879,,
GBP,2010-08,1m,4.0,1.0,0.026515151515151516,,
GBP,2010-08,1m,5.0,1.0,0.022727272727272728,,
GBP,2010-08,1m,6.0,1.0,0.019696969696969695,,
GBP,2010-08,1m,7.0,1.0,0.021212121212121213,,
GBP,2010-08,1m,8.0,1.0,0.05378787878787879,,
GBP,2010-08,1m,9.0,1.0,0.058333333333333334,,
GBP,2010-08,1m,10.0,0.996969696969697,0.05623100303951368,,
GBP,2010-08,1m,11.0,0.9977272727272727,0.07365223993925589,,
GBP,2010-08,1m,12.0,0.8068181818181818,0.13051643192488263,,
GBP,2010-08,1m,13.0,0.7386363636363636,0.15487179487179487,,
GBP,2010-08,1m,14.0,0.7795454545454545,0.15937803692905733,,
GBP,2010-08,1m,15.0,0.803030303030303,0.11981132075471698,,
GBP,2010-08,1m,16.0,0.8181818181818182,0.07222222222222222,,
GBP,2010-08,1m,18.0,0.991304347826087,0.10891812865497076,,
GBP,2010-08,1m,19.0,0.9927536231884058,0.12335766423357664,,
GBP,2010-08,1m,20.0,0.9939439818319455,0.11805026656511805,,
GBP,2010-08,1m,21.0,0.996969696969697,0.10638297872340426,,
GBP,2010-08,1m,22.0,1.0,0.029545454545454545,,
GBP,2010-08,1m,23.0,1.0,0.012121212121212121,,
GBP,2010-08,15m,,0.9636005902606984,0.008677896886166412,2033.0,1959.0
GBP,2010-08,15m,0.0,1.0,0.0,,
GBP,2010-08,15m,1.0,1.0,0.011363636363636364,,
GBP,2010-08,15m,2.0,1.0,0.011363636363636364,,
GBP,2010-08,15m,3.0,1.0,0.011363636363636364,,
GBP,2010-08,15m,4.0,1.0,0.011363636363636364,,
GBP,2010-08,15m,5.0,1.0,0.0,,
GBP,2010-08,15m,6.0,1.0,0.0,,
GBP,2010-08,15m,7.0,1.0,0.011363636363636364,,
GBP,2010-08,15m,8.0,1.0,0.0,,
GBP,2010-08,15m,9.0,1.0,0.0,,
GBP,2010-08,15m,10.0,1.0,0.0,,
GBP,2010-08,15m,11.0,1.0,0.011363636363636364,,
GBP,2010-08,15m,12.0,0.8863636363636364,0.0,,
GBP,2010-08,15m,13.0,0.8181818181818182,0.027777777777777776,,
GBP,2010-08,15m,14.0,0.8181818181818182,0.013888888888888888,,
GBP,2010-08,15m,15.0,0.8181818181818182,0.013888888888888888,,
GBP,2010-08,15m,16.0,0.8181818181818182,0.013888888888888888,,
GBP,2010-08,15m,18.0,1.0,0.0,,
GBP,2010-08,15m,19.0,1.0,0.0,,
GBP,2010-08,15m,20.0,1.0,0.011235955056179775,,
GBP,2010-08,15m,21.0,1.0,0.011363636363636364,,
GBP,2010-08,15m,22.0,1.0,0.0,,
GBP,2010-08,15m,23.0,1.0,0.0,,
GBP,2010-08,1h,,0.9724950884086444,0.00202020202020202,509.0,495.0
GBP,2010-08,1h,0.0,1.0,0.0,,
GBP,2010-08,1h,1.0,1.0,0.0,,
GBP,2010-08,1h,2.0,1.0,0.0,,
GBP,2010-08,1h,3.0,1.0,0.0,,
GBP,2010-08,1h,4.0,1.0,0.0,,
GBP,2010-08,1h,5.0,1.0,0.0,,
GBP,2010-08,1h,6.0,1.0,0.0,,
GBP,2010-08,1h,7.0,1.0,0.0,,
GBP,2010-08,1h,8.0,1.0,0.0,,
GBP,2010-08,1h,9.0,1.0,0.0,,
GBP,2010-08,1h,10.0,1.0,0.0,,
GBP,2010-08,1h,11.0,1.0,0.0,,
GBP,2010-08,1h,12.0,1.0,0.0,,
GBP,2010-08,1h,13.0,0.9090909090909091,0.0,,
GBP,2010-08,1h,14.0,0.8181818181818182,0.0,,
GBP,2010-08,1h,15.0,0.8181818181818182,0.0,,
GBP,2010-08,1h,16.0,0.8181818181818182,0.0,,
GBP,2010-08,1h,18.0,1.0,0.0,,
GBP,2010-08,1h,19.0,1.0,0.0,,
GBP,2010-08,1h,20.0,1.0,0.0,,
GBP,2010-08,1h,21.0,1.0,0.0,,
GBP,2010-08,1h,22.0,1.0,0.0,,
GBP,2010-08,1h,23.0,1.0,0.0,,
GBP,2015-02,1m,,0.9551086956521739,0.06027844163726717,27600.0,26361.0
GBP,2015-02,1m,0.0,1.0,0.019166666666666665,,
GBP,2015-02,1m,1.0,1.0,0.0275,,
GBP,2015-02,1m,2.0,1.0,0.02666666666666667,,
GBP,2015-02,1m,3.0,1.0,0.021666666666666667,,
GBP,2015-02,1m,4.0,1.0,0.028333333333333332,,
GBP,2015-02,1m,5.0,1.0,0.016666666666666666,,
GBP,2015-02,1m,6.0,1.0,0.02666666666666667,,
GBP,2015-02,1m,7.0,1.0,0.03166666666666667,,
GBP,2015-02,1m,8.0,1.0,0.041666666666666664,,
GBP,2015-02,1m,9.0,0.9991666666666666,0.04670558798999166,,
GBP,2015-02,1m,10.0,1.0,0.0625,,
GBP,2015-02,1m,11.0,0.9975,0.07184628237259816,,
GBP,2015-02,1m,12.0,0.7975,0.11912225705329153,,
GBP,2015-02,1m,13.0,0.795,0.14046121593291405,,
GBP,2015-02,1m,14.0,0.7958333333333333,0.13089005235602094,,
GBP,2015-02,1m,15.0,0.7983333333333333,0.08977035490605428,,
GBP,2015-02,1m,16.0,0.7966666666666666,0.10251046025104603,,
GBP,2015-02,1m,18.0,0.9933333333333333,0.13338926174496643,,
GBP,2015-02,1m,19.0,0.995,0.13651591289782244,,
GBP,2015-02,1m,20.0,0.9991666666666666,0.07839866555462886,,
GBP,2015-02,1m,21.0,1.0,0.03916666666666667,,
GBP,2015-02,1m,22.0,1.0,0.018333333333333333,,
GBP,2015-02,1m,23.0,1.0,0.02,,
GBP,2015-02,15m,,0.9586956521739131,0.01020408163265306,1840.0,1764.0
GBP,2015-02,15m,0.0,1.0,0.0,,
GBP,2015-02,15m,1.0,1.0,0.0,,
GBP,2015-02,15m,2.0,1.0,0.0,,
GBP,2015-02,15m,3.0,1.0,0.0,,
GBP,2015-02,15m,4.0,1.0,0.0,,
GBP,2015-02,15m,5.0,1.0,0.0,,
GBP,2015-02,15m,6.0,1.0,0.0,,
GBP,2015-02,15m,7.0,1.0,0.0,,
GBP,2015-02,15m,8.0,1.0,0.0125,,
GBP,2015-02,15m,9.0,1.0,0.0,,
GBP,2015-02,15m,10.0,1.0,0.0125,,
GBP,2015-02,15m,11.0,1.0,0.0,,
GBP,2015-02,15m,12.0,0.85,0.0,,
GBP,2015-02,15m,13.0,0.8,0.046875,,
GBP,2015-02,15m,14.0,0.8,0.015625,,
GBP,2015-02,15m,15.0,0.8,0.0,,
GBP,2015-02,15m,16.0,0.8,0.015625,,
GBP,2015-02,15m,18.0,1.0,0.0125,,
GBP,2015-02,15m,19.0,1.0,0.0375,,
GBP,2015-02,15m,20.0,1.0,0.0125,,
GBP,2015-02,15m,21.0,1.0,0.0,,
GBP,2015-02,15m,22.0,1.0,0.0,,
GBP,2015-02,15m,23.0,1.0,0.0,,
GBP,2015-02,1h,,0.9652173913043478,0.0045045045045045045,460.0,444.0
GBP,2015-02,1h,0.0,1.0,0.0,,
GBP,2015-02,1h,1.0,1.0,0.0,,
GBP,2015-02,1h,2.0,1.0,0.0,,
GBP,2015-02,1h,3.0,1.0,0.0,,
GBP,2015-02,1h,4.0,1.0,0.0,,
GBP,2015-02,1h,5.0,1.0,0.0,,
GBP,2015-02,1h,6.0,1.0,0.0,,
GBP,2015-02,1h,7.0,1.0,0.0,,
GBP,2015-02,1h,8.0,1.0,0.0,,
GBP,2015-02,1h,9.0,1.0,0.0,,
GBP,2015-02,1h,10.0,1.0,0.0,,
GBP,2015-02,1h,11.0,1.0,0.0,,
GBP,2015-02,1h,12.0,1.0,0.0,,
GBP,2015-02,1h,13.0,0.8,0.0,,
GBP,2015-02,1h,14.0,0.8,0.0,,
GBP,2015-02,1h,15.0,0.8,0.0,,
GBP,2015-02,1h,16.0,0.8,0.0,,
GBP,2015-02,1h,18.0,1.0,0.0,,
GBP,2015-02,1h,19.0,1.0,0.0,,
GBP,2015-02,1h,20.0,1.0,0.0,,
GBP,2015-02,1h,21.0,1.0,0.0,,
GBP,2015-02,1h,22.0,1.0,0.0,,
GBP,2015-02,1h,23.0,1.0,0.0,,
GBP,2015-08,1m,,0.9659118243359335,0.05396847984631257,29101.0,28109.0
GBP,2015-08,1m,0.0,1.0,0.02857142857142857,,
GBP,2015-08,1m,1.0,1.0,0.030952380952380953,,
GBP,2015-08,1m,2.0,1.0,0.023809523809523808,,
GBP,2015-08,1m,3.0,1.0,0.02142857142857143,,
GBP,2015-08,1m,4.0,1.0,0.01984126984126984,,
GBP,2015-08,1m,5.0,1.0,0.02142857142857143,,
GBP,2015-08,1m,6.0,1.0,0.01904761904761905,,
GBP,2015-08,1m,7.0,1.0,0.018253968253968255,,
GBP,2015-08,1m,8.0,1.0,0.031746031746031744,,
GBP,2015-08,1m,9.0,0.9992063492063492,0.03812549642573471,,
GBP,2015-08,1m,10.0,1.0,0.03888888888888889,,
GBP,2015-08,1m,11.0,1.0,0.06031746031746032,,
GBP,2015-08,1m,12.0,0.9984126984126984,0.09618441971383147,,
GBP,2015-08,1m,13.0,0.7936507936507936,0.134,,
GBP,2015-08,1m,14.0,0.8071428571428572,0.11307767944936087,,
GBP,2015-08,1m,15.0,0.807936507936508,0.12475442043222004,,
GBP,2015-08,1m,16.0,0.8071428571428572,0.07079646017699115,,
GBP,2015-08,1m,18.0,1.0,0.08106060606060606,,
GBP,2015-08,1m,19.0,0.9992424242424243,0.07050796057619409,,
GBP,2015-08,1m,20.0,1.0,0.11419508326724821,,
GBP,2015-08,1m,21.0,1.0,0.07301587301587302,,
GBP,2015-08,1m,22.0,1.0,0.023809523809523808,,
GBP,2015-08,1m,23.0,1.0,0.023015873015873017,,
GBP,2015-08,15m,,0.9690880989180835,0.007974481658692184,1941.0,1881.0
GBP,2015-08,15m,0.0,1.0,0.0,,
GBP,2015-08,15m,1.0,1.0,0.0,,
GBP,2015-08,15m,2.0,1.0,0.0,,
GBP,2015-08,15m,3.0,1.0,0.0,,
GBP,2015-08,15m,4.0,1.0,0.011904761904761904,,
GBP,2015-08,15m,5.0,1.0,0.0,,
GBP,2015-08,15m,6.0,1.0,0.0,,
GBP,2015-08,15m,7.0,1.0,0.023809523809523808,,
GBP,2015-08,15m,8.0,1.0,0.011904761904761904,,
GBP,2015-08,15m,9.0,1.0,0.0,,
GBP,2015-08,15m,10.0,1.0,0.0,,
GBP,2015-08,15m,11.0,1.0,0.011904761904761904,,
GBP,2015-08,15m,12.0,1.0,0.0,,
GBP,2015-08,15m,13.0,0.8571428571428571,0.0,,
GBP,2015-08,15m,14.0,0.8095238095238095,0.014705882352941176,,
GBP,2015-08,15m,15.0,0.8095238095238095,0.014705882352941176,,
GBP,2015-08,15m,16.0,0.8095238095238095,0.014705882352941176,,
GBP,2015-08,15m,18.0,1.0,0.011363636363636364,,
GBP,2015-08,15m,19.0,1.0,0.0,,
GBP,2015-08,15m,20.0,1.0,0.023529411764705882,,
GBP,2015-08,15m,21.0,1.0,0.011904761904761904,,
GBP,2015-08,15m,22.0,1.0,0.011904761904761904,,
GBP,2015-08,15m,23.0,1.0,0.011904761904761904,,
GBP,2015-08,1h,,0.9753086419753086,0.002109704641350211,486.0,474.0
GBP,2015-08,1h,0.0,1.0,0.0,,
GBP,2015-08,1h,1.0,1.0,0.0,,
GBP,2015-08,1h,2.0,1.0,0.0,,
GBP,2015-08,1h,3.0,1.0,0.047619047619047616,,
GBP,2015-08,1h,4.0,1.0,0.0,,
GBP,2015-08,1h,5.0,1.0,0.0,,
GBP,2015-08,1h,6.0,1.0,0.0,,
GBP,2015-08,1h,7.0,1.0,0.0,,
GBP,2015-08,1h,8.0,1.0,0.0,,
GBP,2015-08,1h,9.0,1.0,0.0,,
GBP,2015-08,1h,10.0,1.0,0.0,,
GBP,2015-08,1h,11.0,1.0,0.0,,
GBP,2015-08,1h,12.0,1.0,0.0,,
GBP,2015-08,1h,13.0,1.0,0.0,,
GBP,2015-08,1h,14.0,0.8095238095238095,0.0,,
GBP,2015-08,1h,15.0,0.8095238095238095,0.0,,
GBP,2015-08,1h,16.0,0.8095238095238095,0.0,,
GBP,2015-08,1h,18.0,1.0,0.0,,
GBP,2015-08,1h,19.0,1.0,0.0,,
GBP,2015-08,1h,20.0,1.0,0.0,,
GBP,2015-08,1h,21.0,1.0,0.0,,
GBP,2015-08,1h,22.0,1.0,0.0,,
GBP,2015-08,1h,23.0,1.0,0.0,,
GBP,2020-02,1m,,0.9538768115942029,0.0926045504615034,27600.0,26327.0
GBP,2020-02,1m,0.0,1.0,0.028333333333333332,,
GBP,2020-02,1m,1.0,1.0,0.041666666666666664,,
GBP,2020-02,1m,2.0,1.0,0.041666666666666664,,
GBP,2020-02,1m,3.0,1.0,0.03833333333333333,,
GBP,2020-02,1m,4.0,1.0,0.03166666666666667,,
GBP,2020-02,1m,5.0,1.0,0.034166666666666665,,
GBP,2020-02,1m,6.0,1.0,0.043333333333333335,,
GBP,2020-02,1m,7.0,0.9975,0.059314954051796154,,
GBP,2020-02,1m,8.0,1.0,0.0975,,
GBP,2020-02,1m,9.0,1.0,0.09583333333333334,,
GBP,2020-02,1m,10.0,1.0,0.10916666666666666,,
GBP,2020-02,1m,11.0,0.9991666666666666,0.15512927439532945,,
GBP,2020-02,1m,12.0,0.755,0.23841059602649006,,
GBP,2020-02,1m,13.0,0.7925,0.17665615141955837,,
GBP,2020-02,1m,14.0,0.8,0.16041666666666668,,
GBP,2020-02,1m,15.0,0.8,0.1125,,
GBP,2020-02,1m,16.0,0.8,0.13125,,
GBP,2020-02,1m,18.0,0.9958333333333333,0.21589958158995817,,
GBP,2020-02,1m,19.0,0.9991666666666666,0.15512927439532945,,
GBP,2020-02,1m,20.0,1.0,0.12166666666666667,,
GBP,2020-02,1m,21.0,1.0,0.04416666666666667,,
GBP,2020-02,1m,22.0,1.0,0.0325,,
GBP,2020-02,1m,23.0,1.0,0.029166666666666667,,
GBP,2020-02,15m,,0.9586956521739131,0.01473922902494331,1840.0,1764.0
GBP,2020-02,15m,0.0,1.0,0.0,,
GBP,2020-02,15m,1.0,1.0,0.0125,,
GBP,2020-02,15m,2.0,1.0,0.0,,
GBP,2020-02,15m,3.0,1.0,0.0125,,
GBP,2020-02,15m,4.0,1.0,0.0,,
GBP,2020-02,15m,5.0,1.0,0.0125,,
GBP,2020-02,15m,6.0,1.0,0.0,,
GBP,2020-02,15m,7.0,1.0,0.0,,
GBP,2020-02,15m,8.0,1.0,0.025,,
GBP,2020-02,15m,9.0,1.0,0.025,,
GBP,2020-02,15m,10.0,1.0,0.0,,
GBP,2020-02,15m,11.0,1.0,0.0,,
GBP,2020-02,15m,12.0,0.85,0.058823529411764705,,
GBP,2020-02,15m,13.0,0.8,0.03125,,
GBP,2020-02,15m,14.0,0.8,0.03125,,
GBP,2020-02,15m,15.0,0.8,0.0,,
GBP,2020-02,15m,16.0,0.8,0.0,,
GBP,2020-02,15m,18.0,1.0,0.0,,
GBP,2020-02,15m,19.0,1.0,0.0125,,
GBP,2020-02,15m,20.0,1.0,0.0125,,
GBP,2020-02,15m,21.0,1.0,0.0,,
GBP,2020-02,15m,22.0,1.0,0.0125,,
GBP,2020-02,15m,23.0,1.0,0.0125,,
GBP,2020-02,1h,,0.9652173913043478,0.01126126126126126,460.0,444.0
GBP,2020-02,1h,0.0,1.0,0.0,,
GBP,2020-02,1h,1.0,1.0,0.0,,
GBP,2020-02,1h,2.0,1.0,0.0,,
GBP,2020-02,1h,3.0,1.0,0.0,,
GBP,2020-02,1h,4.0,1.0,0.0,,
GBP,2020-02,1h,5.0,1.0,0.0,,
GBP,2020-02,1h,6.0,1.0,0.0,,
GBP,2020-02,1h,7.0,1.0,0.0,,
GBP,2020-02,1h,8.0,1.0,0.0,,
GBP,2020-02,1h,9.0,1.0,0.0,,
GBP,2020-02,1h,10.0,1.0,0.0,,
GBP,2020-02,1h,11.0,1.0,0.0,,
GBP,2020-02,1h,12.0,1.0,0.0,,
GBP,2020-02,1h,13.0,0.8,0.0,,
GBP,2020-02,1h,14.0,0.8,0.0,,
GBP,2020-02,1h,15.0,0.8,0.0,,
GBP,2020-02,1h,16.0,0.8,0.0,,
GBP,2020-02,1h,18.0,1.0,0.0,,
GBP,2020-02,1h,19.0,1.0,0.0,,
GBP,2020-02,1h,20.0,1.0,0.0,,
GBP,2020-02,1h,21.0,1.0,0.0,,
GBP,2020-02,1h,22.0,1.0,0.0,,
GBP,2020-02,1h,23.0,1.0,0.0,,
GBP,2020-08,1m,,0.9622693378234425,0.0512802199764311,29101.0,28003.0
GBP,2020-08,1m,0.0,1.0,0.026984126984126985,,
GBP,2020-08,1m,1.0,1.0,0.030952380952380953,,
GBP,2020-08,1m,2.0,1.0,0.023015873015873017,,
GBP,2020-08,1m,3.0,1.0,0.024603174603174603,,
GBP,2020-08,1m,4.0,1.0,0.025396825396825397,,
GBP,2020-08,1m,5.0,1.0,0.02142857142857143,,
GBP,2020-08,1m,6.0,1.0,0.010317460317460317,,
GBP,2020-08,1m,7.0,1.0,0.023015873015873017,,
GBP,2020-08,1m,8.0,1.0,0.02857142857142857,,
GBP,2020-08,1m,9.0,1.0,0.03650793650793651,,
GBP,2020-08,1m,10.0,1.0,0.03888888888888889,,
GBP,2020-08,1m,11.0,0.9984126984126984,0.05564387917329094,,
GBP,2020-08,1m,12.0,0.9976190476190476,0.10501193317422435,,
GBP,2020-08,1m,13.0,0.7119047619047619,0.19175027870680045,,
GBP,2020-08,1m,14.0,0.8071428571428572,0.14847590953785644,,
GBP,2020-08,1m,15.0,0.8087301587301587,0.11776251226692837,,
GBP,2020-08,1m,16.0,0.8095238095238095,0.041176470588235294,,
GBP,2020-08,1m,18.0,0.9954545454545455,0.0563165905631659,,
GBP,2020-08,1m,19.0,1.0,0.05227272727272727,,
GBP,2020-08,1m,20.0,1.0,0.0761300555114988,,
GBP,2020-08,1m,21.0,1.0,0.05,,
GBP,2020-08,1m,22.0,1.0,0.030952380952380953,,
GBP,2020-08,1m,23.0,1.0,0.023809523809523808,,
GBP,2020-08,15m,,0.9690880989180835,0.010101010101010102,1941.0,1881.0
GBP,2020-08,15m,0.0,1.0,0.0,,
GBP,2020-08,15m,1.0,1.0,0.011904761904761904,,
GBP,2020-08,15m,2.0,1.0,0.0,,
GBP,2020-08,15m,3.0,1.0,0.0,,
GBP,2020-08,15m,4.0,1.0,0.0,,
GBP,2020-08,15m,5.0,1.0,0.0,,
GBP,2020-08,15m,6.0,1.0,0.0,,
GBP,2020-08,15m,7.0,1.0,0.0,,
GBP,2020-08,15m,8.0,1.0,0.011904761904761904,,
GBP,2020-08,15m,9.0,1.0,0.011904761904761904,,
GBP,2020-08,15m,10.0,1.0,0.0,,
GBP,2020-08,15m,11.0,1.0,0.011904761904761904,,
GBP,2020-08,15m,12.0,1.0,0.011904761904761904,,
GBP,2020-08,15m,13.0,0.8571428571428571,0.013888888888888888,,
GBP,2020-08,15m,14.0,0.8095238095238095,0.014705882352941176,,
GBP,2020-08,15m,15.0,0.8095238095238095,0.014705882352941176,,
GBP,2020-08,15m,16.0,0.8095238095238095,0.014705882352941176,,
GBP,2020-08,15m,18.0,1.0,0.03409090909090909,,
GBP,2020-08,15m,19.0,1.0,0.011363636363636364,,
GBP,2020-08,15m,20.0,1.0,0.011764705882352941,,
GBP,2020-08,15m,21.0,1.0,0.011904761904761904,,
GBP,2020-08,15m,22.0,1.0,0.011904761904761904,,
GBP,2020-08,15m,23.0,1.0,0.0,,
GBP,2020-08,1h,,0.9753086419753086,0.004219409282700422,486.0,474.0
GBP,2020-08,1h,0.0,1.0,0.0,,
GBP,2020-08,1h,1.0,1.0,0.0,,
GBP,2020-08,1h,2.0,1.0,0.0,,
GBP,2020-08,1h,3.0,1.0,0.0,,
GBP,2020-08,1h,4.0,1.0,0.0,,
GBP,2020-08,1h,5.0,1.0,0.047619047619047616,,
GBP,2020-08,1h,6.0,1.0,0.0,,
GBP,2020-08,1h,7.0,1.0,0.0,,
GBP,2020-08,1h,8.0,1.0,0.0,,
GBP,2020-08,1h,9.0,1.0,0.0,,
GBP,2020-08,1h,10.0,1.0,0.0,,
GBP,2020-08,1h,11.0,1.0,0.0,,
GBP,2020-08,1h,12.0,1.0,0.0,,
GBP,2020-08,1h,13.0,1.0,0.0,,
GBP,2020-08,1h,14.0,0.8095238095238095,0.0,,
GBP,2020-08,1h,15.0,0.8095238095238095,0.0,,
GBP,2020-08,1h,16.0,0.8095238095238095,0.0,,
GBP,2020-08,1h,18.0,1.0,0.0,,
GBP,2020-08,1h,19.0,1.0,0.0,,
GBP,2020-08,1h,20.0,1.0,0.0,,
GBP,2020-08,1h,21.0,1.0,0.0,,
GBP,2020-08,1h,22.0,1.0,0.0,,
GBP,2020-08,1h,23.0,1.0,0.0,,
GBP,2025-02,1m,,0.9967753623188406,0.0416924139435135,27600.0,27511.0
GBP,2025-02,1m,0.0,1.0,0.059166666666666666,,
GBP,2025-02,1m,1.0,1.0,0.04,,
GBP,2025-02,1m,2.0,0.9991666666666666,0.03252710592160134,,
GBP,2025-02,1m,3.0,0.9983333333333333,0.025041736227045076,,
GBP,2025-02,1m,4.0,0.9991666666666666,0.026688907422852376,,
GBP,2025-02,1m,5.0,0.9958333333333333,0.03347280334728033,,
GBP,2025-02,1m,6.0,0.9975,0.02756892230576441,,
GBP,2025-02,1m,7.0,1.0,0.03916666666666667,,
GBP,2025-02,1m,8.0,0.9975,0.02506265664160401,,
GBP,2025-02,1m,9.0,0.9941666666666666,0.02347024308466052,,
GBP,2025-02,1m,10.0,0.9933333333333333,0.024328859060402684,,
GBP,2025-02,1m,11.0,0.9941666666666666,0.02933780385582565,,
GBP,2025-02,1m,12.0,0.9875,0.0270042194092827,,
GBP,2025-02,1m,13.0,0.9916666666666667,0.03865546218487395,,
GBP,2025-02,1m,14.0,0.995,0.03685092127303183,,
GBP,2025-02,1m,15.0,0.9958333333333333,0.06192468619246862,,
GBP,2025-02,1m,16.0,0.995,0.08040201005025126,,
GBP,2025-02,1m,18.0,1.0,0.060833333333333336,,
GBP,2025-02,1m,19.0,1.0,0.0475,,
GBP,2025-02,1m,20.0,0.9975,0.03842940685045948,,
GBP,2025-02,1m,21.0,0.9991666666666666,0.0408673894912427,,
GBP,2025-02,1m,22.0,0.9975,0.053467000835421885,,
GBP,2025-02,1m,23.0,0.9975,0.06850459482038429,,
GBP,2025-02,15m,,1.0,0.011956521739130435,1840.0,1840.0
GBP,2025-02,15m,0.0,1.0,0.0,,
GBP,2025-02,15m,1.0,1.0,0.025,,
GBP,2025-02,15m,2.0,1.0,0.0125,,
GBP,2025-02,15m,3.0,1.0,0.0,,
GBP,2025-02,15m,4.0,1.0,0.0125,,
GBP,2025-02,15m,5.0,1.0,0.0,,
GBP,2025-02,15m,6.0,1.0,0.0,,
GBP,2025-02,15m,7.0,1.0,0.025,,
GBP,2025-02,15m,8.0,1.0,0.0,,
GBP,2025-02,15m,9.0,1.0,0.0,,
GBP,2025-02,15m,10.0,1.0,0.0125,,
GBP,2025-02,15m,11.0,1.0,0.0,,
GBP,2025-02,15m,12.0,1.0,0.0125,,
GBP,2025-02,15m,13.0,1.0,0.0,,
GBP,2025-02,15m,14.0,1.0,0.0125,,
GBP,2025-02,15m,15.0,1.0,0.0,,
GBP,2025-02,15m,16.0,1.0,0.0125,,
GBP,2025-02,15m,18.0,1.0,0.0125,,
GBP,2025-02,15m,19.0,1.0,0.025,,
GBP,2025-02,15m,20.0,1.0,0.0,,
GBP,2025-02,15m,21.0,1.0,0.0,,
GBP,2025-02,15m,22.0,1.0,0.0,,
GBP,2025-02,15m,23.0,1.0,0.025,,
GBP,2025-02,1h,,1.0,0.002173913043478261,460.0,460.0
GBP,2025-02,1h,0.0,1.0,0.0,,
GBP,2025-02,1h,1.0,1.0,0.0,,
GBP,2025-02,1h,2.0,1.0,0.0,,
GBP,2025-02,1h,3.0,1.0,0.0,,
GBP,2025-02,1h,4.0,1.0,0.0,,
GBP,2025-02,1h,5.0,1.0,0.0,,
GBP,2025-02,1h,6.0,1.0,0.0,,
GBP,2025-02,1h,7.0,1.0,0.0,,
GBP,2025-02,1h,8.0,1.0,0.0,,
GBP,2025-02,1h,9.0,1.0,0.0,,
GBP,2025-02,1h,10.0,1.0,0.0,,
GBP,2025-02,1h,11.0,1.0,0.0,,
GBP,2025-02,1h,12.0,1.0,0.0,,
GBP,2025-02,1h,13.0,1.0,0.0,,
GBP,2025-02,1h,14.0,1.0,0.0,,
GBP,2025-02,1h,15.0,1.0,0.0,,
GBP,2025-02,1h,16.0,1.0,0.0,,
GBP,2025-02,1h,18.0,1.0,0.0,,
GBP,2025-02,1h,19.0,1.0,0.0,,
GBP,2025-02,1h,20.0,1.0,0.0,,
GBP,2025-02,1h,21.0,1.0,0.0,,
GBP,2025-02,1h,22.0,1.0,0.0,,
GBP,2025-02,1h,23.0,1.0,0.0,,
GBP,2025-08,1m,,0.9968944099378882,0.05088265835929388,28980.0,28890.0
GBP,2025-08,1m,0.0,0.996031746031746,0.06693227091633466,,
GBP,2025-08,1m,1.0,0.9984126984126984,0.05643879173290938,,
GBP,2025-08,1m,2.0,0.9992063492063492,0.03256552819698173,,
GBP,2025-08,1m,3.0,0.9984126984126984,0.034976152623211444,,
GBP,2025-08,1m,4.0,0.9952380952380953,0.0342902711323764,,
GBP,2025-08,1m,5.0,0.9968253968253968,0.04378980891719745,,
GBP,2025-08,1m,6.0,0.9944444444444445,0.03112529928172386,,
GBP,2025-08,1m,7.0,1.0,0.04365079365079365,,
GBP,2025-08,1m,8.0,0.9984126984126984,0.029411764705882353,,
GBP,2025-08,1m,9.0,0.9984126984126984,0.026232114467408585,,
GBP,2025-08,1m,10.0,0.9920634920634921,0.0208,,
GBP,2025-08,1m,11.0,0.9952380952380953,0.022328548644338118,,
GBP,2025-08,1m,12.0,0.9920634920634921,0.04,,
GBP,2025-08,1m,13.0,0.9976190476190476,0.04455051710421639,,
GBP,2025-08,1m,14.0,0.9984126984126984,0.06915739268680444,,
GBP,2025-08,1m,15.0,0.9976190476190476,0.05807478122513922,,
GBP,2025-08,1m,16.0,0.9976190476190476,0.0883054892601432,,
GBP,2025-08,1m,18.0,0.996031746031746,0.08446215139442231,,
GBP,2025-08,1m,19.0,0.9936507936507937,0.08706070287539937,,
GBP,2025-08,1m,20.0,0.9976190476190476,0.056483691328560064,,
GBP,2025-08,1m,21.0,1.0,0.046825396825396826,,
GBP,2025-08,1m,22.0,0.9984126984126984,0.06041335453100159,,
GBP,2025-08,1m,23.0,0.9968253968253968,0.08200636942675159,,
GBP,2025-08,15m,,1.0,0.007763975155279503,1932.0,1932.0
GBP,2025-08,15m,0.0,1.0,0.011904761904761904,,
GBP,2025-08,15m,1.0,1.0,0.011904761904761904,,
GBP,2025-08,15m,2.0,1.0,0.0,,
GBP,2025-08,15m,3.0,1.0,0.0,,
GBP,2025-08,15m,4.0,1.0,0.0,,
GBP,2025-08,15m,5.0,1.0,0.011904761904761904,,
GBP,2025-08,15m,6.0,1.0,0.0,,
GBP,2025-08,15m,7.0,1.0,0.011904761904761904,,
GBP,2025-08,15m,8.0,1.0,0.0,,
GBP,2025-08,15m,9.0,1.0,0.0,,
GBP,2025-08,15m,10.0,1.0,0.0,,
GBP,2025-08,15m,11.0,1.0,0.011904761904761904,,
GBP,2025-08,15m,12.0,1.0,0.011904761904761904,,
GBP,2025-08,15m,13.0,1.0,0.0,,
GBP,2025-08,15m,14.0,1.0,0.011904761904761904,,
GBP,2025-08,15m,15.0,1.0,0.0,,
GBP,2025-08,15m,16.0,1.0,0.0,,
GBP,2025-08,15m,18.0,1.0,0.011904761904761904,,
GBP,2025-08,15m,19.0,1.0,0.011904761904761904,,
GBP,2025-08,15m,20.0,1.0,0.0,,
GBP,2025-08,15m,21.0,1.0,0.0,,
GBP,2025-08,15m,22.0,1.0,0.0,,
GBP,2025-08,15m,23.0,1.0,0.023809523809523808,,
GBP,2025-08,1h,,1.0,0.002070393374741201,483.0,483.0
GBP,2025-08,1h,0.0,1.0,0.0,,
GBP,2025-08,1h,1.0,1.0,0.047619047619047616,,
GBP,2025-08,1h,2.0,1.0,0.0,,
GBP,2025-08,1h,3.0,1.0,0.0,,
GBP,2025-08,1h,4.0,1.0,0.0,,
GBP,2025-08,1h,5.0,1.0,0.047619047619047616,,
GBP,2025-08,1h,6.0,1.0,0.0,,
GBP,2025-08,1h,7.0,1.0,0.0,,
GBP,2025-08,1h,8.0,1.0,0.0,,
GBP,2025-08,1h,9.0,1.0,0.0,,
GBP,2025-08,1h,10.0,1.0,0.0,,
GBP,2025-08,1h,11.0,1.0,0.0,,
GBP,2025-08,1h,12.0,1.0,0.0,,
GBP,2025-08,1h,13.0,1.0,0.0,,
GBP,2025-08,1h,14.0,1.0,0.0,,
GBP,2025-08,1h,15.0,1.0,0.0,,
GBP,2025-08,1h,16.0,1.0,0.0,,
GBP,2025-08,1h,18.0,1.0,0.0,,
GBP,2025-08,1h,19.0,1.0,0.0,,
GBP,2025-08,1h,20.0,1.0,0.0,,
GBP,2025-08,1h,21.0,1.0,0.0,,
GBP,2025-08,1h,22.0,1.0,0.0,,
GBP,2025-08,1h,23.0,1.0,0.0,,
CHF,2009-11,1m,,0.9325436451912813,0.07964699800605568,29041.0,27082.0
CHF,2009-11,1m,0.0,0.996031746031746,0.06772908366533864,,
CHF,2009-11,1m,1.0,1.0,0.0626984126984127,,
CHF,2009-11,1m,2.0,0.9976190476190476,0.07159904534606205,,
CHF,2009-11,1m,3.0,1.0,0.049206349206349205,,
CHF,2009-11,1m,4.0,1.0,0.030952380952380953,,
CHF,2009-11,1m,5.0,0.9936507936507937,0.03913738019169329,,
CHF,2009-11,1m,6.0,1.0,0.04523809523809524,,
CHF,2009-11,1m,7.0,1.0,0.05396825396825397,,
CHF,2009-11,1m,8.0,0.9888888888888889,0.06581059390048154,,
CHF,2009-11,1m,9.0,0.9817460317460317,0.07356507679870655,,
CHF,2009-11,1m,10.0,0.9753968253968254,0.11391375101708706,,
CHF,2009-11,1m,11.0,0.7785714285714286,0.14780835881753313,,
CHF,2009-11,1m,12.0,0.6936507936507936,0.13844393592677345,,
CHF,2009-11,1m,13.0,0.7341269841269841,0.12864864864864864,,
CHF,2009-11,1m,14.0,0.803968253968254,0.06416584402764067,,
CHF,2009-11,1m,15.0,0.7968253968253968,0.08067729083665338,,
CHF,2009-11,1m,16.0,0.7888888888888889,0.11267605633802817,,
CHF,2009-11,1m,18.0,0.9636363636363636,0.12342767295597484,,
CHF,2009-11,1m,19.0,0.9690721649484536,0.12193126022913257,,
CHF,2009-11,1m,20.0,0.9857142857142858,0.1111111111111111,,
CHF,2009-11,1m,21.0,1.0,0.04365079365079365,,
CHF,2009-11,1m,22.0,1.0,0.05714285714285714,,
CHF,2009-11,1m,23.0,0.9992063492063492,0.05559968228752978,,
CHF,2009-11,15m,,0.9525038719669592,0.016260162601626018,1937.0,1845.0
CHF,2009-11,15m,0.0,1.0,0.0,,
CHF,2009-11,15m,1.0,1.0,0.0,,
CHF,2009-11,15m,2.0,1.0,0.023809523809523808,,
CHF,2009-11,15m,3.0,1.0,0.0,,
CHF,2009-11,15m,4.0,1.0,0.011904761904761904,,
CHF,2009-11,15m,5.0,1.0,0.0,,
CHF,2009-11,15m,6.0,1.0,0.011904761904761904,,
CHF,2009-11,15m,7.0,1.0,0.0,,
CHF,2009-11,15m,8.0,1.0,0.023809523809523808,,
CHF,2009-11,15m,9.0,1.0,0.011904761904761904,,
CHF,2009-11,15m,10.0,1.0,0.011904761904761904,,
CHF,2009-11,15m,11.0,0.8571428571428571,0.041666666666666664,,
CHF,2009-11,15m,12.0,0.8095238095238095,0.014705882352941176,,
CHF,2009-11,15m,13.0,0.8095238095238095,0.014705882352941176,,
CHF,2009-11,15m,14.0,0.8095238095238095,0.0,,
CHF,2009-11,15m,15.0,0.8095238095238095,0.029411764705882353,,
CHF,2009-11,15m,16.0,0.8095238095238095,0.014705882352941176,,
CHF,2009-11,15m,18.0,1.0,0.011363636363636364,,
CHF,2009-11,15m,19.0,1.0,0.011764705882352941,,
CHF,2009-11,15m,20.0,1.0,0.011904761904761904,,
CHF,2009-11,15m,21.0,1.0,0.0,,
CHF,2009-11,15m,22.0,1.0,0.011904761904761904,,
CHF,2009-11,15m,23.0,1.0,0.0,,
CHF,2009-11,1h,,0.9587628865979382,0.0064516129032258064,485.0,465.0
CHF,2009-11,1h,0.0,1.0,0.0,,
CHF,2009-11,1h,1.0,1.0,0.0,,
CHF,2009-11,1h,2.0,1.0,0.0,,
CHF,2009-11,1h,3.0,1.0,0.0,,
CHF,2009-11,1h,4.0,1.0,0.0,,
CHF,2009-11,1h,5.0,1.0,0.0,,
CHF,2009-11,1h,6.0,1.0,0.0,,
CHF,2009-11,1h,7.0,1.0,0.0,,
CHF,2009-11,1h,8.0,1.0,0.0,,
CHF,2009-11,1h,9.0,1.0,0.0,,
CHF,2009-11,1h,10.0,1.0,0.0,,
CHF,2009-11,1h,11.0,1.0,0.0,,
CHF,2009-11,1h,12.0,0.8095238095238095,0.0,,
CHF,2009-11,1h,13.0,0.8095238095238095,0.0,,
CHF,2009-11,1h,14.0,0.8095238095238095,0.0,,
CHF,2009-11,1h,15.0,0.8095238095238095,0.0,,
CHF,2009-11,1h,16.0,0.8095238095238095,0.0,,
CHF,2009-11,1h,18.0,1.0,0.0,,
CHF,2009-11,1h,19.0,1.0,0.0,,
CHF,2009-11,1h,20.0,1.0,0.0,,
CHF,2009-11,1h,21.0,1.0,0.0,,
CHF,2009-11,1h,22.0,1.0,0.0,,
CHF,2009-11,1h,23.0,1.0,0.0,,
CHF,2010-02,1m,,0.9267028985507246,0.06932009227039919,27600.0,25577.0
CHF,2010-02,1m,0.0,0.9991666666666666,0.04920767306088407,,
CHF,2010-02,1m,1.0,0.9991666666666666,0.0750625521267723,,
CHF,2010-02,1m,2.0,1.0,0.04833333333333333,,
CHF,2010-02,1m,3.0,1.0,0.029166666666666667,,
CHF,2010-02,1m,4.0,1.0,0.0275,,
CHF,2010-02,1m,5.0,1.0,0.0225,,
CHF,2010-02,1m,6.0,1.0,0.035,,
CHF,2010-02,1m,7.0,0.9983333333333333,0.06010016694490818,,
CHF,2010-02,1m,8.0,0.9925,0.06801007556675064,,
CHF,2010-02,1m,9.0,0.9833333333333333,0.07627118644067797,,
CHF,2010-02,1m,10.0,0.985,0.09390862944162437,,
CHF,2010-02,1m,11.0,0.7708333333333334,0.10486486486486486,,
CHF,2010-02,1m,12.0,0.7375,0.12203389830508475,,
CHF,2010-02,1m,13.0,0.7358333333333333,0.11664779161947905,,
CHF,2010-02,1m,14.0,0.7416666666666667,0.06292134831460675,,
CHF,2010-02,1m,15.0,0.7825,0.07667731629392971,,
CHF,2010-02,1m,16.0,0.7825,0.12566560170394037,,
CHF,2010-02,1m,18.0,0.945,0.12698412698412698,,
CHF,2010-02,1m,19.0,0.9083333333333333,0.09908256880733946,,
CHF,2010-02,1m,20.0,0.955,0.08115183246073299,,
CHF,2010-02,1m,21.0,0.9983333333333333,0.045909849749582635,,
CHF,2010-02,1m,22.0,1.0,0.029166666666666667,,
CHF,2010-02,1m,23.0,0.9991666666666666,0.05587989991659716,,
CHF,2010-02,15m,,0.9445652173913044,0.01093210586881473,1840.0,1738.0
CHF,2010-02,15m,0.0,1.0,0.0,,
CHF,2010-02,15m,1.0,1.0,0.0,,
CHF,2010-02,15m,2.0,1.0,0.0,,
CHF,2010-02,15m,3.0,1.0,0.0,,
CHF,2010-02,15m,4.0,1.0,0.0,,
CHF,2010-02,15m,5.0,1.0,0.0125,,
CHF,2010-02,15m,6.0,1.0,0.0,,
CHF,2010-02,15m,7.0,1.0,0.0125,,
CHF,2010-02,15m,8.0,1.0,0.0,,
CHF,2010-02,15m,9.0,1.0,0.0,,
CHF,2010-02,15m,10.0,1.0,0.0125,,
CHF,2010-02,15m,11.0,0.8625,0.014492753623188406,,
CHF,2010-02,15m,12.0,0.8,0.03125,,
CHF,2010-02,15m,13.0,0.7875,0.047619047619047616,,
CHF,2010-02,15m,14.0,0.7625,0.0,,
CHF,2010-02,15m,15.0,0.7875,0.031746031746031744,,
CHF,2010-02,15m,16.0,0.8,0.046875,,
CHF,2010-02,15m,18.0,1.0,0.0,,
CHF,2010-02,15m,19.0,0.9625,0.012987012987012988,,
CHF,2010-02,15m,20.0,0.9625,0.0,,
CHF,2010-02,15m,21.0,1.0,0.0,,
CHF,2010-02,15m,22.0,1.0,0.0,,
CHF,2010-02,15m,23.0,1.0,0.0125,,
CHF,2010-02,1h,,0.9565217391304348,0.004545454545454545,460.0,440.0
CHF,2010-02,1h,0.0,1.0,0.0,,
CHF,2010-02,1h,1.0,1.0,0.0,,
CHF,2010-02,1h,2.0,1.0,0.0,,
CHF,2010-02,1h,3.0,1.0,0.0,,
CHF,2010-02,1h,4.0,1.0,0.0,,
CHF,2010-02,1h,5.0,1.0,0.0,,
CHF,2010-02,1h,6.0,1.0,0.0,,
CHF,2010-02,1h,7.0,1.0,0.0,,
CHF,2010-02,1h,8.0,1.0,0.0,,
CHF,2010-02,1h,9.0,1.0,0.0,,
CHF,2010-02,1h,10.0,1.0,0.0,,
CHF,2010-02,1h,11.0,1.0,0.0,,
CHF,2010-02,1h,12.0,0.85,0.0,,
CHF,2010-02,1h,13.0,0.8,0.0,,
CHF,2010-02,1h,14.0,0.8,0.0,,
CHF,2010-02,1h,15.0,0.8,0.0625,,
CHF,2010-02,1h,16.0,0.8,0.0,,
CHF,2010-02,1h,18.0,1.0,0.0,,
CHF,2010-02,1h,19.0,1.0,0.0,,
CHF,2010-02,1h,20.0,0.95,0.0,,
CHF,2010-02,1h,21.0,1.0,0.0,,
CHF,2010-02,1h,22.0,1.0,0.0,,
CHF,2010-02,1h,23.0,1.0,0.0,,
CHF,2010-08,1m,,0.9592861126603458,0.0743844049247606,30481.0,29240.0
CHF,2010-08,1m,0.0,1.0,0.037121212121212124,,
CHF,2010-08,1m,1.0,1.0,0.030303030303030304,,
CHF,2010-08,1m,2.0,1.0,0.03636363636363636,,
CHF,2010-08,1m,3.0,1.0,0.0446969696969697,,
CHF,2010-08,1m,4.0,1.0,0.037121212121212124,,
CHF,2010-08,1m,5.0,1.0,0.04090909090909091,,
CHF,2010-08,1m,6.0,1.0,0.030303030303030304,,
CHF,2010-08,1m,7.0,1.0,0.04242424242424243,,
CHF,2010-08,1m,8.0,1.0,0.06742424242424243,,
CHF,2010-08,1m,9.0,0.9992424242424243,0.09249431387414708,,
CHF,2010-08,1m,10.0,0.9992424242424243,0.07808946171341925,,
CHF,2010-08,1m,11.0,1.0,0.09015151515151515,,
CHF,2010-08,1m,12.0,0.8234848484848485,0.12235510579576817,,
CHF,2010-08,1m,13.0,0.7954545454545454,0.1295238095238095,,
CHF,2010-08,1m,14.0,0.8143939393939394,0.09674418604651162,,
CHF,2010-08,1m,15.0,0.8166666666666667,0.08905380333951762,,
CHF,2010-08,1m,16.0,0.8174242424242424,0.09082483781278962,,
CHF,2010-08,1m,18.0,0.9985507246376811,0.14078374455732948,,
CHF,2010-08,1m,19.0,0.9992753623188406,0.12980420594633793,,
CHF,2010-08,1m,20.0,0.9984859954579863,0.1197877179681577,,
CHF,2010-08,1m,21.0,0.9977272727272727,0.1070615034168565,,
CHF,2010-08,1m,22.0,1.0,0.03106060606060606,,
CHF,2010-08,1m,23.0,1.0,0.035606060606060606,,
CHF,2010-08,15m,,0.9636005902606984,0.009698825931597753,2033.0,1959.0
CHF,2010-08,15m,0.0,1.0,0.022727272727272728,,
CHF,2010-08,15m,1.0,1.0,0.0,,
CHF,2010-08,15m,2.0,1.0,0.011363636363636364,,
CHF,2010-08,15m,3.0,1.0,0.022727272727272728,,
CHF,2010-08,15m,4.0,1.0,0.0,,
CHF,2010-08,15m,5.0,1.0,0.0,,
CHF,2010-08,15m,6.0,1.0,0.0,,
CHF,2010-08,15m,7.0,1.0,0.0,,
CHF,2010-08,15m,8.0,1.0,0.0,,
CHF,2010-08,15m,9.0,1.0,0.0,,
CHF,2010-08,15m,10.0,1.0,0.0,,
CHF,2010-08,15m,11.0,1.0,0.0,,
CHF,2010-08,15m,12.0,0.8863636363636364,0.02564102564102564,,
CHF,2010-08,15m,13.0,0.8181818181818182,0.013888888888888888,,
CHF,2010-08,15m,14.0,0.8181818181818182,0.013888888888888888,,
CHF,2010-08,15m,15.0,0.8181818181818182,0.013888888888888888,,
CHF,2010-08,15m,16.0,0.8181818181818182,0.0,,
CHF,2010-08,15m,18.0,1.0,0.0,,
CHF,2010-08,15m,19.0,1.0,0.010869565217391304,,
CHF,2010-08,15m,20.0,1.0,0.011235955056179775,,
CHF,2010-08,15m,21.0,1.0,0.022727272727272728,,
CHF,2010-08,15m,22.0,1.0,0.0,,
CHF,2010-08,15m,23.0,1.0,0.0,,
CHF,2010-08,1h,,0.9724950884086444,0.006060606060606061,509.0,495.0
CHF,2010-08,1h,0.0,1.0,0.0,,
CHF,2010-08,1h,1.0,1.0,0.0,,
CHF,2010-08,1h,2.0,1.0,0.0,,
CHF,2010-08,1h,3.0,1.0,0.0,,
CHF,2010-08,1h,4.0,1.0,0.0,,
CHF,2010-08,1h,5.0,1.0,0.0,,
CHF,2010-08,1h,6.0,1.0,0.0,,
CHF,2010-08,1h,7.0,1.0,0.0,,
CHF,2010-08,1h,8.0,1.0,0.0,,
CHF,2010-08,1h,9.0,1.0,0.0,,
CHF,2010-08,1h,10.0,1.0,0.0,,
CHF,2010-08,1h,11.0,1.0,0.0,,
CHF,2010-08,1h,12.0,1.0,0.0,,
CHF,2010-08,1h,13.0,0.9090909090909091,0.0,,
CHF,2010-08,1h,14.0,0.8181818181818182,0.0,,
CHF,2010-08,1h,15.0,0.8181818181818182,0.0,,
CHF,2010-08,1h,16.0,0.8181818181818182,0.0,,
CHF,2010-08,1h,18.0,1.0,0.0,,
CHF,2010-08,1h,19.0,1.0,0.0,,
CHF,2010-08,1h,20.0,1.0,0.0,,
CHF,2010-08,1h,21.0,1.0,0.0,,
CHF,2010-08,1h,22.0,1.0,0.0,,
CHF,2010-08,1h,23.0,1.0,0.0,,
CHF,2015-02,1m,,0.9446014492753623,0.08173832994514978,27600.0,26071.0
CHF,2015-02,1m,0.0,0.9975,0.040100250626566414,,
CHF,2015-02,1m,1.0,0.9991666666666666,0.05587989991659716,,
CHF,2015-02,1m,2.0,0.9941666666666666,0.053646269907795474,,
CHF,2015-02,1m,3.0,0.9975,0.030910609857978277,,
CHF,2015-02,1m,4.0,0.9975,0.036758563074352546,,
CHF,2015-02,1m,5.0,0.9966666666666667,0.03177257525083612,,
CHF,2015-02,1m,6.0,0.9983333333333333,0.045909849749582635,,
CHF,2015-02,1m,7.0,0.98,0.06887755102040816,,
CHF,2015-02,1m,8.0,0.9758333333333333,0.07429547395388557,,
CHF,2015-02,1m,9.0,0.9866666666666667,0.08614864864864864,,
CHF,2015-02,1m,10.0,0.9975,0.06098579782790309,,
CHF,2015-02,1m,11.0,0.9891666666666666,0.08930075821398484,,
CHF,2015-02,1m,12.0,0.7533333333333333,0.13716814159292035,,
CHF,2015-02,1m,13.0,0.7875,0.13968253968253969,,
CHF,2015-02,1m,14.0,0.7908333333333334,0.15384615384615385,,
CHF,2015-02,1m,15.0,0.7916666666666666,0.13157894736842105,,
CHF,2015-02,1m,16.0,0.7975,0.11703239289446186,,
CHF,2015-02,1m,18.0,0.9891666666666666,0.14995787700084245,,
CHF,2015-02,1m,19.0,0.9741666666666666,0.1343028229255774,,
CHF,2015-02,1m,20.0,0.9466666666666667,0.15933098591549297,,
CHF,2015-02,1m,21.0,0.9891666666666666,0.05223251895534962,,
CHF,2015-02,1m,22.0,0.9983333333333333,0.034223706176961605,,
CHF,2015-02,1m,23.0,0.9975,0.05179615705931495,,
CHF,2015-02,15m,,0.9586956521739131,0.00963718820861678,1840.0,1764.0
CHF,2015-02,15m,0.0,1.0,0.0,,
CHF,2015-02,15m,1.0,1.0,0.0,,
CHF,2015-02,15m,2.0,1.0,0.0,,
CHF,2015-02,15m,3.0,1.0,0.0,,
CHF,2015-02,15m,4.0,1.0,0.0125,,
CHF,2015-02,15m,5.0,1.0,0.0,,
CHF,2015-02,15m,6.0,1.0,0.0125,,
CHF,2015-02,15m,7.0,1.0,0.0,,
CHF,2015-02,15m,8.0,1.0,0.0,,
CHF,2015-02,15m,9.0,1.0,0.0,,
CHF,2015-02,15m,10.0,1.0,0.0125,,
CHF,2015-02,15m,11.0,1.0,0.0,,
CHF,2015-02,15m,12.0,0.85,0.029411764705882353,,
CHF,2015-02,15m,13.0,0.8,0.0,,
CHF,2015-02,15m,14.0,0.8,0.03125,,
CHF,2015-02,15m,15.0,0.8,0.015625,,
CHF,2015-02,15m,16.0,0.8,0.015625,,
CHF,2015-02,15m,18.0,1.0,0.025,,
CHF,2015-02,15m,19.0,1.0,0.0,,
CHF,2015-02,15m,20.0,1.0,0.0125,,
CHF,2015-02,15m,21.0,1.0,0.0125,,
CHF,2015-02,15m,22.0,1.0,0.0125,,
CHF,2015-02,15m,23.0,1.0,0.0125,,
CHF,2015-02,1h,,0.9652173913043478,0.0045045045045045045,460.0,444.0
CHF,2015-02,1h,0.0,1.0,0.0,,
CHF,2015-02,1h,1.0,1.0,0.0,,
CHF,2015-02,1h,2.0,1.0,0.0,,
CHF,2015-02,1h,3.0,1.0,0.0,,
CHF,2015-02,1h,4.0,1.0,0.0,,
CHF,2015-02,1h,5.0,1.0,0.0,,
CHF,2015-02,1h,6.0,1.0,0.0,,
CHF,2015-02,1h,7.0,1.0,0.0,,
CHF,2015-02,1h,8.0,1.0,0.0,,
CHF,2015-02,1h,9.0,1.0,0.0,,
CHF,2015-02,1h,10.0,1.0,0.0,,
CHF,2015-02,1h,11.0,1.0,0.0,,
CHF,2015-02,1h,12.0,1.0,0.0,,
CHF,2015-02,1h,13.0,0.8,0.0,,
CHF,2015-02,1h,14.0,0.8,0.0,,
CHF,2015-02,1h,15.0,0.8,0.0,,
CHF,2015-02,1h,16.0,0.8,0.0,,
CHF,2015-02,1h,18.0,1.0,0.0,,
CHF,2015-02,1h,19.0,1.0,0.0,,
CHF,2015-02,1h,20.0,1.0,0.0,,
CHF,2015-02,1h,21.0,1.0,0.05,,
CHF,2015-02,1h,22.0,1.0,0.0,,
CHF,2015-02,1h,23.0,1.0,0.0,,
CHF,2015-08,1m,,0.9597264698807602,0.07533388234451645,29101.0,27929.0
CHF,2015-08,1m,0.0,1.0,0.03571428571428571,,
CHF,2015-08,1m,1.0,1.0,0.03492063492063492,,
CHF,2015-08,1m,2.0,1.0,0.044444444444444446,,
CHF,2015-08,1m,3.0,1.0,0.046825396825396826,,
CHF,2015-08,1m,4.0,1.0,0.020634920634920634,,
CHF,2015-08,1m,5.0,1.0,0.023015873015873017,,
CHF,2015-08,1m,6.0,1.0,0.01507936507936508,,
CHF,2015-08,1m,7.0,1.0,0.02857142857142857,,
CHF,2015-08,1m,8.0,1.0,0.0380952380952381,,
CHF,2015-08,1m,9.0,1.0,0.04365079365079365,,
CHF,2015-08,1m,10.0,0.9992063492063492,0.04447974583002383,,
CHF,2015-08,1m,11.0,0.9992063492063492,0.051628276409849086,,
CHF,2015-08,1m,12.0,0.9976190476190476,0.1026252983293556,,
CHF,2015-08,1m,13.0,0.746031746031746,0.23191489361702128,,
CHF,2015-08,1m,14.0,0.7801587301587302,0.18819938962360122,,
CHF,2015-08,1m,15.0,0.7801587301587302,0.1943031536113937,,
CHF,2015-08,1m,16.0,0.803968253968254,0.1125370187561698,,
CHF,2015-08,1m,18.0,0.9939393939393939,0.1013719512195122,,
CHF,2015-08,1m,19.0,0.9931818181818182,0.14263920671243327,,
CHF,2015-08,1m,20.0,0.9849325931800159,0.15136876006441224,,
CHF,2015-08,1m,21.0,0.9920634920634921,0.1112,,
CHF,2015-08,1m,22.0,1.0,0.034126984126984124,,
CHF,2015-08,1m,23.0,1.0,0.01904761904761905,,
CHF,2015-08,15m,,0.9690880989180835,0.008506113769271665,1941.0,1881.0
CHF,2015-08,15m,0.0,1.0,0.0,,
CHF,2015-08,15m,1.0,1.0,0.0,,
CHF,2015-08,15m,2.0,1.0,0.0,,
CHF,2015-08,15m,3.0,1.0,0.011904761904761904,,
CHF,2015-08,15m,4.0,1.0,0.0,,
CHF,2015-08,15m,5.0,1.0,0.011904761904761904,,
CHF,2015-08,15m,6.0,1.0,0.0,,
CHF,2015-08,15m,7.0,1.0,0.0,,
CHF,2015-08,15m,8.0,1.0,0.0,,
CHF,2015-08,15m,9.0,1.0,0.011904761904761904,,
CHF,2015-08,15m,10.0,1.0,0.011904761904761904,,
CHF,2015-08,15m,11.0,1.0,0.0,,
CHF,2015-08,15m,12.0,1.0,0.0,,
CHF,2015-08,15m,13.0,0.8571428571428571,0.013888888888888888,,
CHF,2015-08,15m,14.0,0.8095238095238095,0.014705882352941176,,
CHF,2015-08,15m,15.0,0.8095238095238095,0.014705882352941176,,
CHF,2015-08,15m,16.0,0.8095238095238095,0.0,,
CHF,2015-08,15m,18.0,1.0,0.011363636363636364,,
CHF,2015-08,15m,19.0,1.0,0.011363636363636364,,
CHF,2015-08,15m,20.0,1.0,0.011764705882352941,,
CHF,2015-08,15m,21.0,1.0,0.0,,
CHF,2015-08,15m,22.0,1.0,0.0,,
CHF,2015-08,15m,23.0,1.0,0.0,,
CHF,2015-08,1h,,0.9753086419753086,0.0,486.0,474.0
CHF,2015-08,1h,0.0,1.0,0.0,,
CHF,2015-08,1h,1.0,1.0,0.0,,
CHF,2015-08,1h,2.0,1.0,0.0,,
CHF,2015-08,1h,3.0,1.0,0.0,,
CHF,2015-08,1h,4.0,1.0,0.0,,
CHF,2015-08,1h,5.0,1.0,0.0,,
CHF,2015-08,1h,6.0,1.0,0.0,,
CHF,2015-08,1h,7.0,1.0,0.0,,
CHF,2015-08,1h,8.0,1.0,0.0,,
CHF,2015-08,1h,9.0,1.0,0.0,,
CHF,2015-08,1h,10.0,1.0,0.0,,
CHF,2015-08,1h,11.0,1.0,0.0,,
CHF,2015-08,1h,12.0,1.0,0.0,,
CHF,2015-08,1h,13.0,1.0,0.0,,
CHF,2015-08,1h,14.0,0.8095238095238095,0.0,,
CHF,2015-08,1h,15.0,0.8095238095238095,0.0,,
CHF,2015-08,1h,16.0,0.8095238095238095,0.0,,
CHF,2015-08,1h,18.0,1.0,0.0,,
CHF,2015-08,1h,19.0,1.0,0.0,,
CHF,2015-08,1h,20.0,1.0,0.0,,
CHF,2015-08,1h,21.0,1.0,0.0,,
CHF,2015-08,1h,22.0,1.0,0.0,,
CHF,2015-08,1h,23.0,1.0,0.0,,
CHF,2020-02,1m,,0.9515942028985507,0.11433901918976545,27600.0,26264.0
CHF,2020-02,1m,0.0,1.0,0.060833333333333336,,
CHF,2020-02,1m,1.0,1.0,0.075,,
CHF,2020-02,1m,2.0,1.0,0.07666666666666666,,
CHF,2020-02,1m,3.0,1.0,0.06916666666666667,,
CHF,2020-02,1m,4.0,1.0,0.03833333333333333,,
CHF,2020-02,1m,5.0,1.0,0.03833333333333333,,
CHF,2020-02,1m,6.0,1.0,0.055,,
CHF,2020-02,1m,7.0,0.9991666666666666,0.07756463719766472,,
CHF,2020-02,1m,8.0,0.9975,0.0910609857978279,,
CHF,2020-02,1m,9.0,0.9975,0.12113617376775271,,
CHF,2020-02,1m,10.0,0.9983333333333333,0.12687813021702837,,
CHF,2020-02,1m,11.0,0.995,0.18174204355108878,,
CHF,2020-02,1m,12.0,0.7208333333333333,0.223121387283237,,
CHF,2020-02,1m,13.0,0.7858333333333334,0.2417815482502651,,
CHF,2020-02,1m,14.0,0.8,0.1625,,
CHF,2020-02,1m,15.0,0.8,0.14791666666666667,,
CHF,2020-02,1m,16.0,0.8,0.159375,,
CHF,2020-02,1m,18.0,0.995,0.21608040201005024,,
CHF,2020-02,1m,19.0,0.9983333333333333,0.2028380634390651,,
CHF,2020-02,1m,20.0,0.9991666666666666,0.13928273561301086,,
CHF,2020-02,1m,21.0,1.0,0.08083333333333333,,
CHF,2020-02,1m,22.0,1.0,0.049166666666666664,,
CHF,2020-02,1m,23.0,1.0,0.0625,,
CHF,2020-02,15m,,0.9586956521739131,0.01870748299319728,1840.0,1764.0
CHF,2020-02,15m,0.0,1.0,0.0,,
CHF,2020-02,15m,1.0,1.0,0.0125,,
CHF,2020-02,15m,2.0,1.0,0.0125,,
CHF,2020-02,15m,3.0,1.0,0.0,,
CHF,2020-02,15m,4.0,1.0,0.0,,
CHF,2020-02,15m,5.0,1.0,0.0,,
CHF,2020-02,15m,6.0,1.0,0.0,,
CHF,2020-02,15m,7.0,1.0,0.0125,,
CHF,2020-02,15m,8.0,1.0,0.0125,,
CHF,2020-02,15m,9.0,1.0,0.0125,,
CHF,2020-02,15m,10.0,1.0,0.0375,,
CHF,2020-02,15m,11.0,1.0,0.0125,,
CHF,2020-02,15m,12.0,0.85,0.014705882352941176,,
CHF,2020-02,15m,13.0,0.8,0.015625,,
CHF,2020-02,15m,14.0,0.8,0.0625,,
CHF,2020-02,15m,15.0,0.8,0.0,,
CHF,2020-02,15m,16.0,0.8,0.03125,,
CHF,2020-02,15m,18.0,1.0,0.05,,
CHF,2020-02,15m,19.0,1.0,0.025,,
CHF,2020-02,15m,20.0,1.0,0.0,,
CHF,2020-02,15m,21.0,1.0,0.0,,
CHF,2020-02,15m,22.0,1.0,0.0125,,
CHF,2020-02,15m,23.0,1.0,0.0,,
CHF,2020-02,1h,,0.9652173913043478,0.0045045045045045045,460.0,444.0
CHF,2020-02,1h,0.0,1.0,0.0,,
CHF,2020-02,1h,1.0,1.0,0.0,,
CHF,2020-02,1h,2.0,1.0,0.0,,
CHF,2020-02,1h,3.0,1.0,0.0,,
CHF,2020-02,1h,4.0,1.0,0.0,,
CHF,2020-02,1h,5.0,1.0,0.0,,
CHF,2020-02,1h,6.0,1.0,0.0,,
CHF,2020-02,1h,7.0,1.0,0.0,,
CHF,2020-02,1h,8.0,1.0,0.0,,
CHF,2020-02,1h,9.0,1.0,0.0,,
CHF,2020-02,1h,10.0,1.0,0.0,,
CHF,2020-02,1h,11.0,1.0,0.0,,
CHF,2020-02,1h,12.0,1.0,0.0,,
CHF,2020-02,1h,13.0,0.8,0.0,,
CHF,2020-02,1h,14.0,0.8,0.0,,
CHF,2020-02,1h,15.0,0.8,0.0,,
CHF,2020-02,1h,16.0,0.8,0.0,,
CHF,2020-02,1h,18.0,1.0,0.0,,
CHF,2020-02,1h,19.0,1.0,0.0,,
CHF,2020-02,1h,20.0,1.0,0.0,,
CHF,2020-02,1h,21.0,1.0,0.0,,
CHF,2020-02,1h,22.0,1.0,0.0,,
CHF,2020-02,1h,23.0,1.0,0.0,,
CHF,2020-08,1m,,0.9574928696608364,0.09169537754809072,29101.0,27864.0
CHF,2020-08,1m,0.0,1.0,0.026984126984126985,,
CHF,2020-08,1m,1.0,1.0,0.03650793650793651,,
CHF,2020-08,1m,2.0,1.0,0.04126984126984127,,
CHF,2020-08,1m,3.0,1.0,0.0380952380952381,,
CHF,2020-08,1m,4.0,1.0,0.04285714285714286,,
CHF,2020-08,1m,5.0,1.0,0.03650793650793651,,
CHF,2020-08,1m,6.0,1.0,0.031746031746031744,,
CHF,2020-08,1m,7.0,1.0,0.047619047619047616,,
CHF,2020-08,1m,8.0,1.0,0.05793650793650794,,
CHF,2020-08,1m,9.0,1.0,0.0880952380952381,,
CHF,2020-08,1m,10.0,1.0,0.07698412698412699,,
CHF,2020-08,1m,11.0,0.9984126984126984,0.09379968203497616,,
CHF,2020-08,1m,12.0,0.9793650793650793,0.16450567260940033,,
CHF,2020-08,1m,13.0,0.6611111111111111,0.2617046818727491,,
CHF,2020-08,1m,14.0,0.7761904761904762,0.27300613496932513,,
CHF,2020-08,1m,15.0,0.8047619047619048,0.1883629191321499,,
CHF,2020-08,1m,16.0,0.8095238095238095,0.08529411764705883,,
CHF,2020-08,1m,18.0,0.9946969696969697,0.1051028179741051,,
CHF,2020-08,1m,19.0,0.9984848484848485,0.13657056145675264,,
CHF,2020-08,1m,20.0,0.9984139571768438,0.16044479745830023,,
CHF,2020-08,1m,21.0,0.9976190476190476,0.12569610182975338,,
CHF,2020-08,1m,22.0,1.0,0.050793650793650794,,
CHF,2020-08,1m,23.0,1.0,0.0380952380952381,,
CHF,2020-08,15m,,0.9685729005667182,0.014893617021276596,1941.0,1880.0
CHF,2020-08,15m,0.0,1.0,0.0,,
CHF,2020-08,15m,1.0,1.0,0.0,,
CHF,2020-08,15m,2.0,1.0,0.011904761904761904,,
CHF,2020-08,15m,3.0,1.0,0.011904761904761904,,
CHF,2020-08,15m,4.0,1.0,0.011904761904761904,,
CHF,2020-08,15m,5.0,1.0,0.011904761904761904,,
CHF,2020-08,15m,6.0,1.0,0.0,,
CHF,2020-08,15m,7.0,1.0,0.011904761904761904,,
CHF,2020-08,15m,8.0,1.0,0.011904761904761904,,
CHF,2020-08,15m,9.0,1.0,0.0,,
CHF,2020-08,15m,10.0,1.0,0.023809523809523808,,
CHF,2020-08,15m,11.0,1.0,0.023809523809523808,,
CHF,2020-08,15m,12.0,1.0,0.023809523809523808,,
CHF,2020-08,15m,13.0,0.8452380952380952,0.0,,
CHF,2020-08,15m,14.0,0.8095238095238095,0.014705882352941176,,
CHF,2020-08,15m,15.0,0.8095238095238095,0.0,,
CHF,2020-08,15m,16.0,0.8095238095238095,0.0,,
CHF,2020-08,15m,18.0,1.0,0.022727272727272728,,
CHF,2020-08,15m,19.0,1.0,0.022727272727272728,,
CHF,2020-08,15m,20.0,1.0,0.03529411764705882,,
CHF,2020-08,15m,21.0,1.0,0.023809523809523808,,
CHF,2020-08,15m,22.0,1.0,0.0,,
CHF,2020-08,15m,23.0,1.0,0.023809523809523808,,
CHF,2020-08,1h,,0.9753086419753086,0.012658227848101266,486.0,474.0
CHF,2020-08,1h,0.0,1.0,0.0,,
CHF,2020-08,1h,1.0,1.0,0.0,,
CHF,2020-08,1h,2.0,1.0,0.0,,
CHF,2020-08,1h,3.0,1.0,0.0,,
CHF,2020-08,1h,4.0,1.0,0.0,,
CHF,2020-08,1h,5.0,1.0,0.0,,
CHF,2020-08,1h,6.0,1.0,0.0,,
CHF,2020-08,1h,7.0,1.0,0.0,,
CHF,2020-08,1h,8.0,1.0,0.0,,
CHF,2020-08,1h,9.0,1.0,0.0,,
CHF,2020-08,1h,10.0,1.0,0.0,,
CHF,2020-08,1h,11.0,1.0,0.0,,
CHF,2020-08,1h,12.0,1.0,0.0,,
CHF,2020-08,1h,13.0,1.0,0.0,,
CHF,2020-08,1h,14.0,0.8095238095238095,0.0,,
CHF,2020-08,1h,15.0,0.8095238095238095,0.0,,
CHF,2020-08,1h,16.0,0.8095238095238095,0.0,,
CHF,2020-08,1h,18.0,1.0,0.0,,
CHF,2020-08,1h,19.0,1.0,0.0,,
CHF,2020-08,1h,20.0,1.0,0.0,,
CHF,2020-08,1h,21.0,1.0,0.0,,
CHF,2020-08,1h,22.0,1.0,0.0,,
CHF,2020-08,1h,23.0,1.0,0.0,,
CHF,2025-02,1m,,0.9965217391304347,0.059336823734729496,27600.0,27504.0
CHF,2025-02,1m,0.0,0.9991666666666666,0.06422018348623854,,
CHF,2025-02,1m,1.0,0.9991666666666666,0.0750625521267723,,
CHF,2025-02,1m,2.0,0.9991666666666666,0.04670558798999166,,
CHF,2025-02,1m,3.0,0.9983333333333333,0.041736227045075125,,
CHF,2025-02,1m,4.0,0.9983333333333333,0.04757929883138564,,
CHF,2025-02,1m,5.0,0.9983333333333333,0.05175292153589316,,
CHF,2025-02,1m,6.0,1.0,0.05333333333333334,,
CHF,2025-02,1m,7.0,0.9983333333333333,0.04424040066777963,,
CHF,2025-02,1m,8.0,0.9991666666666666,0.0475396163469558,,
CHF,2025-02,1m,9.0,0.9958333333333333,0.032635983263598324,,
CHF,2025-02,1m,10.0,0.9925,0.03190596137699412,,
CHF,2025-02,1m,11.0,0.9916666666666667,0.04873949579831933,,
CHF,2025-02,1m,12.0,0.9866666666666667,0.05067567567567568,,
CHF,2025-02,1m,13.0,0.99,0.05218855218855219,,
CHF,2025-02,1m,14.0,0.9958333333333333,0.06861924686192468,,
CHF,2025-02,1m,15.0,0.9925,0.0764063811922754,,
CHF,2025-02,1m,16.0,0.9925,0.09739714525608732,,
CHF,2025-02,1m,18.0,1.0,0.06333333333333334,,
CHF,2025-02,1m,19.0,0.9991666666666666,0.06505421184320268,,
CHF,2025-02,1m,20.0,0.9991666666666666,0.058381984987489574,,
CHF,2025-02,1m,21.0,0.9975,0.07351712614870509,,
CHF,2025-02,1m,22.0,0.9991666666666666,0.0658882402001668,,
CHF,2025-02,1m,23.0,0.9975,0.0885547201336675,,
CHF,2025-02,15m,,1.0,0.014673913043478261,1840.0,1840.0
CHF,2025-02,15m,0.0,1.0,0.025,,
CHF,2025-02,15m,1.0,1.0,0.025,,
CHF,2025-02,15m,2.0,1.0,0.0,,
CHF,2025-02,15m,3.0,1.0,0.0,,
CHF,2025-02,15m,4.0,1.0,0.0,,
CHF,2025-02,15m,5.0,1.0,0.0,,
CHF,2025-02,15m,6.0,1.0,0.025,,
CHF,2025-02,15m,7.0,1.0,0.0,,
CHF,2025-02,15m,8.0,1.0,0.0,,
CHF,2025-02,15m,9.0,1.0,0.025,,
CHF,2025-02,15m,10.0,1.0,0.025,,
CHF,2025-02,15m,11.0,1.0,0.0125,,
CHF,2025-02,15m,12.0,1.0,0.0,,
CHF,2025-02,15m,13.0,1.0,0.025,,
CHF,2025-02,15m,14.0,1.0,0.0,,
CHF,2025-02,15m,15.0,1.0,0.0125,,
CHF,2025-02,15m,16.0,1.0,0.0,,
CHF,2025-02,15m,18.0,1.0,0.0125,,
CHF,2025-02,15m,19.0,1.0,0.0,,
CHF,2025-02,15m,20.0,1.0,0.0125,,
CHF,2025-02,15m,21.0,1.0,0.0375,,
CHF,2025-02,15m,22.0,1.0,0.0,,
CHF,2025-02,15m,23.0,1.0,0.0125,,
CHF,2025-02,1h,,1.0,0.004347826086956522,460.0,460.0
CHF,2025-02,1h,0.0,1.0,0.0,,
CHF,2025-02,1h,1.0,1.0,0.0,,
CHF,2025-02,1h,2.0,1.0,0.0,,
CHF,2025-02,1h,3.0,1.0,0.0,,
CHF,2025-02,1h,4.0,1.0,0.0,,
CHF,2025-02,1h,5.0,1.0,0.0,,
CHF,2025-02,1h,6.0,1.0,0.0,,
CHF,2025-02,1h,7.0,1.0,0.0,,
CHF,2025-02,1h,8.0,1.0,0.0,,
CHF,2025-02,1h,9.0,1.0,0.0,,
CHF,2025-02,1h,10.0,1.0,0.0,,
CHF,2025-02,1h,11.0,1.0,0.0,,
CHF,2025-02,1h,12.0,1.0,0.0,,
CHF,2025-02,1h,13.0,1.0,0.0,,
CHF,2025-02,1h,14.0,1.0,0.0,,
CHF,2025-02,1h,15.0,1.0,0.0,,
CHF,2025-02,1h,16.0,1.0,0.0,,
CHF,2025-02,1h,18.0,1.0,0.0,,
CHF,2025-02,1h,19.0,1.0,0.0,,
CHF,2025-02,1h,20.0,1.0,0.0,,
CHF,2025-02,1h,21.0,1.0,0.0,,
CHF,2025-02,1h,22.0,1.0,0.0,,
CHF,2025-02,1h,23.0,1.0,0.0,,
CHF,2025-08,1m,,0.9979986197377502,0.06289329921858793,28980.0,28922.0
CHF,2025-08,1m,0.0,0.9992063492063492,0.0937251787132645,,
CHF,2025-08,1m,1.0,1.0,0.07539682539682539,,
CHF,2025-08,1m,2.0,0.9992063492063492,0.03653693407466243,,
CHF,2025-08,1m,3.0,0.9984126984126984,0.04213036565977742,,
CHF,2025-08,1m,4.0,0.9984126984126984,0.046104928457869634,,
CHF,2025-08,1m,5.0,0.9992063492063492,0.059571088165210485,,
CHF,2025-08,1m,6.0,0.996031746031746,0.05976095617529881,,
CHF,2025-08,1m,7.0,0.9992063492063492,0.05242255758538523,,
CHF,2025-08,1m,8.0,0.9992063492063492,0.046068308181096106,,
CHF,2025-08,1m,9.0,1.0,0.02857142857142857,,
CHF,2025-08,1m,10.0,0.9936507936507937,0.03354632587859425,,
CHF,2025-08,1m,11.0,0.996031746031746,0.03904382470119522,,
CHF,2025-08,1m,12.0,0.9984126984126984,0.05564387917329094,,
CHF,2025-08,1m,13.0,0.9976190476190476,0.05807478122513922,,
CHF,2025-08,1m,14.0,1.0,0.06746031746031746,,
CHF,2025-08,1m,15.0,0.9976190476190476,0.07398568019093078,,
CHF,2025-08,1m,16.0,0.9992063492063492,0.09531374106433678,,
CHF,2025-08,1m,18.0,0.9936507936507937,0.09584664536741214,,
CHF,2025-08,1m,19.0,0.9936507936507937,0.10143769968051118,,
CHF,2025-08,1m,20.0,0.9992063492063492,0.059571088165210485,,
CHF,2025-08,1m,21.0,0.9976190476190476,0.06364359586316627,,
CHF,2025-08,1m,22.0,1.0,0.06825396825396825,,
CHF,2025-08,1m,23.0,0.9984126984126984,0.07869634340222575,,
CHF,2025-08,15m,,1.0,0.016563146997929608,1932.0,1932.0
CHF,2025-08,15m,0.0,1.0,0.023809523809523808,,
CHF,2025-08,15m,1.0,1.0,0.023809523809523808,,
CHF,2025-08,15m,2.0,1.0,0.011904761904761904,,
CHF,2025-08,15m,3.0,1.0,0.0,,
CHF,2025-08,15m,4.0,1.0,0.0,,
CHF,2025-08,15m,5.0,1.0,0.011904761904761904,,
CHF,2025-08,15m,6.0,1.0,0.011904761904761904,,
CHF,2025-08,15m,7.0,1.0,0.023809523809523808,,
CHF,2025-08,15m,8.0,1.0,0.011904761904761904,,
CHF,2025-08,15m,9.0,1.0,0.0,,
CHF,2025-08,15m,10.0,1.0,0.023809523809523808,,
CHF,2025-08,15m,11.0,1.0,0.023809523809523808,,
CHF,2025-08,15m,12.0,1.0,0.0,,
CHF,2025-08,15m,13.0,1.0,0.011904761904761904,,
CHF,2025-08,15m,14.0,1.0,0.011904761904761904,,
CHF,2025-08,15m,15.0,1.0,0.0,,
CHF,2025-08,15m,16.0,1.0,0.011904761904761904,,
CHF,2025-08,15m,18.0,1.0,0.0,,
CHF,2025-08,15m,19.0,1.0,0.011904761904761904,,
CHF,2025-08,15m,20.0,1.0,0.011904761904761904,,
CHF,2025-08,15m,21.0,1.0,0.0,,
CHF,2025-08,15m,22.0,1.0,0.011904761904761904,,
CHF,2025-08,15m,23.0,1.0,0.023809523809523808,,
CHF,2025-08,1h,,1.0,0.010351966873706004,483.0,483.0
CHF,2025-08,1h,0.0,1.0,0.0,,
CHF,2025-08,1h,1.0,1.0,0.0,,
CHF,2025-08,1h,2.0,1.0,0.0,,
CHF,2025-08,1h,3.0,1.0,0.0,,
CHF,2025-08,1h,4.0,1.0,0.047619047619047616,,
CHF,2025-08,1h,5.0,1.0,0.0,,
CHF,2025-08,1h,6.0,1.0,0.0,,
CHF,2025-08,1h,7.0,1.0,0.0,,
CHF,2025-08,1h,8.0,1.0,0.0,,
CHF,2025-08,1h,9.0,1.0,0.0,,
CHF,2025-08,1h,10.0,1.0,0.0,,
CHF,2025-08,1h,11.0,1.0,0.0,,
CHF,2025-08,1h,12.0,1.0,0.0,,
CHF,2025-08,1h,13.0,1.0,0.0,,
CHF,2025-08,1h,14.0,1.0,0.0,,
CHF,2025-08,1h,15.0,1.0,0.0,,
CHF,2025-08,1h,16.0,1.0,0.0,,
CHF,2025-08,1h,18.0,1.0,0.0,,
CHF,2025-08,1h,19.0,1.0,0.0,,
CHF,2025-08,1h,20.0,1.0,0.0,,
CHF,2025-08,1h,21.0,1.0,0.0,,
CHF,2025-08,1h,22.0,1.0,0.0,,
CHF,2025-08,1h,23.0,1.0,0.0,,
AUD,2009-11,1m,,0.9227643676181949,0.10340323904769012,29041.0,26798.0
AUD,2009-11,1m,0.0,0.9920634920634921,0.1104,,
AUD,2009-11,1m,1.0,0.9896825396825397,0.1210906174819567,,
AUD,2009-11,1m,2.0,0.9714285714285714,0.10294117647058823,,
AUD,2009-11,1m,3.0,0.9944444444444445,0.09177972865123703,,
AUD,2009-11,1m,4.0,0.9984126984126984,0.06120826709062003,,
AUD,2009-11,1m,5.0,0.9936507936507937,0.04712460063897764,,
AUD,2009-11,1m,6.0,0.9992063492063492,0.050833995234312944,,
AUD,2009-11,1m,7.0,0.996031746031746,0.08446215139442231,,
AUD,2009-11,1m,8.0,0.969047619047619,0.11466011466011466,,
AUD,2009-11,1m,9.0,0.9587301587301588,0.09850993377483444,,
AUD,2009-11,1m,10.0,0.9515873015873015,0.12427022518765637,,
AUD,2009-11,1m,11.0,0.7182539682539683,0.1580110497237569,,
AUD,2009-11,1m,12.0,0.6452380952380953,0.15744157441574416,,
AUD,2009-11,1m,13.0,0.7507936507936508,0.13424947145877378,,
AUD,2009-11,1m,14.0,0.8015873015873016,0.08316831683168317,,
AUD,2009-11,1m,15.0,0.7936507936507936,0.123,,
AUD,2009-11,1m,16.0,0.7952380952380952,0.12375249500998003,,
AUD,2009-11,1m,18.0,0.9681818181818181,0.13771517996870108,,
AUD,2009-11,1m,19.0,0.9603489294210944,0.129644921552436,,
AUD,2009-11,1m,20.0,0.9809523809523809,0.09789644012944984,,
AUD,2009-11,1m,21.0,0.9992063492063492,0.06354249404289118,,
AUD,2009-11,1m,22.0,1.0,0.08888888888888889,,
AUD,2009-11,1m,23.0,0.9936507936507937,0.0926517571884984,,
AUD,2009-11,15m,,0.9519876097057305,0.01735357917570499,1937.0,1844.0
AUD,2009-11,15m,0.0,1.0,0.0,,
AUD,2009-11,15m,1.0,1.0,0.011904761904761904,,
AUD,2009-11,15m,2.0,1.0,0.011904761904761904,,
AUD,2009-11,15m,3.0,0.9880952380952381,0.0,,
AUD,2009-11,15m,4.0,1.0,0.011904761904761904,,
AUD,2009-11,15m,5.0,1.0,0.011904761904761904,,
AUD,2009-11,15m,6.0,1.0,0.011904761904761904,,
AUD,2009-11,15m,7.0,1.0,0.011904761904761904,,
AUD,2009-11,15m,8.0,1.0,0.047619047619047616,,
AUD,2009-11,15m,9.0,1.0,0.023809523809523808,,
AUD,2009-11,15m,10.0,1.0,0.03571428571428571,,
AUD,2009-11,15m,11.0,0.8571428571428571,0.013888888888888888,,
AUD,2009-11,15m,12.0,0.8095238095238095,0.014705882352941176,,
AUD,2009-11,15m,13.0,0.8095238095238095,0.0,,
AUD,2009-11,15m,14.0,0.8095238095238095,0.0,,
AUD,2009-11,15m,15.0,0.8095238095238095,0.029411764705882353,,
AUD,2009-11,15m,16.0,0.8095238095238095,0.029411764705882353,,
AUD,2009-11,15m,18.0,1.0,0.011363636363636364,,
AUD,2009-11,15m,19.0,1.0,0.0,,
AUD,2009-11,15m,20.0,1.0,0.0,,
AUD,2009-11,15m,21.0,1.0,0.011904761904761904,,
AUD,2009-11,15m,22.0,1.0,0.0,,
AUD,2009-11,15m,23.0,1.0,0.011904761904761904,,
AUD,2009-11,1h,,0.9587628865979382,0.015053763440860216,485.0,465.0
AUD,2009-11,1h,0.0,1.0,0.0,,
AUD,2009-11,1h,1.0,1.0,0.0,,
AUD,2009-11,1h,2.0,1.0,0.0,,
AUD,2009-11,1h,3.0,1.0,0.0,,
AUD,2009-11,1h,4.0,1.0,0.0,,
AUD,2009-11,1h,5.0,1.0,0.0,,
AUD,2009-11,1h,6.0,1.0,0.0,,
AUD,2009-11,1h,7.0,1.0,0.0,,
AUD,2009-11,1h,8.0,1.0,0.0,,
AUD,2009-11,1h,9.0,1.0,0.0,,
AUD,2009-11,1h,10.0,1.0,0.0,,
AUD,2009-11,1h,11.0,1.0,0.0,,
AUD,2009-11,1h,12.0,0.8095238095238095,0.0,,
AUD,2009-11,1h,13.0,0.8095238095238095,0.0,,
AUD,2009-11,1h,14.0,0.8095238095238095,0.0,,
AUD,2009-11,1h,15.0,0.8095238095238095,0.0,,
AUD,2009-11,1h,16.0,0.8095238095238095,0.0,,
AUD,2009-11,1h,18.0,1.0,0.0,,
AUD,2009-11,1h,19.0,1.0,0.0,,
AUD,2009-11,1h,20.0,1.0,0.047619047619047616,,
AUD,2009-11,1h,21.0,1.0,0.0,,
AUD,2009-11,1h,22.0,1.0,0.0,,
AUD,2009-11,1h,23.0,1.0,0.0,,
AUD,2010-02,1m,,0.9221376811594203,0.09355231621547287,27600.0,25451.0
AUD,2010-02,1m,0.0,0.9983333333333333,0.09015025041736227,,
AUD,2010-02,1m,1.0,0.9933333333333333,0.10486577181208054,,
AUD,2010-02,1m,2.0,1.0,0.07583333333333334,,
AUD,2010-02,1m,3.0,1.0,0.059166666666666666,,
AUD,2010-02,1m,4.0,0.9991666666666666,0.058381984987489574,,
AUD,2010-02,1m,5.0,0.99,0.04377104377104377,,
AUD,2010-02,1m,6.0,0.98,0.05442176870748299,,
AUD,2010-02,1m,7.0,0.9966666666666667,0.07190635451505016,,
AUD,2010-02,1m,8.0,0.9775,0.08269394714407502,,
AUD,2010-02,1m,9.0,0.9675,0.0913006029285099,,
AUD,2010-02,1m,10.0,0.9733333333333334,0.11643835616438356,,
AUD,2010-02,1m,11.0,0.715,0.1655011655011655,,
AUD,2010-02,1m,12.0,0.7075,0.127208480565371,,
AUD,2010-02,1m,13.0,0.7483333333333333,0.1403118040089087,,
AUD,2010-02,1m,14.0,0.75,0.10111111111111111,,
AUD,2010-02,1m,15.0,0.7858333333333334,0.1007423117709438,,
AUD,2010-02,1m,16.0,0.785,0.11464968152866242,,
AUD,2010-02,1m,18.0,0.9575,0.13141862489120976,,
AUD,2010-02,1m,19.0,0.9291666666666667,0.13991031390134528,,
AUD,2010-02,1m,20.0,0.9558333333333333,0.10810810810810811,,
AUD,2010-02,1m,21.0,1.0,0.06583333333333333,,
AUD,2010-02,1m,22.0,1.0,0.06,,
AUD,2010-02,1m,23.0,0.9991666666666666,0.08006672226855713,,
AUD,2010-02,15m,,0.9445652173913044,0.02243958573072497,1840.0,1738.0
AUD,2010-02,15m,0.0,1.0,0.025,,
AUD,2010-02,15m,1.0,1.0,0.0125,,
AUD,2010-02,15m,2.0,1.0,0.0125,,
AUD,2010-02,15m,3.0,1.0,0.0,,
AUD,2010-02,15m,4.0,1.0,0.025,,
AUD,2010-02,15m,5.0,1.0,0.0,,
AUD,2010-02,15m,6.0,0.9875,0.0,,
AUD,2010-02,15m,7.0,1.0,0.0,,
AUD,2010-02,15m,8.0,1.0,0.0125,,
AUD,2010-02,15m,9.0,1.0,0.0,,
AUD,2010-02,15m,10.0,1.0,0.0375,,
AUD,2010-02,15m,11.0,0.85,0.029411764705882353,,
AUD,2010-02,15m,12.0,0.8,0.03125,,
AUD,2010-02,15m,13.0,0.8,0.015625,,
AUD,2010-02,15m,14.0,0.775,0.03225806451612903,,
AUD,2010-02,15m,15.0,0.7875,0.0,,
AUD,2010-02,15m,16.0,0.8,0.0,,
AUD,2010-02,15m,18.0,1.0,0.05,,
AUD,2010-02,15m,19.0,0.9625,0.03896103896103896,,
AUD,2010-02,15m,20.0,0.9625,0.03896103896103896,,
AUD,2010-02,15m,21.0,1.0,0.0125,,
AUD,2010-02,15m,22.0,1.0,0.0,,
AUD,2010-02,15m,23.0,1.0,0.0125,,
AUD,2010-02,1h,,0.9543478260869566,0.002277904328018223,460.0,439.0
AUD,2010-02,1h,0.0,1.0,0.0,,
AUD,2010-02,1h,1.0,1.0,0.0,,
AUD,2010-02,1h,2.0,1.0,0.0,,
AUD,2010-02,1h,3.0,1.0,0.0,,
AUD,2010-02,1h,4.0,1.0,0.0,,
AUD,2010-02,1h,5.0,1.0,0.0,,
AUD,2010-02,1h,6.0,1.0,0.0,,
AUD,2010-02,1h,7.0,1.0,0.0,,
AUD,2010-02,1h,8.0,1.0,0.0,,
AUD,2010-02,1h,9.0,1.0,0.0,,
AUD,2010-02,1h,10.0,1.0,0.0,,
AUD,2010-02,1h,11.0,1.0,0.0,,
AUD,2010-02,1h,12.0,0.8,0.0,,
AUD,2010-02,1h,13.0,0.8,0.0,,
AUD,2010-02,1h,14.0,0.8,0.0,,
AUD,2010-02,1h,15.0,0.8,0.0,,
AUD,2010-02,1h,16.0,0.8,0.0,,
AUD,2010-02,1h,18.0,1.0,0.0,,
AUD,2010-02,1h,19.0,1.0,0.0,,
AUD,2010-02,1h,20.0,0.95,0.0,,
AUD,2010-02,1h,21.0,1.0,0.0,,
AUD,2010-02,1h,22.0,1.0,0.0,,
AUD,2010-02,1h,23.0,1.0,0.0,,
AUD,2010-08,1m,,0.9533151799481644,0.06545529630394384,30481.0,29058.0
AUD,2010-08,1m,0.0,1.0,0.045454545454545456,,
AUD,2010-08,1m,1.0,1.0,0.055303030303030305,,
AUD,2010-08,1m,2.0,1.0,0.06136363636363636,,
AUD,2010-08,1m,3.0,1.0,0.06287878787878788,,
AUD,2010-08,1m,4.0,1.0,0.03106060606060606,,
AUD,2010-08,1m,5.0,1.0,0.021212121212121213,,
AUD,2010-08,1m,6.0,1.0,0.019696969696969695,,
AUD,2010-08,1m,7.0,1.0,0.04090909090909091,,
AUD,2010-08,1m,8.0,1.0,0.058333333333333334,,
AUD,2010-08,1m,9.0,1.0,0.0696969696969697,,
AUD,2010-08,1m,10.0,1.0,0.06212121212121212,,
AUD,2010-08,1m,11.0,1.0,0.06287878787878788,,
AUD,2010-08,1m,12.0,0.8098484848484848,0.146866230121609,,
AUD,2010-08,1m,13.0,0.7121212121212122,0.1372340425531915,,
AUD,2010-08,1m,14.0,0.7757575757575758,0.12890625,,
AUD,2010-08,1m,15.0,0.8090909090909091,0.1151685393258427,,
AUD,2010-08,1m,16.0,0.8181818181818182,0.053703703703703705,,
AUD,2010-08,1m,18.0,0.9992753623188406,0.0826686004350979,,
AUD,2010-08,1m,19.0,0.9985507246376811,0.08055152394775036,,
AUD,2010-08,1m,20.0,0.9992429977289932,0.08484848484848485,,
AUD,2010-08,1m,21.0,1.0,0.06060606060606061,,
AUD,2010-08,1m,22.0,1.0,0.03484848484848485,,
AUD,2010-08,1m,23.0,1.0,0.03106060606060606,,
AUD,2010-08,15m,,0.9636005902606984,0.006636038795303726,2033.0,1959.0
AUD,2010-08,15m,0.0,1.0,0.0,,
AUD,2010-08,15m,1.0,1.0,0.011363636363636364,,
AUD,2010-08,15m,2.0,1.0,0.0,,
AUD,2010-08,15m,3.0,1.0,0.0,,
AUD,2010-08,15m,4.0,1.0,0.0,,
AUD,2010-08,15m,5.0,1.0,0.0,,
AUD,2010-08,15m,6.0,1.0,0.011363636363636364,,
AUD,2010-08,15m,7.0,1.0,0.0,,
AUD,2010-08,15m,8.0,1.0,0.0,,
AUD,2010-08,15m,9.0,1.0,0.0,,
AUD,2010-08,15m,10.0,1.0,0.0,,
AUD,2010-08,15m,11.0,1.0,0.0,,
AUD,2010-08,15m,12.0,0.8863636363636364,0.01282051282051282,,
AUD,2010-08,15m,13.0,0.8181818181818182,0.013888888888888888,,
AUD,2010-08,15m,14.0,0.8181818181818182,0.0,,
AUD,2010-08,15m,15.0,0.8181818181818182,0.0,,
AUD,2010-08,15m,16.0,0.8181818181818182,0.013888888888888888,,
AUD,2010-08,15m,18.0,1.0,0.03260869565217391,,
AUD,2010-08,15m,19.0,1.0,0.0,,
AUD,2010-08,15m,20.0,1.0,0.0,,
AUD,2010-08,15m,21.0,1.0,0.03409090909090909,,
AUD,2010-08,15m,22.0,1.0,0.0,,
AUD,2010-08,15m,23.0,1.0,0.0,,
AUD,2010-08,1h,,0.9724950884086444,0.006060606060606061,509.0,495.0
AUD,2010-08,1h,0.0,1.0,0.0,,
AUD,2010-08,1h,1.0,1.0,0.0,,
AUD,2010-08,1h,2.0,1.0,0.0,,
AUD,2010-08,1h,3.0,1.0,0.0,,
AUD,2010-08,1h,4.0,1.0,0.0,,
AUD,2010-08,1h,5.0,1.0,0.0,,
AUD,2010-08,1h,6.0,1.0,0.0,,
AUD,2010-08,1h,7.0,1.0,0.0,,
AUD,2010-08,1h,8.0,1.0,0.0,,
AUD,2010-08,1h,9.0,1.0,0.0,,
AUD,2010-08,1h,10.0,1.0,0.0,,
AUD,2010-08,1h,11.0,1.0,0.0,,
AUD,2010-08,1h,12.0,1.0,0.0,,
AUD,2010-08,1h,13.0,0.9090909090909091,0.0,,
AUD,2010-08,1h,14.0,0.8181818181818182,0.0,,
AUD,2010-08,1h,15.0,0.8181818181818182,0.0,,
AUD,2010-08,1h,16.0,0.8181818181818182,0.0,,
AUD,2010-08,1h,18.0,1.0,0.0,,
AUD,2010-08,1h,19.0,1.0,0.0,,
AUD,2010-08,1h,20.0,1.0,0.043478260869565216,,
AUD,2010-08,1h,21.0,1.0,0.0,,
AUD,2010-08,1h,22.0,1.0,0.0,,
AUD,2010-08,1h,23.0,1.0,0.0,,
AUD,2015-02,1m,,0.9543478260869566,0.058921791951404706,27600.0,26340.0
AUD,2015-02,1m,0.0,1.0,0.04083333333333333,,
AUD,2015-02,1m,1.0,1.0,0.04083333333333333,,
AUD,2015-02,1m,2.0,0.9991666666666666,0.04920767306088407,,
AUD,2015-02,1m,3.0,0.9991666666666666,0.03836530442035029,,
AUD,2015-02,1m,4.0,0.9991666666666666,0.03836530442035029,,
AUD,2015-02,1m,5.0,1.0,0.0325,,
AUD,2015-02,1m,6.0,1.0,0.0425,,
AUD,2015-02,1m,7.0,0.9991666666666666,0.0567139282735613,,
AUD,2015-02,1m,8.0,1.0,0.06333333333333334,,
AUD,2015-02,1m,9.0,1.0,0.07666666666666666,,
AUD,2015-02,1m,10.0,1.0,0.06833333333333333,,
AUD,2015-02,1m,11.0,0.995,0.09296482412060302,,
AUD,2015-02,1m,12.0,0.7625,0.0994535519125683,,
AUD,2015-02,1m,13.0,0.8,0.08125,,
AUD,2015-02,1m,14.0,0.8,0.052083333333333336,,
AUD,2015-02,1m,15.0,0.7983333333333333,0.04175365344467641,,
AUD,2015-02,1m,16.0,0.7991666666666667,0.07612095933263817,,
AUD,2015-02,1m,18.0,0.9991666666666666,0.08757297748123437,,
AUD,2015-02,1m,19.0,0.9991666666666666,0.08924103419516263,,
AUD,2015-02,1m,20.0,1.0,0.07416666666666667,,
AUD,2015-02,1m,21.0,1.0,0.0475,,
AUD,2015-02,1m,22.0,1.0,0.03166666666666667,,
AUD,2015-02,1m,23.0,1.0,0.04083333333333333,,
AUD,2015-02,15m,,0.9586956521739131,0.011904761904761904,1840.0,1764.0
AUD,2015-02,15m,0.0,1.0,0.0125,,
AUD,2015-02,15m,1.0,1.0,0.0,,
AUD,2015-02,15m,2.0,1.0,0.0,,
AUD,2015-02,15m,3.0,1.0,0.0125,,
AUD,2015-02,15m,4.0,1.0,0.0,,
AUD,2015-02,15m,5.0,1.0,0.0,,
AUD,2015-02,15m,6.0,1.0,0.025,,
AUD,2015-02,15m,7.0,1.0,0.0,,
AUD,2015-02,15m,8.0,1.0,0.0,,
AUD,2015-02,15m,9.0,1.0,0.0,,
AUD,2015-02,15m,10.0,1.0,0.025,,
AUD,2015-02,15m,11.0,1.0,0.0125,,
AUD,2015-02,15m,12.0,0.85,0.014705882352941176,,
AUD,2015-02,15m,13.0,0.8,0.0,,
AUD,2015-02,15m,14.0,0.8,0.0,,
AUD,2015-02,15m,15.0,0.8,0.0,,
AUD,2015-02,15m,16.0,0.8,0.0,,
AUD,2015-02,15m,18.0,1.0,0.025,,
AUD,2015-02,15m,19.0,1.0,0.0375,,
AUD,2015-02,15m,20.0,1.0,0.025,,
AUD,2015-02,15m,21.0,1.0,0.0,,
AUD,2015-02,15m,22.0,1.0,0.0125,,
AUD,2015-02,15m,23.0,1.0,0.0,,
AUD,2015-02,1h,,0.9652173913043478,0.006756756756756757,460.0,444.0
AUD,2015-02,1h,0.0,1.0,0.0,,
AUD,2015-02,1h,1.0,1.0,0.0,,
AUD,2015-02,1h,2.0,1.0,0.0,,
AUD,2015-02,1h,3.0,1.0,0.0,,
AUD,2015-02,1h,4.0,1.0,0.0,,
AUD,2015-02,1h,5.0,1.0,0.0,,
AUD,2015-02,1h,6.0,1.0,0.0,,
AUD,2015-02,1h,7.0,1.0,0.0,,
AUD,2015-02,1h,8.0,1.0,0.05,,
AUD,2015-02,1h,9.0,1.0,0.0,,
AUD,2015-02,1h,10.0,1.0,0.0,,
AUD,2015-02,1h,11.0,1.0,0.0,,
AUD,2015-02,1h,12.0,1.0,0.0,,
AUD,2015-02,1h,13.0,0.8,0.0,,
AUD,2015-02,1h,14.0,0.8,0.0,,
AUD,2015-02,1h,15.0,0.8,0.0,,
AUD,2015-02,1h,16.0,0.8,0.0,,
AUD,2015-02,1h,18.0,1.0,0.0,,
AUD,2015-02,1h,19.0,1.0,0.0,,
AUD,2015-02,1h,20.0,1.0,0.0,,
AUD,2015-02,1h,21.0,1.0,0.0,,
AUD,2015-02,1h,22.0,1.0,0.0,,
AUD,2015-02,1h,23.0,1.0,0.0,,
AUD,2015-08,1m,,0.9643654857221401,0.06307012542759408,29101.0,28064.0
AUD,2015-08,1m,0.0,1.0,0.047619047619047616,,
AUD,2015-08,1m,1.0,1.0,0.05,,
AUD,2015-08,1m,2.0,1.0,0.07301587301587302,,
AUD,2015-08,1m,3.0,1.0,0.05873015873015873,,
AUD,2015-08,1m,4.0,1.0,0.044444444444444446,,
AUD,2015-08,1m,5.0,1.0,0.034126984126984124,,
AUD,2015-08,1m,6.0,1.0,0.03650793650793651,,
AUD,2015-08,1m,7.0,1.0,0.03333333333333333,,
AUD,2015-08,1m,8.0,1.0,0.05952380952380952,,
AUD,2015-08,1m,9.0,1.0,0.06904761904761905,,
AUD,2015-08,1m,10.0,1.0,0.07539682539682539,,
AUD,2015-08,1m,11.0,1.0,0.07539682539682539,,
AUD,2015-08,1m,12.0,0.9992063492063492,0.08339952343129468,,
AUD,2015-08,1m,13.0,0.7547619047619047,0.18401682439537329,,
AUD,2015-08,1m,14.0,0.8071428571428572,0.09636184857423795,,
AUD,2015-08,1m,15.0,0.8071428571428572,0.0943952802359882,,
AUD,2015-08,1m,16.0,0.8095238095238095,0.050980392156862744,,
AUD,2015-08,1m,18.0,1.0,0.04015151515151515,,
AUD,2015-08,1m,19.0,0.9992424242424243,0.05534495830174375,,
AUD,2015-08,1m,20.0,1.0,0.06502775574940524,,
AUD,2015-08,1m,21.0,1.0,0.06428571428571428,,
AUD,2015-08,1m,22.0,1.0,0.04206349206349207,,
AUD,2015-08,1m,23.0,1.0,0.046031746031746035,,
AUD,2015-08,15m,,0.9690880989180835,0.013290802764486975,1941.0,1881.0
AUD,2015-08,15m,0.0,1.0,0.011904761904761904,,
AUD,2015-08,15m,1.0,1.0,0.0,,
AUD,2015-08,15m,2.0,1.0,0.0,,
AUD,2015-08,15m,3.0,1.0,0.023809523809523808,,
AUD,2015-08,15m,4.0,1.0,0.0,,
AUD,2015-08,15m,5.0,1.0,0.011904761904761904,,
AUD,2015-08,15m,6.0,1.0,0.0,,
AUD,2015-08,15m,7.0,1.0,0.011904761904761904,,
AUD,2015-08,15m,8.0,1.0,0.0,,
AUD,2015-08,15m,9.0,1.0,0.0,,
AUD,2015-08,15m,10.0,1.0,0.0,,
AUD,2015-08,15m,11.0,1.0,0.0,,
AUD,2015-08,15m,12.0,1.0,0.023809523809523808,,
AUD,2015-08,15m,13.0,0.8571428571428571,0.027777777777777776,,
AUD,2015-08,15m,14.0,0.8095238095238095,0.014705882352941176,,
AUD,2015-08,15m,15.0,0.8095238095238095,0.04411764705882353,,
AUD,2015-08,15m,16.0,0.8095238095238095,0.029411764705882353,,
AUD,2015-08,15m,18.0,1.0,0.0,,
AUD,2015-08,15m,19.0,1.0,0.022727272727272728,,
AUD,2015-08,15m,20.0,1.0,0.0,,
AUD,2015-08,15m,21.0,1.0,0.011904761904761904,,
AUD,2015-08,15m,22.0,1.0,0.0,,
AUD,2015-08,15m,23.0,1.0,0.0,,
AUD,2015-08,1h,,0.9753086419753086,0.006329113924050633,486.0,474.0
AUD,2015-08,1h,0.0,1.0,0.0,,
AUD,2015-08,1h,1.0,1.0,0.0,,
AUD,2015-08,1h,2.0,1.0,0.0,,
AUD,2015-08,1h,3.0,1.0,0.0,,
AUD,2015-08,1h,4.0,1.0,0.0,,
AUD,2015-08,1h,5.0,1.0,0.0,,
AUD,2015-08,1h,6.0,1.0,0.0,,
AUD,2015-08,1h,7.0,1.0,0.0,,
AUD,2015-08,1h,8.0,1.0,0.0,,
AUD,2015-08,1h,9.0,1.0,0.0,,
AUD,2015-08,1h,10.0,1.0,0.0,,
AUD,2015-08,1h,11.0,1.0,0.0,,
AUD,2015-08,1h,12.0,1.0,0.0,,
AUD,2015-08,1h,13.0,1.0,0.0,,
AUD,2015-08,1h,14.0,0.8095238095238095,0.0,,
AUD,2015-08,1h,15.0,0.8095238095238095,0.0,,
AUD,2015-08,1h,16.0,0.8095238095238095,0.0,,
AUD,2015-08,1h,18.0,1.0,0.0,,
AUD,2015-08,1h,19.0,1.0,0.0,,
AUD,2015-08,1h,20.0,1.0,0.0,,
AUD,2015-08,1h,21.0,1.0,0.0,,
AUD,2015-08,1h,22.0,1.0,0.0,,
AUD,2015-08,1h,23.0,1.0,0.0,,
AUD,2020-02,1m,,0.9533333333333334,0.10721343873517787,27600.0,26312.0
AUD,2020-02,1m,0.0,1.0,0.07583333333333334,,
AUD,2020-02,1m,1.0,1.0,0.09666666666666666,,
AUD,2020-02,1m,2.0,1.0,0.09666666666666666,,
AUD,2020-02,1m,3.0,1.0,0.08083333333333333,,
AUD,2020-02,1m,4.0,1.0,0.085,,
AUD,2020-02,1m,5.0,1.0,0.05416666666666667,,
AUD,2020-02,1m,6.0,1.0,0.075,,
AUD,2020-02,1m,7.0,0.9966666666666667,0.10451505016722408,,
AUD,2020-02,1m,8.0,1.0,0.17,,
AUD,2020-02,1m,9.0,0.9975,0.1361737677527151,,
AUD,2020-02,1m,10.0,1.0,0.18833333333333332,,
AUD,2020-02,1m,11.0,0.9891666666666666,0.1988205560235889,,
AUD,2020-02,1m,12.0,0.7491666666666666,0.21690767519466073,,
AUD,2020-02,1m,13.0,0.7983333333333333,0.1315240083507307,,
AUD,2020-02,1m,14.0,0.8,0.07708333333333334,,
AUD,2020-02,1m,15.0,0.8,0.06145833333333333,,
AUD,2020-02,1m,16.0,0.8,0.07395833333333333,,
AUD,2020-02,1m,18.0,0.9991666666666666,0.12593828190158465,,
AUD,2020-02,1m,19.0,0.9975,0.11695906432748537,,
AUD,2020-02,1m,20.0,0.9991666666666666,0.09424520433694746,,
AUD,2020-02,1m,21.0,1.0,0.065,,
AUD,2020-02,1m,22.0,1.0,0.05416666666666667,,
AUD,2020-02,1m,23.0,1.0,0.07083333333333333,,
AUD,2020-02,15m,,0.9586956521739131,0.01984126984126984,1840.0,1764.0
AUD,2020-02,15m,0.0,1.0,0.0125,,
AUD,2020-02,15m,1.0,1.0,0.025,,
AUD,2020-02,15m,2.0,1.0,0.0125,,
AUD,2020-02,15m,3.0,1.0,0.0125,,
AUD,2020-02,15m,4.0,1.0,0.0125,,
AUD,2020-02,15m,5.0,1.0,0.0125,,
AUD,2020-02,15m,6.0,1.0,0.0125,,
AUD,2020-02,15m,7.0,1.0,0.0,,
AUD,2020-02,15m,8.0,1.0,0.025,,
AUD,2020-02,15m,9.0,1.0,0.0125,,
AUD,2020-02,15m,10.0,1.0,0.0375,,
AUD,2020-02,15m,11.0,1.0,0.0125,,
AUD,2020-02,15m,12.0,0.85,0.014705882352941176,,
AUD,2020-02,15m,13.0,0.8,0.0,,
AUD,2020-02,15m,14.0,0.8,0.0625,,
AUD,2020-02,15m,15.0,0.8,0.015625,,
AUD,2020-02,15m,16.0,0.8,0.046875,,
AUD,2020-02,15m,18.0,1.0,0.0,,
AUD,2020-02,15m,19.0,1.0,0.0125,,
AUD,2020-02,15m,20.0,1.0,0.0,,
AUD,2020-02,15m,21.0,1.0,0.0,,
AUD,2020-02,15m,22.0,1.0,0.0,,
AUD,2020-02,15m,23.0,1.0,0.0,,
AUD,2020-02,1h,,0.9652173913043478,0.01126126126126126,460.0,444.0
AUD,2020-02,1h,0.0,1.0,0.0,,
AUD,2020-02,1h,1.0,1.0,0.0,,
AUD,2020-02,1h,2.0,1.0,0.0,,
AUD,2020-02,1h,3.0,1.0,0.0,,
AUD,2020-02,1h,4.0,1.0,0.0,,
AUD,2020-02,1h,5.0,1.0,0.0,,
AUD,2020-02,1h,6.0,1.0,0.0,,
AUD,2020-02,1h,7.0,1.0,0.0,,
AUD,2020-02,1h,8.0,1.0,0.0,,
AUD,2020-02,1h,9.0,1.0,0.0,,
AUD,2020-02,1h,10.0,1.0,0.0,,
AUD,2020-02,1h,11.0,1.0,0.0,,
AUD,2020-02,1h,12.0,1.0,0.0,,
AUD,2020-02,1h,13.0,0.8,0.0,,
AUD,2020-02,1h,14.0,0.8,0.0,,
AUD,2020-02,1h,15.0,0.8,0.0,,
AUD,2020-02,1h,16.0,0.8,0.0,,
AUD,2020-02,1h,18.0,1.0,0.0,,
AUD,2020-02,1h,19.0,1.0,0.0,,
AUD,2020-02,1h,20.0,1.0,0.0,,
AUD,2020-02,1h,21.0,1.0,0.0,,
AUD,2020-02,1h,22.0,1.0,0.0,,
AUD,2020-02,1h,23.0,1.0,0.0,,
AUD,2020-08,1m,,0.9617195285385381,0.0743202201021903,29101.0,27987.0
AUD,2020-08,1m,0.0,1.0,0.051587301587301584,,
AUD,2020-08,1m,1.0,1.0,0.034126984126984124,,
AUD,2020-08,1m,2.0,1.0,0.05555555555555555,,
AUD,2020-08,1m,3.0,1.0,0.05952380952380952,,
AUD,2020-08,1m,4.0,1.0,0.046825396825396826,,
AUD,2020-08,1m,5.0,1.0,0.04206349206349207,,
AUD,2020-08,1m,6.0,1.0,0.02857142857142857,,
AUD,2020-08,1m,7.0,1.0,0.03888888888888889,,
AUD,2020-08,1m,8.0,1.0,0.06111111111111111,,
AUD,2020-08,1m,9.0,1.0,0.09285714285714286,,
AUD,2020-08,1m,10.0,1.0,0.07380952380952381,,
AUD,2020-08,1m,11.0,0.9984126984126984,0.08108108108108109,,
AUD,2020-08,1m,12.0,0.9928571428571429,0.1398880895283773,,
AUD,2020-08,1m,13.0,0.7007936507936507,0.26840317100792754,,
AUD,2020-08,1m,14.0,0.8087301587301587,0.13738959764474976,,
AUD,2020-08,1m,15.0,0.8095238095238095,0.12058823529411765,,
AUD,2020-08,1m,16.0,0.8095238095238095,0.05784313725490196,,
AUD,2020-08,1m,18.0,0.9962121212121212,0.05171102661596958,,
AUD,2020-08,1m,19.0,1.0,0.07954545454545454,,
AUD,2020-08,1m,20.0,1.0,0.09754163362410785,,
AUD,2020-08,1m,21.0,1.0,0.0761904761904762,,
AUD,2020-08,1m,22.0,1.0,0.04365079365079365,,
AUD,2020-08,1m,23.0,1.0,0.03888888888888889,,
AUD,2020-08,15m,,0.9685729005667182,0.013297872340425532,1941.0,1880.0
AUD,2020-08,15m,0.0,1.0,0.0,,
AUD,2020-08,15m,1.0,1.0,0.0,,
AUD,2020-08,15m,2.0,1.0,0.0,,
AUD,2020-08,15m,3.0,1.0,0.0,,
AUD,2020-08,15m,4.0,1.0,0.011904761904761904,,
AUD,2020-08,15m,5.0,1.0,0.0,,
AUD,2020-08,15m,6.0,1.0,0.0,,
AUD,2020-08,15m,7.0,1.0,0.0,,
AUD,2020-08,15m,8.0,1.0,0.023809523809523808,,
AUD,2020-08,15m,9.0,1.0,0.0,,
AUD,2020-08,15m,10.0,1.0,0.023809523809523808,,
AUD,2020-08,15m,11.0,1.0,0.023809523809523808,,
AUD,2020-08,15m,12.0,1.0,0.03571428571428571,,
AUD,2020-08,15m,13.0,0.8452380952380952,0.014084507042253521,,
AUD,2020-08,15m,14.0,0.8095238095238095,0.014705882352941176,,
AUD,2020-08,15m,15.0,0.8095238095238095,0.014705882352941176,,
AUD,2020-08,15m,16.0,0.8095238095238095,0.0,,
AUD,2020-08,15m,18.0,1.0,0.0,,
AUD,2020-08,15m,19.0,1.0,0.0,,
AUD,2020-08,15m,20.0,1.0,0.0,,
AUD,2020-08,15m,21.0,1.0,0.0,,
AUD,2020-08,15m,22.0,1.0,0.023809523809523808,,
AUD,2020-08,15m,23.0,1.0,0.023809523809523808,,
AUD,2020-08,1h,,0.9753086419753086,0.002109704641350211,486.0,474.0
AUD,2020-08,1h,0.0,1.0,0.0,,
AUD,2020-08,1h,1.0,1.0,0.0,,
AUD,2020-08,1h,2.0,1.0,0.0,,
AUD,2020-08,1h,3.0,1.0,0.0,,
AUD,2020-08,1h,4.0,1.0,0.0,,
AUD,2020-08,1h,5.0,1.0,0.0,,
AUD,2020-08,1h,6.0,1.0,0.0,,
AUD,2020-08,1h,7.0,1.0,0.0,,
AUD,2020-08,1h,8.0,1.0,0.0,,
AUD,2020-08,1h,9.0,1.0,0.0,,
AUD,2020-08,1h,10.0,1.0,0.0,,
AUD,2020-08,1h,11.0,1.0,0.047619047619047616,,
AUD,2020-08,1h,12.0,1.0,0.0,,
AUD,2020-08,1h,13.0,1.0,0.0,,
AUD,2020-08,1h,14.0,0.8095238095238095,0.0,,
AUD,2020-08,1h,15.0,0.8095238095238095,0.0,,
AUD,2020-08,1h,16.0,0.8095238095238095,0.0,,
AUD,2020-08,1h,18.0,1.0,0.0,,
AUD,2020-08,1h,19.0,1.0,0.0,,
AUD,2020-08,1h,20.0,1.0,0.0,,
AUD,2020-08,1h,21.0,1.0,0.0,,
AUD,2020-08,1h,22.0,1.0,0.0,,
AUD,2020-08,1h,23.0,1.0,0.0,,
AUD,2025-02,1m,,0.9970652173913044,0.06344707293142919,27600.0,27519.0
AUD,2025-02,1m,0.0,0.9975,0.06850459482038429,,
AUD,2025-02,1m,1.0,0.9991666666666666,0.0633861551292744,,
AUD,2025-02,1m,2.0,0.9991666666666666,0.05337781484570475,,
AUD,2025-02,1m,3.0,0.9983333333333333,0.04340567612687813,,
AUD,2025-02,1m,4.0,1.0,0.058333333333333334,,
AUD,2025-02,1m,5.0,0.9966666666666667,0.07274247491638795,,
AUD,2025-02,1m,6.0,1.0,0.06416666666666666,,
AUD,2025-02,1m,7.0,0.9975,0.06516290726817042,,
AUD,2025-02,1m,8.0,0.9991666666666666,0.040033361134278564,,
AUD,2025-02,1m,9.0,0.995,0.05611390284757119,,
AUD,2025-02,1m,10.0,0.9933333333333333,0.037751677852348994,,
AUD,2025-02,1m,11.0,0.995,0.05108877721943048,,
AUD,2025-02,1m,12.0,0.9891666666666666,0.05223251895534962,,
AUD,2025-02,1m,13.0,0.9908333333333333,0.0656013456686291,,
AUD,2025-02,1m,14.0,0.9975,0.07518796992481203,,
AUD,2025-02,1m,15.0,0.9941666666666666,0.07795473595976529,,
AUD,2025-02,1m,16.0,0.9941666666666666,0.1165129924559933,,
AUD,2025-02,1m,18.0,0.9991666666666666,0.07422852376980818,,
AUD,2025-02,1m,19.0,1.0,0.0625,,
AUD,2025-02,1m,20.0,0.9991666666666666,0.057547956630525435,,
AUD,2025-02,1m,21.0,0.9991666666666666,0.05587989991659716,,
AUD,2025-02,1m,22.0,0.9991666666666666,0.05587989991659716,,
AUD,2025-02,1m,23.0,0.9991666666666666,0.0817347789824854,,
AUD,2025-02,15m,,1.0,0.014673913043478261,1840.0,1840.0
AUD,2025-02,15m,0.0,1.0,0.0,,
AUD,2025-02,15m,1.0,1.0,0.0375,,
AUD,2025-02,15m,2.0,1.0,0.0,,
AUD,2025-02,15m,3.0,1.0,0.0,,
AUD,2025-02,15m,4.0,1.0,0.0,,
AUD,2025-02,15m,5.0,1.0,0.0125,,
AUD,2025-02,15m,6.0,1.0,0.0125,,
AUD,2025-02,15m,7.0,1.0,0.0,,
AUD,2025-02,15m,8.0,1.0,0.025,,
AUD,2025-02,15m,9.0,1.0,0.0125,,
AUD,2025-02,15m,10.0,1.0,0.0,,
AUD,2025-02,15m,11.0,1.0,0.025,,
AUD,2025-02,15m,12.0,1.0,0.0,,
AUD,2025-02,15m,13.0,1.0,0.025,,
AUD,2025-02,15m,14.0,1.0,0.0125,,
AUD,2025-02,15m,15.0,1.0,0.025,,
AUD,2025-02,15m,16.0,1.0,0.0375,,
AUD,2025-02,15m,18.0,1.0,0.05,,
AUD,2025-02,15m,19.0,1.0,0.0,,
AUD,2025-02,15m,20.0,1.0,0.0,,
AUD,2025-02,15m,21.0,1.0,0.0,,
AUD,2025-02,15m,22.0,1.0,0.0,,
AUD,2025-02,15m,23.0,1.0,0.0375,,
AUD,2025-02,1h,,1.0,0.008695652173913044,460.0,460.0
AUD,2025-02,1h,0.0,1.0,0.0,,
AUD,2025-02,1h,1.0,1.0,0.0,,
AUD,2025-02,1h,2.0,1.0,0.0,,
AUD,2025-02,1h,3.0,1.0,0.0,,
AUD,2025-02,1h,4.0,1.0,0.0,,
AUD,2025-02,1h,5.0,1.0,0.0,,
AUD,2025-02,1h,6.0,1.0,0.0,,
AUD,2025-02,1h,7.0,1.0,0.0,,
AUD,2025-02,1h,8.0,1.0,0.0,,
AUD,2025-02,1h,9.0,1.0,0.0,,
AUD,2025-02,1h,10.0,1.0,0.0,,
AUD,2025-02,1h,11.0,1.0,0.0,,
AUD,2025-02,1h,12.0,1.0,0.0,,
AUD,2025-02,1h,13.0,1.0,0.0,,
AUD,2025-02,1h,14.0,1.0,0.0,,
AUD,2025-02,1h,15.0,1.0,0.0,,
AUD,2025-02,1h,16.0,1.0,0.0,,
AUD,2025-02,1h,18.0,1.0,0.0,,
AUD,2025-02,1h,19.0,1.0,0.0,,
AUD,2025-02,1h,20.0,1.0,0.0,,
AUD,2025-02,1h,21.0,1.0,0.0,,
AUD,2025-02,1h,22.0,1.0,0.0,,
AUD,2025-02,1h,23.0,1.0,0.0,,
AUD,2025-08,1m,,0.9980676328502416,0.07478218780251694,28980.0,28924.0
AUD,2025-08,1m,0.0,0.9992063492063492,0.08419380460683082,,
AUD,2025-08,1m,1.0,0.9968253968253968,0.06687898089171974,,
AUD,2025-08,1m,2.0,0.9984126984126984,0.06279809220985691,,
AUD,2025-08,1m,3.0,1.0,0.05634920634920635,,
AUD,2025-08,1m,4.0,1.0,0.05555555555555555,,
AUD,2025-08,1m,5.0,0.9976190476190476,0.07796340493237867,,
AUD,2025-08,1m,6.0,0.9992063492063492,0.07545671167593328,,
AUD,2025-08,1m,7.0,0.9992063492063492,0.07466243050039714,,
AUD,2025-08,1m,8.0,0.9992063492063492,0.05798252581413821,,
AUD,2025-08,1m,9.0,0.9984126984126984,0.03815580286168521,,
AUD,2025-08,1m,10.0,0.9920634920634921,0.0376,,
AUD,2025-08,1m,11.0,0.996031746031746,0.05737051792828685,,
AUD,2025-08,1m,12.0,0.9976190476190476,0.07478122513922036,,
AUD,2025-08,1m,13.0,0.9976190476190476,0.07875894988066826,,
AUD,2025-08,1m,14.0,0.9992063492063492,0.08022239872915012,,
AUD,2025-08,1m,15.0,0.9992063492063492,0.11437648927720413,,
AUD,2025-08,1m,16.0,0.9992063492063492,0.11040508339952343,,
AUD,2025-08,1m,18.0,0.996031746031746,0.11872509960159362,,
AUD,2025-08,1m,19.0,0.9968253968253968,0.10987261146496816,,
AUD,2025-08,1m,20.0,0.9992063492063492,0.06274821286735505,,
AUD,2025-08,1m,21.0,0.9968253968253968,0.058121019108280256,,
AUD,2025-08,1m,22.0,0.9984126984126984,0.07472178060413355,,
AUD,2025-08,1m,23.0,0.9992063492063492,0.06433677521842732,,
AUD,2025-08,15m,,1.0,0.019668737060041408,1932.0,1932.0
AUD,2025-08,15m,0.0,1.0,0.011904761904761904,,
AUD,2025-08,15m,1.0,1.0,0.011904761904761904,,
AUD,2025-08,15m,2.0,1.0,0.011904761904761904,,
AUD,2025-08,15m,3.0,1.0,0.023809523809523808,,
AUD,2025-08,15m,4.0,1.0,0.03571428571428571,,
AUD,2025-08,15m,5.0,1.0,0.0,,
AUD,2025-08,15m,6.0,1.0,0.023809523809523808,,
AUD,2025-08,15m,7.0,1.0,0.011904761904761904,,
AUD,2025-08,15m,8.0,1.0,0.011904761904761904,,
AUD,2025-08,15m,9.0,1.0,0.011904761904761904,,
AUD,2025-08,15m,10.0,1.0,0.0,,
AUD,2025-08,15m,11.0,1.0,0.0,,
AUD,2025-08,15m,12.0,1.0,0.03571428571428571,,
AUD,2025-08,15m,13.0,1.0,0.0,,
AUD,2025-08,15m,14.0,1.0,0.011904761904761904,,
AUD,2025-08,15m,15.0,1.0,0.047619047619047616,,
AUD,2025-08,15m,16.0,1.0,0.0,,
AUD,2025-08,15m,18.0,1.0,0.047619047619047616,,
AUD,2025-08,15m,19.0,1.0,0.03571428571428571,,
AUD,2025-08,15m,20.0,1.0,0.023809523809523808,,
AUD,2025-08,15m,21.0,1.0,0.0,,
AUD,2025-08,15m,22.0,1.0,0.0,,
AUD,2025-08,15m,23.0,1.0,0.011904761904761904,,
AUD,2025-08,1h,,1.0,0.010351966873706004,483.0,483.0
AUD,2025-08,1h,0.0,1.0,0.0,,
AUD,2025-08,1h,1.0,1.0,0.0,,
AUD,2025-08,1h,2.0,1.0,0.0,,
AUD,2025-08,1h,3.0,1.0,0.0,,
AUD,2025-08,1h,4.0,1.0,0.0,,
AUD,2025-08,1h,5.0,1.0,0.0,,
AUD,2025-08,1h,6.0,1.0,0.0,,
AUD,2025-08,1h,7.0,1.0,0.0,,
AUD,2025-08,1h,8.0,1.0,0.0,,
AUD,2025-08,1h,9.0,1.0,0.0,,
AUD,2025-08,1h,10.0,1.0,0.0,,
AUD,2025-08,1h,11.0,1.0,0.0,,
AUD,2025-08,1h,12.0,1.0,0.0,,
AUD,2025-08,1h,13.0,1.0,0.0,,
AUD,2025-08,1h,14.0,1.0,0.0,,
AUD,2025-08,1h,15.0,1.0,0.0,,
AUD,2025-08,1h,16.0,1.0,0.0,,
AUD,2025-08,1h,18.0,1.0,0.0,,
AUD,2025-08,1h,19.0,1.0,0.0,,
AUD,2025-08,1h,20.0,1.0,0.0,,
AUD,2025-08,1h,21.0,1.0,0.0,,
AUD,2025-08,1h,22.0,1.0,0.0,,
AUD,2025-08,1h,23.0,1.0,0.0,,
NZD,2024-04,1m,,0.9942687747035573,0.07198701384747896,30360.0,30186.0
NZD,2024-04,1m,0.0,1.0,0.10303030303030303,,
NZD,2024-04,1m,1.0,1.0,0.07045454545454545,,
NZD,2024-04,1m,2.0,1.0,0.05454545454545454,,
NZD,2024-04,1m,3.0,1.0,0.06060606060606061,,
NZD,2024-04,1m,4.0,1.0,0.06439393939393939,,
NZD,2024-04,1m,5.0,1.0,0.07196969696969698,,
NZD,2024-04,1m,6.0,0.9848484848484849,0.07615384615384616,,
NZD,2024-04,1m,7.0,0.9545454545454546,0.07222222222222222,,
NZD,2024-04,1m,8.0,0.9651515151515152,0.05102040816326531,,
NZD,2024-04,1m,9.0,1.0,0.04696969696969697,,
NZD,2024-04,1m,10.0,1.0,0.031818181818181815,,
NZD,2024-04,1m,11.0,0.9992424242424243,0.05686125852918878,,
NZD,2024-04,1m,12.0,0.9992424242424243,0.07657316148597422,,
NZD,2024-04,1m,13.0,1.0,0.07045454545454545,,
NZD,2024-04,1m,14.0,1.0,0.06666666666666667,,
NZD,2024-04,1m,15.0,1.0,0.08636363636363636,,
NZD,2024-04,1m,16.0,1.0,0.13333333333333333,,
NZD,2024-04,1m,18.0,0.9651515151515152,0.09497645211930926,,
NZD,2024-04,1m,19.0,1.0,0.09090909090909091,,
NZD,2024-04,1m,20.0,1.0,0.0696969696969697,,
NZD,2024-04,1m,21.0,1.0,0.04772727272727273,,
NZD,2024-04,1m,22.0,1.0,0.07121212121212121,,
NZD,2024-04,1m,23.0,1.0,0.0659090909090909,,
NZD,2024-04,15m,,0.9945652173913043,0.011425732737208148,2024.0,2013.0
NZD,2024-04,15m,0.0,1.0,0.011363636363636364,,
NZD,2024-04,15m,1.0,1.0,0.011363636363636364,,
NZD,2024-04,15m,2.0,1.0,0.0,,
NZD,2024-04,15m,3.0,1.0,0.0,,
NZD,2024-04,15m,4.0,1.0,0.011363636363636364,,
NZD,2024-04,15m,5.0,1.0,0.0,,
NZD,2024-04,15m,6.0,1.0,0.03409090909090909,,
NZD,2024-04,15m,7.0,0.9545454545454546,0.0,,
NZD,2024-04,15m,8.0,0.9545454545454546,0.0,,
NZD,2024-04,15m,9.0,1.0,0.011363636363636364,,
NZD,2024-04,15m,10.0,1.0,0.011363636363636364,,
NZD,2024-04,15m,11.0,1.0,0.0,,
NZD,2024-04,15m,12.0,1.0,0.0,,
NZD,2024-04,15m,13.0,1.0,0.0,,
NZD,2024-04,15m,14.0,1.0,0.022727272727272728,,
NZD,2024-04,15m,15.0,1.0,0.022727272727272728,,
NZD,2024-04,15m,16.0,1.0,0.022727272727272728,,
NZD,2024-04,15m,18.0,0.9659090909090909,0.023529411764705882,,
NZD,2024-04,15m,19.0,1.0,0.022727272727272728,,
NZD,2024-04,15m,20.0,1.0,0.0,,
NZD,2024-04,15m,21.0,1.0,0.0,,
NZD,2024-04,15m,22.0,1.0,0.0,,
NZD,2024-04,15m,23.0,1.0,0.011363636363636364,,
NZD,2024-04,1h,,0.9980237154150198,0.015841584158415842,506.0,505.0
NZD,2024-04,1h,0.0,1.0,0.0,,
NZD,2024-04,1h,1.0,1.0,0.0,,
NZD,2024-04,1h,2.0,1.0,0.0,,
NZD,2024-04,1h,3.0,1.0,0.0,,
NZD,2024-04,1h,4.0,1.0,0.0,,
NZD,2024-04,1h,5.0,1.0,0.0,,
NZD,2024-04,1h,6.0,1.0,0.0,,
NZD,2024-04,1h,7.0,1.0,0.0,,
NZD,2024-04,1h,8.0,0.9545454545454546,0.0,,
NZD,2024-04,1h,9.0,1.0,0.0,,
NZD,2024-04,1h,10.0,1.0,0.0,,
NZD,2024-04,1h,11.0,1.0,0.0,,
NZD,2024-04,1h,12.0,1.0,0.0,,
NZD,2024-04,1h,13.0,1.0,0.0,,
NZD,2024-04,1h,14.0,1.0,0.0,,
NZD,2024-04,1h,15.0,1.0,0.0,,
NZD,2024-04,1h,16.0,1.0,0.0,,
NZD,2024-04,1h,18.0,1.0,0.0,,
NZD,2024-04,1h,19.0,1.0,0.0,,
NZD,2024-04,1h,20.0,1.0,0.0,,
NZD,2024-04,1h,21.0,1.0,0.0,,
NZD,2024-04,1h,22.0,1.0,0.0,,
NZD,2024-04,1h,23.0,1.0,0.0,,
NZD,2025-02,1m,,0.9964492753623189,0.05246891135190168,27600.0,27502.0
NZD,2025-02,1m,0.0,0.9966666666666667,0.061036789297658864,,
NZD,2025-02,1m,1.0,0.9991666666666666,0.05504587155963303,,
NZD,2025-02,1m,2.0,1.0,0.05583333333333333,,
NZD,2025-02,1m,3.0,0.9966666666666667,0.039297658862876256,,
NZD,2025-02,1m,4.0,0.9983333333333333,0.055926544240400666,,
NZD,2025-02,1m,5.0,0.9975,0.053467000835421885,,
NZD,2025-02,1m,6.0,1.0,0.049166666666666664,,
NZD,2025-02,1m,7.0,0.9975,0.04928989139515455,,
NZD,2025-02,1m,8.0,0.9966666666666667,0.05016722408026756,,
NZD,2025-02,1m,9.0,0.995,0.04438860971524288,,
NZD,2025-02,1m,10.0,0.9908333333333333,0.031118587047939444,,
NZD,2025-02,1m,11.0,0.995,0.04271356783919598,,
NZD,2025-02,1m,12.0,0.9866666666666667,0.03547297297297297,,
NZD,2025-02,1m,13.0,0.9908333333333333,0.057190916736753576,,
NZD,2025-02,1m,14.0,0.9966666666666667,0.06020066889632107,,
NZD,2025-02,1m,15.0,0.9925,0.07136859781696053,,
NZD,2025-02,1m,16.0,0.9941666666666666,0.06202849958088852,,
NZD,2025-02,1m,18.0,0.9983333333333333,0.06093489148580968,,
NZD,2025-02,1m,19.0,0.9991666666666666,0.05254378648874062,,
NZD,2025-02,1m,20.0,0.9983333333333333,0.04257095158597663,,
NZD,2025-02,1m,21.0,0.9991666666666666,0.041701417848206836,,
NZD,2025-02,1m,22.0,0.9991666666666666,0.060884070058381985,,
NZD,2025-02,1m,23.0,1.0,0.059166666666666666,,
NZD,2025-02,15m,,1.0,0.014130434782608696,1840.0,1840.0
NZD,2025-02,15m,0.0,1.0,0.0125,,
NZD,2025-02,15m,1.0,1.0,0.0375,,
NZD,2025-02,15m,2.0,1.0,0.025,,
NZD,2025-02,15m,3.0,1.0,0.0125,,
NZD,2025-02,15m,4.0,1.0,0.025,,
NZD,2025-02,15m,5.0,1.0,0.025,,
NZD,2025-02,15m,6.0,1.0,0.0,,
NZD,2025-02,15m,7.0,1.0,0.0125,,
NZD,2025-02,15m,8.0,1.0,0.0,,
NZD,2025-02,15m,9.0,1.0,0.0125,,
NZD,2025-02,15m,10.0,1.0,0.0125,,
NZD,2025-02,15m,11.0,1.0,0.025,,
NZD,2025-02,15m,12.0,1.0,0.0,,
NZD,2025-02,15m,13.0,1.0,0.0125,,
NZD,2025-02,15m,14.0,1.0,0.0125,,
NZD,2025-02,15m,15.0,1.0,0.0125,,
NZD,2025-02,15m,16.0,1.0,0.0,,
NZD,2025-02,15m,18.0,1.0,0.0125,,
NZD,2025-02,15m,19.0,1.0,0.0,,
NZD,2025-02,15m,20.0,1.0,0.0,,
NZD,2025-02,15m,21.0,1.0,0.0,,
NZD,2025-02,15m,22.0,1.0,0.0,,
NZD,2025-02,15m,23.0,1.0,0.0,,
NZD,2025-02,1h,,1.0,0.008695652173913044,460.0,460.0
NZD,2025-02,1h,0.0,1.0,0.0,,
NZD,2025-02,1h,1.0,1.0,0.0,,
NZD,2025-02,1h,2.0,1.0,0.0,,
NZD,2025-02,1h,3.0,1.0,0.05,,
NZD,2025-02,1h,4.0,1.0,0.0,,
NZD,2025-02,1h,5.0,1.0,0.0,,
NZD,2025-02,1h,6.0,1.0,0.0,,
NZD,2025-02,1h,7.0,1.0,0.0,,
NZD,2025-02,1h,8.0,1.0,0.0,,
NZD,2025-02,1h,9.0,1.0,0.0,,
NZD,2025-02,1h,10.0,1.0,0.0,,
NZD,2025-02,1h,11.0,1.0,0.0,,
NZD,2025-02,1h,12.0,1.0,0.0,,
NZD,2025-02,1h,13.0,1.0,0.0,,
NZD,2025-02,1h,14.0,1.0,0.0,,
NZD,2025-02,1h,15.0,1.0,0.0,,
NZD,2025-02,1h,16.0,1.0,0.0,,
NZD,2025-02,1h,18.0,1.0,0.0,,
NZD,2025-02,1h,19.0,1.0,0.0,,
NZD,2025-02,1h,20.0,1.0,0.0,,
NZD,2025-02,1h,21.0,1.0,0.0,,
NZD,2025-02,1h,22.0,1.0,0.0,,
NZD,2025-02,1h,23.0,1.0,0.0,,
NZD,2025-08,1m,,0.9969634230503795,0.05032534957773778,28980.0,28892.0
NZD,2025-08,1m,0.0,0.9984126984126984,0.06518282988871224,,
NZD,2025-08,1m,1.0,1.0,0.05238095238095238,,
NZD,2025-08,1m,2.0,1.0,0.030952380952380953,,
NZD,2025-08,1m,3.0,0.9968253968253968,0.037420382165605094,,
NZD,2025-08,1m,4.0,0.9992063492063492,0.04527402700555997,,
NZD,2025-08,1m,5.0,0.9936507936507937,0.037539936102236424,,
NZD,2025-08,1m,6.0,0.9936507936507937,0.05511182108626198,,
NZD,2025-08,1m,7.0,0.9984126984126984,0.05643879173290938,,
NZD,2025-08,1m,8.0,0.9968253968253968,0.04617834394904458,,
NZD,2025-08,1m,9.0,0.9968253968253968,0.026273885350318472,,
NZD,2025-08,1m,10.0,0.9912698412698413,0.03282626100880705,,
NZD,2025-08,1m,11.0,0.9952380952380953,0.03349282296650718,,
NZD,2025-08,1m,12.0,0.9968253968253968,0.04936305732484077,,
NZD,2025-08,1m,13.0,0.9992063492063492,0.056393963463065924,,
NZD,2025-08,1m,14.0,0.9992063492063492,0.05877680698967434,,
NZD,2025-08,1m,15.0,0.9952380952380953,0.06379585326953748,,
NZD,2025-08,1m,16.0,0.9992063492063492,0.07386814932486101,,
NZD,2025-08,1m,18.0,0.996031746031746,0.06374501992031872,,
NZD,2025-08,1m,19.0,0.9952380952380953,0.06778309409888357,,
NZD,2025-08,1m,20.0,0.9992063492063492,0.04686258935663225,,
NZD,2025-08,1m,21.0,0.9976190476190476,0.03977724741447892,,
NZD,2025-08,1m,22.0,0.9968253968253968,0.04538216560509554,,
NZD,2025-08,1m,23.0,0.9952380952380953,0.05582137161084529,,
NZD,2025-08,15m,,1.0,0.015527950310559006,1932.0,1932.0
NZD,2025-08,15m,0.0,1.0,0.011904761904761904,,
NZD,2025-08,15m,1.0,1.0,0.023809523809523808,,
NZD,2025-08,15m,2.0,1.0,0.023809523809523808,,
NZD,2025-08,15m,3.0,1.0,0.023809523809523808,,
NZD,2025-08,15m,4.0,1.0,0.011904761904761904,,
NZD,2025-08,15m,5.0,1.0,0.023809523809523808,,
NZD,2025-08,15m,6.0,1.0,0.011904761904761904,,
NZD,2025-08,15m,7.0,1.0,0.0,,
NZD,2025-08,15m,8.0,1.0,0.011904761904761904,,
NZD,2025-08,15m,9.0,1.0,0.0,,
NZD,2025-08,15m,10.0,1.0,0.011904761904761904,,
NZD,2025-08,15m,11.0,1.0,0.0,,
NZD,2025-08,15m,12.0,1.0,0.011904761904761904,,
NZD,2025-08,15m,13.0,1.0,0.0,,
NZD,2025-08,15m,14.0,1.0,0.011904761904761904,,
NZD,2025-08,15m,15.0,1.0,0.0,,
NZD,2025-08,15m,16.0,1.0,0.03571428571428571,,
NZD,2025-08,15m,18.0,1.0,0.023809523809523808,,
NZD,2025-08,15m,19.0,1.0,0.07142857142857142,,
NZD,2025-08,15m,20.0,1.0,0.011904761904761904,,
NZD,2025-08,15m,21.0,1.0,0.0,,
NZD,2025-08,15m,22.0,1.0,0.0,,
NZD,2025-08,15m,23.0,1.0,0.011904761904761904,,
NZD,2025-08,1h,,1.0,0.010351966873706004,483.0,483.0
NZD,2025-08,1h,0.0,1.0,0.0,,
NZD,2025-08,1h,1.0,1.0,0.0,,
NZD,2025-08,1h,2.0,1.0,0.0,,
NZD,2025-08,1h,3.0,1.0,0.0,,
NZD,2025-08,1h,4.0,1.0,0.0,,
NZD,2025-08,1h,5.0,1.0,0.0,,
NZD,2025-08,1h,6.0,1.0,0.0,,
NZD,2025-08,1h,7.0,1.0,0.0,,
NZD,2025-08,1h,8.0,1.0,0.0,,
NZD,2025-08,1h,9.0,1.0,0.0,,
NZD,2025-08,1h,10.0,1.0,0.0,,
NZD,2025-08,1h,11.0,1.0,0.0,,
NZD,2025-08,1h,12.0,1.0,0.0,,
NZD,2025-08,1h,13.0,1.0,0.0,,
NZD,2025-08,1h,14.0,1.0,0.0,,
NZD,2025-08,1h,15.0,1.0,0.0,,
NZD,2025-08,1h,16.0,1.0,0.0,,
NZD,2025-08,1h,18.0,1.0,0.0,,
NZD,2025-08,1h,19.0,1.0,0.0,,
NZD,2025-08,1h,20.0,1.0,0.0,,
NZD,2025-08,1h,21.0,1.0,0.0,,
NZD,2025-08,1h,22.0,1.0,0.0,,
NZD,2025-08,1h,23.0,1.0,0.0,,
CAD,2009-11,1m,,0.8634688888123687,0.09092359227947042,29041.0,25076.0
CAD,2009-11,1m,0.0,0.996031746031746,0.09243027888446215,,
CAD,2009-11,1m,1.0,0.9928571428571429,0.0815347721822542,,
CAD,2009-11,1m,2.0,0.9936507936507937,0.0742811501597444,,
CAD,2009-11,1m,3.0,0.9984126984126984,0.04292527821939587,,
CAD,2009-11,1m,4.0,0.9984126984126984,0.03418124006359301,,
CAD,2009-11,1m,5.0,0.9936507936507937,0.022364217252396165,,
CAD,2009-11,1m,6.0,1.0,0.03888888888888889,,
CAD,2009-11,1m,7.0,0.9952380952380953,0.06060606060606061,,
CAD,2009-11,1m,8.0,0.9841269841269841,0.08790322580645162,,
CAD,2009-11,1m,9.0,0.9634920634920635,0.07742998352553541,,
CAD,2009-11,1m,10.0,0.9761904761904762,0.0886178861788618,,
CAD,2009-11,1m,11.0,0.719047619047619,0.10927152317880795,,
CAD,2009-11,1m,12.0,0.4515873015873016,0.14586994727592267,,
CAD,2009-11,1m,13.0,0.5182539682539683,0.18683001531393567,,
CAD,2009-11,1m,14.0,0.6666666666666666,0.14285714285714285,,
CAD,2009-11,1m,15.0,0.6547619047619048,0.15272727272727274,,
CAD,2009-11,1m,16.0,0.638095238095238,0.15796019900497513,,
CAD,2009-11,1m,18.0,0.7628787878787879,0.16484607745779542,,
CAD,2009-11,1m,19.0,0.7430610626486915,0.15474919957310565,,
CAD,2009-11,1m,20.0,0.8428571428571429,0.14030131826741996,,
CAD,2009-11,1m,21.0,0.984920634920635,0.062046736502820304,,
CAD,2009-11,1m,22.0,0.9952380952380953,0.05342902711323764,,
CAD,2009-11,1m,23.0,0.9952380952380953,0.07496012759170653,,
CAD,2009-11,15m,,0.9525038719669592,0.016802168021680216,1937.0,1845.0
CAD,2009-11,15m,0.0,1.0,0.0,,
CAD,2009-11,15m,1.0,1.0,0.011904761904761904,,
CAD,2009-11,15m,2.0,1.0,0.023809523809523808,,
CAD,2009-11,15m,3.0,1.0,0.0,,
CAD,2009-11,15m,4.0,1.0,0.011904761904761904,,
CAD,2009-11,15m,5.0,1.0,0.0,,
CAD,2009-11,15m,6.0,1.0,0.0,,
CAD,2009-11,15m,7.0,1.0,0.023809523809523808,,
CAD,2009-11,15m,8.0,1.0,0.0,,
CAD,2009-11,15m,9.0,1.0,0.023809523809523808,,
CAD,2009-11,15m,10.0,1.0,0.0,,
CAD,2009-11,15m,11.0,0.8571428571428571,0.013888888888888888,,
CAD,2009-11,15m,12.0,0.8095238095238095,0.029411764705882353,,
CAD,2009-11,15m,13.0,0.8095238095238095,0.029411764705882353,,
CAD,2009-11,15m,14.0,0.8095238095238095,0.0,,
CAD,2009-11,15m,15.0,0.8095238095238095,0.0,,
CAD,2009-11,15m,16.0,0.8095238095238095,0.029411764705882353,,
CAD,2009-11,15m,18.0,1.0,0.022727272727272728,,
CAD,2009-11,15m,19.0,1.0,0.03529411764705882,,
CAD,2009-11,15m,20.0,1.0,0.03571428571428571,,
CAD,2009-11,15m,21.0,1.0,0.0,,
CAD,2009-11,15m,22.0,1.0,0.011904761904761904,,
CAD,2009-11,15m,23.0,1.0,0.011904761904761904,,
CAD,2009-11,1h,,0.9587628865979382,0.008602150537634409,485.0,465.0
CAD,2009-11,1h,0.0,1.0,0.0,,
CAD,2009-11,1h,1.0,1.0,0.0,,
CAD,2009-11,1h,2.0,1.0,0.0,,
CAD,2009-11,1h,3.0,1.0,0.047619047619047616,,
CAD,2009-11,1h,4.0,1.0,0.0,,
CAD,2009-11,1h,5.0,1.0,0.0,,
CAD,2009-11,1h,6.0,1.0,0.0,,
CAD,2009-11,1h,7.0,1.0,0.0,,
CAD,2009-11,1h,8.0,1.0,0.0,,
CAD,2009-11,1h,9.0,1.0,0.0,,
CAD,2009-11,1h,10.0,1.0,0.0,,
CAD,2009-11,1h,11.0,1.0,0.0,,
CAD,2009-11,1h,12.0,0.8095238095238095,0.0,,
CAD,2009-11,1h,13.0,0.8095238095238095,0.0,,
CAD,2009-11,1h,14.0,0.8095238095238095,0.0,,
CAD,2009-11,1h,15.0,0.8095238095238095,0.0,,
CAD,2009-11,1h,16.0,0.8095238095238095,0.0,,
CAD,2009-11,1h,18.0,1.0,0.0,,
CAD,2009-11,1h,19.0,1.0,0.0,,
CAD,2009-11,1h,20.0,1.0,0.0,,
CAD,2009-11,1h,21.0,1.0,0.0,,
CAD,2009-11,1h,22.0,1.0,0.0,,
CAD,2009-11,1h,23.0,1.0,0.0,,
CAD,2010-02,1m,,0.8751811594202898,0.10258745601324777,27600.0,24155.0
CAD,2010-02,1m,0.0,0.9908333333333333,0.10428931875525652,,
CAD,2010-02,1m,1.0,0.995,0.10217755443886097,,
CAD,2010-02,1m,2.0,0.995,0.0829145728643216,,
CAD,2010-02,1m,3.0,0.9991666666666666,0.05087572977481234,,
CAD,2010-02,1m,4.0,1.0,0.041666666666666664,,
CAD,2010-02,1m,5.0,0.99,0.02356902356902357,,
CAD,2010-02,1m,6.0,0.9816666666666667,0.04499151103565365,,
CAD,2010-02,1m,7.0,0.995,0.052763819095477386,,
CAD,2010-02,1m,8.0,0.9775,0.08269394714407502,,
CAD,2010-02,1m,9.0,0.9683333333333334,0.09294320137693632,,
CAD,2010-02,1m,10.0,0.945,0.1164021164021164,,
CAD,2010-02,1m,11.0,0.7091666666666666,0.1410105757931845,,
CAD,2010-02,1m,12.0,0.585,0.16809116809116809,,
CAD,2010-02,1m,13.0,0.565,0.1873156342182891,,
CAD,2010-02,1m,14.0,0.6908333333333333,0.1338962605548854,,
CAD,2010-02,1m,15.0,0.715,0.12121212121212122,,
CAD,2010-02,1m,16.0,0.6558333333333334,0.16518424396442186,,
CAD,2010-02,1m,18.0,0.7725,0.2017259978425027,,
CAD,2010-02,1m,19.0,0.7775,0.1639871382636656,,
CAD,2010-02,1m,20.0,0.8466666666666667,0.14173228346456693,,
CAD,2010-02,1m,21.0,0.9875,0.08945147679324894,,
CAD,2010-02,1m,22.0,0.9941666666666666,0.09052808046940486,,
CAD,2010-02,1m,23.0,0.9925,0.08144416456759027,,
CAD,2010-02,15m,,0.9440217391304347,0.01957397812320092,1840.0,1737.0
CAD,2010-02,15m,0.0,1.0,0.0125,,
CAD,2010-02,15m,1.0,1.0,0.025,,
CAD,2010-02,15m,2.0,1.0,0.0125,,
CAD,2010-02,15m,3.0,1.0,0.0,,
CAD,2010-02,15m,4.0,1.0,0.0375,,
CAD,2010-02,15m,5.0,1.0,0.0,,
CAD,2010-02,15m,6.0,0.9875,0.012658227848101266,,
CAD,2010-02,15m,7.0,1.0,0.0125,,
CAD,2010-02,15m,8.0,1.0,0.0,,
CAD,2010-02,15m,9.0,1.0,0.0,,
CAD,2010-02,15m,10.0,0.9875,0.0379746835443038,,
CAD,2010-02,15m,11.0,0.85,0.04411764705882353,,
CAD,2010-02,15m,12.0,0.8,0.03125,,
CAD,2010-02,15m,13.0,0.8,0.015625,,
CAD,2010-02,15m,14.0,0.775,0.0,,
CAD,2010-02,15m,15.0,0.7875,0.031746031746031744,,
CAD,2010-02,15m,16.0,0.8,0.046875,,
CAD,2010-02,15m,18.0,1.0,0.0125,,
CAD,2010-02,15m,19.0,0.9625,0.025974025974025976,,
CAD,2010-02,15m,20.0,0.9625,0.012987012987012988,,
CAD,2010-02,15m,21.0,1.0,0.0,,
CAD,2010-02,15m,22.0,1.0,0.0125,,
CAD,2010-02,15m,23.0,1.0,0.0,,
CAD,2010-02,1h,,0.9543478260869566,0.01366742596810934,460.0,439.0
CAD,2010-02,1h,0.0,1.0,0.0,,
CAD,2010-02,1h,1.0,1.0,0.0,,
CAD,2010-02,1h,2.0,1.0,0.0,,
CAD,2010-02,1h,3.0,1.0,0.0,,
CAD,2010-02,1h,4.0,1.0,0.0,,
CAD,2010-02,1h,5.0,1.0,0.0,,
CAD,2010-02,1h,6.0,1.0,0.0,,
CAD,2010-02,1h,7.0,1.0,0.0,,
CAD,2010-02,1h,8.0,1.0,0.0,,
CAD,2010-02,1h,9.0,1.0,0.0,,
CAD,2010-02,1h,10.0,1.0,0.0,,
CAD,2010-02,1h,11.0,1.0,0.0,,
CAD,2010-02,1h,12.0,0.8,0.0,,
CAD,2010-02,1h,13.0,0.8,0.0,,
CAD,2010-02,1h,14.0,0.8,0.0,,
CAD,2010-02,1h,15.0,0.8,0.0,,
CAD,2010-02,1h,16.0,0.8,0.0,,
CAD,2010-02,1h,18.0,1.0,0.0,,
CAD,2010-02,1h,19.0,1.0,0.0,,
CAD,2010-02,1h,20.0,0.95,0.0,,
CAD,2010-02,1h,21.0,1.0,0.0,,
CAD,2010-02,1h,22.0,1.0,0.0,,
CAD,2010-02,1h,23.0,1.0,0.0,,
CAD,2010-08,1m,,0.9491486499786752,0.08502989872455152,30481.0,28931.0
CAD,2010-08,1m,0.0,1.0,0.05606060606060606,,
CAD,2010-08,1m,1.0,1.0,0.06515151515151515,,
CAD,2010-08,1m,2.0,1.0,0.058333333333333334,,
CAD,2010-08,1m,3.0,1.0,0.06060606060606061,,
CAD,2010-08,1m,4.0,1.0,0.022727272727272728,,
CAD,2010-08,1m,5.0,1.0,0.022727272727272728,,
CAD,2010-08,1m,6.0,1.0,0.02196969696969697,,
CAD,2010-08,1m,7.0,1.0,0.037121212121212124,,
CAD,2010-08,1m,8.0,1.0,0.05227272727272727,,
CAD,2010-08,1m,9.0,1.0,0.058333333333333334,,
CAD,2010-08,1m,10.0,1.0,0.06136363636363636,,
CAD,2010-08,1m,11.0,0.9992424242424243,0.0576194086429113,,
CAD,2010-08,1m,12.0,0.8159090909090909,0.12534818941504178,,
CAD,2010-08,1m,13.0,0.6992424242424242,0.16793066088840736,,
CAD,2010-08,1m,14.0,0.7242424242424242,0.20815899581589958,,
CAD,2010-08,1m,15.0,0.7992424242424242,0.14786729857819905,,
CAD,2010-08,1m,16.0,0.8128787878787879,0.13327120223671948,,
CAD,2010-08,1m,18.0,0.9927536231884058,0.17445255474452553,,
CAD,2010-08,1m,19.0,0.9905797101449275,0.1185076810534016,,
CAD,2010-08,1m,20.0,0.9947009841029523,0.13318112633181126,,
CAD,2010-08,1m,21.0,0.9977272727272727,0.13059984813971146,,
CAD,2010-08,1m,22.0,1.0,0.06363636363636363,,
CAD,2010-08,1m,23.0,1.0,0.04242424242424243,,
CAD,2010-08,15m,,0.9636005902606984,0.01582440020418581,2033.0,1959.0
CAD,2010-08,15m,0.0,1.0,0.011363636363636364,,
CAD,2010-08,15m,1.0,1.0,0.0,,
CAD,2010-08,15m,2.0,1.0,0.0,,
CAD,2010-08,15m,3.0,1.0,0.0,,
CAD,2010-08,15m,4.0,1.0,0.022727272727272728,,
CAD,2010-08,15m,5.0,1.0,0.0,,
CAD,2010-08,15m,6.0,1.0,0.0,,
CAD,2010-08,15m,7.0,1.0,0.0,,
CAD,2010-08,15m,8.0,1.0,0.011363636363636364,,
CAD,2010-08,15m,9.0,1.0,0.011363636363636364,,
CAD,2010-08,15m,10.0,1.0,0.022727272727272728,,
CAD,2010-08,15m,11.0,1.0,0.0,,
CAD,2010-08,15m,12.0,0.8863636363636364,0.01282051282051282,,
CAD,2010-08,15m,13.0,0.8181818181818182,0.013888888888888888,,
CAD,2010-08,15m,14.0,0.8181818181818182,0.027777777777777776,,
CAD,2010-08,15m,15.0,0.8181818181818182,0.027777777777777776,,
CAD,2010-08,15m,16.0,0.8181818181818182,0.041666666666666664,,
CAD,2010-08,15m,18.0,1.0,0.021739130434782608,,
CAD,2010-08,15m,19.0,1.0,0.0,,
CAD,2010-08,15m,20.0,1.0,0.033707865168539325,,
CAD,2010-08,15m,21.0,1.0,0.011363636363636364,,
CAD,2010-08,15m,22.0,1.0,0.011363636363636364,,
CAD,2010-08,15m,23.0,1.0,0.0,,
CAD,2010-08,1h,,0.9724950884086444,0.00808080808080808,509.0,495.0
CAD,2010-08,1h,0.0,1.0,0.0,,
CAD,2010-08,1h,1.0,1.0,0.0,,
CAD,2010-08,1h,2.0,1.0,0.0,,
CAD,2010-08,1h,3.0,1.0,0.0,,
CAD,2010-08,1h,4.0,1.0,0.0,,
CAD,2010-08,1h,5.0,1.0,0.0,,
CAD,2010-08,1h,6.0,1.0,0.0,,
CAD,2010-08,1h,7.0,1.0,0.0,,
CAD,2010-08,1h,8.0,1.0,0.0,,
CAD,2010-08,1h,9.0,1.0,0.0,,
CAD,2010-08,1h,10.0,1.0,0.0,,
CAD,2010-08,1h,11.0,1.0,0.0,,
CAD,2010-08,1h,12.0,1.0,0.0,,
CAD,2010-08,1h,13.0,0.9090909090909091,0.0,,
CAD,2010-08,1h,14.0,0.8181818181818182,0.0,,
CAD,2010-08,1h,15.0,0.8181818181818182,0.0,,
CAD,2010-08,1h,16.0,0.8181818181818182,0.0,,
CAD,2010-08,1h,18.0,1.0,0.0,,
CAD,2010-08,1h,19.0,1.0,0.0,,
CAD,2010-08,1h,20.0,1.0,0.0,,
CAD,2010-08,1h,21.0,1.0,0.0,,
CAD,2010-08,1h,22.0,1.0,0.0,,
CAD,2010-08,1h,23.0,1.0,0.0,,
CAD,2015-02,1m,,0.9506884057971015,0.07073440298791875,27600.0,26239.0
CAD,2015-02,1m,0.0,0.9983333333333333,0.03672787979966611,,
CAD,2015-02,1m,1.0,1.0,0.0325,,
CAD,2015-02,1m,2.0,0.9991666666666666,0.03753127606338615,,
CAD,2015-02,1m,3.0,1.0,0.019166666666666665,,
CAD,2015-02,1m,4.0,1.0,0.02666666666666667,,
CAD,2015-02,1m,5.0,1.0,0.028333333333333332,,
CAD,2015-02,1m,6.0,1.0,0.024166666666666666,,
CAD,2015-02,1m,7.0,0.9991666666666666,0.042535446205170975,,
CAD,2015-02,1m,8.0,1.0,0.03333333333333333,,
CAD,2015-02,1m,9.0,1.0,0.043333333333333335,,
CAD,2015-02,1m,10.0,1.0,0.051666666666666666,,
CAD,2015-02,1m,11.0,0.9966666666666667,0.07357859531772576,,
CAD,2015-02,1m,12.0,0.78,0.1485042735042735,,
CAD,2015-02,1m,13.0,0.7941666666666667,0.1259181532004197,,
CAD,2015-02,1m,14.0,0.7908333333333334,0.08640674394099052,,
CAD,2015-02,1m,15.0,0.795,0.11006289308176101,,
CAD,2015-02,1m,16.0,0.7858333333333334,0.12937433722163308,,
CAD,2015-02,1m,18.0,0.9625,0.1670995670995671,,
CAD,2015-02,1m,19.0,0.98,0.17772108843537415,,
CAD,2015-02,1m,20.0,0.9875,0.12067510548523207,,
CAD,2015-02,1m,21.0,0.9983333333333333,0.07011686143572621,,
CAD,2015-02,1m,22.0,0.9991666666666666,0.042535446205170975,,
CAD,2015-02,1m,23.0,0.9991666666666666,0.042535446205170975,,
CAD,2015-02,15m,,0.9586956521739131,0.00963718820861678,1840.0,1764.0
CAD,2015-02,15m,0.0,1.0,0.0,,
CAD,2015-02,15m,1.0,1.0,0.025,,
CAD,2015-02,15m,2.0,1.0,0.0125,,
CAD,2015-02,15m,3.0,1.0,0.0,,
CAD,2015-02,15m,4.0,1.0,0.0125,,
CAD,2015-02,15m,5.0,1.0,0.0,,
CAD,2015-02,15m,6.0,1.0,0.0,,
CAD,2015-02,15m,7.0,1.0,0.0,,
CAD,2015-02,15m,8.0,1.0,0.0,,
CAD,2015-02,15m,9.0,1.0,0.0125,,
CAD,2015-02,15m,10.0,1.0,0.0,,
CAD,2015-02,15m,11.0,1.0,0.0,,
CAD,2015-02,15m,12.0,0.85,0.04411764705882353,,
CAD,2015-02,15m,13.0,0.8,0.0,,
CAD,2015-02,15m,14.0,0.8,0.0,,
CAD,2015-02,15m,15.0,0.8,0.03125,,
CAD,2015-02,15m,16.0,0.8,0.015625,,
CAD,2015-02,15m,18.0,1.0,0.0125,,
CAD,2015-02,15m,19.0,1.0,0.025,,
CAD,2015-02,15m,20.0,1.0,0.0,,
CAD,2015-02,15m,21.0,1.0,0.0,,
CAD,2015-02,15m,22.0,1.0,0.0125,,
CAD,2015-02,15m,23.0,1.0,0.0,,
CAD,2015-02,1h,,0.9652173913043478,0.006756756756756757,460.0,444.0
CAD,2015-02,1h,0.0,1.0,0.0,,
CAD,2015-02,1h,1.0,1.0,0.0,,
CAD,2015-02,1h,2.0,1.0,0.0,,
CAD,2015-02,1h,3.0,1.0,0.0,,
CAD,2015-02,1h,4.0,1.0,0.0,,
CAD,2015-02,1h,5.0,1.0,0.0,,
CAD,2015-02,1h,6.0,1.0,0.0,,
CAD,2015-02,1h,7.0,1.0,0.0,,
CAD,2015-02,1h,8.0,1.0,0.0,,
CAD,2015-02,1h,9.0,1.0,0.0,,
CAD,2015-02,1h,10.0,1.0,0.0,,
CAD,2015-02,1h,11.0,1.0,0.0,,
CAD,2015-02,1h,12.0,1.0,0.0,,
CAD,2015-02,1h,13.0,0.8,0.0,,
CAD,2015-02,1h,14.0,0.8,0.0,,
CAD,2015-02,1h,15.0,0.8,0.0,,
CAD,2015-02,1h,16.0,0.8,0.0,,
CAD,2015-02,1h,18.0,1.0,0.0,,
CAD,2015-02,1h,19.0,1.0,0.0,,
CAD,2015-02,1h,20.0,1.0,0.0,,
CAD,2015-02,1h,21.0,1.0,0.0,,
CAD,2015-02,1h,22.0,1.0,0.0,,
CAD,2015-02,1h,23.0,1.0,0.0,,
CAD,2015-08,1m,,0.9648465688464314,0.057874492485219746,29101.0,28078.0
CAD,2015-08,1m,0.0,1.0,0.034126984126984124,,
CAD,2015-08,1m,1.0,1.0,0.04365079365079365,,
CAD,2015-08,1m,2.0,1.0,0.03333333333333333,,
CAD,2015-08,1m,3.0,1.0,0.024603174603174603,,
CAD,2015-08,1m,4.0,1.0,0.023809523809523808,,
CAD,2015-08,1m,5.0,1.0,0.02142857142857143,,
CAD,2015-08,1m,6.0,1.0,0.007936507936507936,,
CAD,2015-08,1m,7.0,1.0,0.01904761904761905,,
CAD,2015-08,1m,8.0,1.0,0.026984126984126985,,
CAD,2015-08,1m,9.0,1.0,0.04047619047619048,,
CAD,2015-08,1m,10.0,1.0,0.03968253968253968,,
CAD,2015-08,1m,11.0,1.0,0.051587301587301584,,
CAD,2015-08,1m,12.0,1.0,0.06111111111111111,,
CAD,2015-08,1m,13.0,0.7706349206349207,0.18125643666323377,,
CAD,2015-08,1m,14.0,0.8055555555555556,0.11527093596059114,,
CAD,2015-08,1m,15.0,0.807936507936508,0.13654223968565815,,
CAD,2015-08,1m,16.0,0.8095238095238095,0.07647058823529412,,
CAD,2015-08,1m,18.0,1.0,0.08636363636363636,,
CAD,2015-08,1m,19.0,0.9962121212121212,0.09657794676806084,,
CAD,2015-08,1m,20.0,0.9984139571768438,0.09451945988880063,,
CAD,2015-08,1m,21.0,1.0,0.0761904761904762,,
CAD,2015-08,1m,22.0,1.0,0.04523809523809524,,
CAD,2015-08,1m,23.0,1.0,0.03333333333333333,,
CAD,2015-08,15m,,0.9690880989180835,0.006911217437533227,1941.0,1881.0
CAD,2015-08,15m,0.0,1.0,0.011904761904761904,,
CAD,2015-08,15m,1.0,1.0,0.011904761904761904,,
CAD,2015-08,15m,2.0,1.0,0.0,,
CAD,2015-08,15m,3.0,1.0,0.0,,
CAD,2015-08,15m,4.0,1.0,0.0,,
CAD,2015-08,15m,5.0,1.0,0.0,,
CAD,2015-08,15m,6.0,1.0,0.0,,
CAD,2015-08,15m,7.0,1.0,0.0,,
CAD,2015-08,15m,8.0,1.0,0.0,,
CAD,2015-08,15m,9.0,1.0,0.0,,
CAD,2015-08,15m,10.0,1.0,0.0,,
CAD,2015-08,15m,11.0,1.0,0.011904761904761904,,
CAD,2015-08,15m,12.0,1.0,0.0,,
CAD,2015-08,15m,13.0,0.8571428571428571,0.041666666666666664,,
CAD,2015-08,15m,14.0,0.8095238095238095,0.0,,
CAD,2015-08,15m,15.0,0.8095238095238095,0.029411764705882353,,
CAD,2015-08,15m,16.0,0.8095238095238095,0.014705882352941176,,
CAD,2015-08,15m,18.0,1.0,0.0,,
CAD,2015-08,15m,19.0,1.0,0.011363636363636364,,
CAD,2015-08,15m,20.0,1.0,0.011764705882352941,,
CAD,2015-08,15m,21.0,1.0,0.0,,
CAD,2015-08,15m,22.0,1.0,0.0,,
CAD,2015-08,15m,23.0,1.0,0.0,,
CAD,2015-08,1h,,0.9753086419753086,0.006329113924050633,486.0,474.0
CAD,2015-08,1h,0.0,1.0,0.0,,
CAD,2015-08,1h,1.0,1.0,0.0,,
CAD,2015-08,1h,2.0,1.0,0.0,,
CAD,2015-08,1h,3.0,1.0,0.0,,
CAD,2015-08,1h,4.0,1.0,0.0,,
CAD,2015-08,1h,5.0,1.0,0.0,,
CAD,2015-08,1h,6.0,1.0,0.0,,
CAD,2015-08,1h,7.0,1.0,0.0,,
CAD,2015-08,1h,8.0,1.0,0.0,,
CAD,2015-08,1h,9.0,1.0,0.0,,
CAD,2015-08,1h,10.0,1.0,0.0,,
CAD,2015-08,1h,11.0,1.0,0.0,,
CAD,2015-08,1h,12.0,1.0,0.0,,
CAD,2015-08,1h,13.0,1.0,0.0,,
CAD,2015-08,1h,14.0,0.8095238095238095,0.0,,
CAD,2015-08,1h,15.0,0.8095238095238095,0.0,,
CAD,2015-08,1h,16.0,0.8095238095238095,0.0,,
CAD,2015-08,1h,18.0,1.0,0.0,,
CAD,2015-08,1h,19.0,1.0,0.0,,
CAD,2015-08,1h,20.0,1.0,0.0,,
CAD,2015-08,1h,21.0,1.0,0.0,,
CAD,2015-08,1h,22.0,1.0,0.0,,
CAD,2015-08,1h,23.0,1.0,0.0,,
CAD,2020-02,1m,,0.9511594202898551,0.1102773122047844,27600.0,26252.0
CAD,2020-02,1m,0.0,1.0,0.0875,,
CAD,2020-02,1m,1.0,1.0,0.08,,
CAD,2020-02,1m,2.0,1.0,0.07416666666666667,,
CAD,2020-02,1m,3.0,1.0,0.0425,,
CAD,2020-02,1m,4.0,1.0,0.03916666666666667,,
CAD,2020-02,1m,5.0,1.0,0.045,,
CAD,2020-02,1m,6.0,1.0,0.0625,,
CAD,2020-02,1m,7.0,0.9991666666666666,0.07756463719766472,,
CAD,2020-02,1m,8.0,0.9991666666666666,0.12343619683069225,,
CAD,2020-02,1m,9.0,0.9966666666666667,0.09949832775919733,,
CAD,2020-02,1m,10.0,0.9983333333333333,0.11018363939899833,,
CAD,2020-02,1m,11.0,0.9983333333333333,0.13689482470784642,,
CAD,2020-02,1m,12.0,0.7158333333333333,0.25844004656577413,,
CAD,2020-02,1m,13.0,0.7816666666666666,0.22494669509594883,,
CAD,2020-02,1m,14.0,0.7983333333333333,0.12839248434237996,,
CAD,2020-02,1m,15.0,0.8,0.096875,,
CAD,2020-02,1m,16.0,0.8,0.1,,
CAD,2020-02,1m,18.0,0.9933333333333333,0.23993288590604026,,
CAD,2020-02,1m,19.0,0.9966666666666667,0.18561872909698995,,
CAD,2020-02,1m,20.0,0.9991666666666666,0.14428690575479566,,
CAD,2020-02,1m,21.0,1.0,0.08166666666666667,,
CAD,2020-02,1m,22.0,1.0,0.07333333333333333,,
CAD,2020-02,1m,23.0,1.0,0.06916666666666667,,
CAD,2020-02,15m,,0.9586956521739131,0.016439909297052153,1840.0,1764.0
CAD,2020-02,15m,0.0,1.0,0.0125,,
CAD,2020-02,15m,1.0,1.0,0.0,,
CAD,2020-02,15m,2.0,1.0,0.0,,
CAD,2020-02,15m,3.0,1.0,0.0125,,
CAD,2020-02,15m,4.0,1.0,0.0,,
CAD,2020-02,15m,5.0,1.0,0.0,,
CAD,2020-02,15m,6.0,1.0,0.0125,,
CAD,2020-02,15m,7.0,1.0,0.0125,,
CAD,2020-02,15m,8.0,1.0,0.0125,,
CAD,2020-02,15m,9.0,1.0,0.0375,,
CAD,2020-02,15m,10.0,1.0,0.0,,
CAD,2020-02,15m,11.0,1.0,0.0125,,
CAD,2020-02,15m,12.0,0.85,0.014705882352941176,,
CAD,2020-02,15m,13.0,0.8,0.0625,,
CAD,2020-02,15m,14.0,0.8,0.015625,,
CAD,2020-02,15m,15.0,0.8,0.0,,
CAD,2020-02,15m,16.0,0.8,0.015625,,
CAD,2020-02,15m,18.0,1.0,0.0125,,
CAD,2020-02,15m,19.0,1.0,0.025,,
CAD,2020-02,15m,20.0,1.0,0.0,,
CAD,2020-02,15m,21.0,1.0,0.0,,
CAD,2020-02,15m,22.0,1.0,0.0,,
CAD,2020-02,15m,23.0,1.0,0.0125,,
CAD,2020-02,1h,,0.9652173913043478,0.006756756756756757,460.0,444.0
CAD,2020-02,1h,0.0,1.0,0.0,,
CAD,2020-02,1h,1.0,1.0,0.0,,
CAD,2020-02,1h,2.0,1.0,0.0,,
CAD,2020-02,1h,3.0,1.0,0.0,,
CAD,2020-02,1h,4.0,1.0,0.0,,
CAD,2020-02,1h,5.0,1.0,0.0,,
CAD,2020-02,1h,6.0,1.0,0.0,,
CAD,2020-02,1h,7.0,1.0,0.0,,
CAD,2020-02,1h,8.0,1.0,0.0,,
CAD,2020-02,1h,9.0,1.0,0.0,,
CAD,2020-02,1h,10.0,1.0,0.0,,
CAD,2020-02,1h,11.0,1.0,0.0,,
CAD,2020-02,1h,12.0,1.0,0.0,,
CAD,2020-02,1h,13.0,0.8,0.0,,
CAD,2020-02,1h,14.0,0.8,0.0,,
CAD,2020-02,1h,15.0,0.8,0.0,,
CAD,2020-02,1h,16.0,0.8,0.0,,
CAD,2020-02,1h,18.0,1.0,0.0,,
CAD,2020-02,1h,19.0,1.0,0.0,,
CAD,2020-02,1h,20.0,1.0,0.0,,
CAD,2020-02,1h,21.0,1.0,0.05,,
CAD,2020-02,1h,22.0,1.0,0.0,,
CAD,2020-02,1h,23.0,1.0,0.0,,
CAD,2020-08,1m,,0.9623037009037491,0.06291958291672618,29101.0,28004.0
CAD,2020-08,1m,0.0,1.0,0.04523809523809524,,
CAD,2020-08,1m,1.0,1.0,0.044444444444444446,,
CAD,2020-08,1m,2.0,1.0,0.05396825396825397,,
CAD,2020-08,1m,3.0,1.0,0.04047619047619048,,
CAD,2020-08,1m,4.0,1.0,0.02857142857142857,,
CAD,2020-08,1m,5.0,1.0,0.023809523809523808,,
CAD,2020-08,1m,6.0,1.0,0.023015873015873017,,
CAD,2020-08,1m,7.0,1.0,0.025396825396825397,,
CAD,2020-08,1m,8.0,1.0,0.047619047619047616,,
CAD,2020-08,1m,9.0,1.0,0.050793650793650794,,
CAD,2020-08,1m,10.0,1.0,0.05873015873015873,,
CAD,2020-08,1m,11.0,0.9984126984126984,0.05643879173290938,,
CAD,2020-08,1m,12.0,0.9984126984126984,0.075516693163752,,
CAD,2020-08,1m,13.0,0.7174603174603175,0.21349557522123894,,
CAD,2020-08,1m,14.0,0.803968253968254,0.1441263573543929,,
CAD,2020-08,1m,15.0,0.8095238095238095,0.08823529411764706,,
CAD,2020-08,1m,16.0,0.8095238095238095,0.05,,
CAD,2020-08,1m,18.0,0.9946969696969697,0.06321401370906321,,
CAD,2020-08,1m,19.0,0.9992424242424243,0.07884761182714177,,
CAD,2020-08,1m,20.0,0.9984139571768438,0.09928514694201747,,
CAD,2020-08,1m,21.0,1.0,0.0992063492063492,,
CAD,2020-08,1m,22.0,1.0,0.046825396825396826,,
CAD,2020-08,1m,23.0,1.0,0.04126984126984127,,
CAD,2020-08,15m,,0.9690880989180835,0.011695906432748537,1941.0,1881.0
CAD,2020-08,15m,0.0,1.0,0.0,,
CAD,2020-08,15m,1.0,1.0,0.0,,
CAD,2020-08,15m,2.0,1.0,0.0,,
CAD,2020-08,15m,3.0,1.0,0.011904761904761904,,
CAD,2020-08,15m,4.0,1.0,0.0,,
CAD,2020-08,15m,5.0,1.0,0.0,,
CAD,2020-08,15m,6.0,1.0,0.0,,
CAD,2020-08,15m,7.0,1.0,0.0,,
CAD,2020-08,15m,8.0,1.0,0.0,,
CAD,2020-08,15m,9.0,1.0,0.011904761904761904,,
CAD,2020-08,15m,10.0,1.0,0.0,,
CAD,2020-08,15m,11.0,1.0,0.0,,
CAD,2020-08,15m,12.0,1.0,0.011904761904761904,,
CAD,2020-08,15m,13.0,0.8571428571428571,0.013888888888888888,,
CAD,2020-08,15m,14.0,0.8095238095238095,0.029411764705882353,,
CAD,2020-08,15m,15.0,0.8095238095238095,0.0,,
CAD,2020-08,15m,16.0,0.8095238095238095,0.0,,
CAD,2020-08,15m,18.0,1.0,0.022727272727272728,,
CAD,2020-08,15m,19.0,1.0,0.03409090909090909,,
CAD,2020-08,15m,20.0,1.0,0.023529411764705882,,
CAD,2020-08,15m,21.0,1.0,0.023809523809523808,,
CAD,2020-08,15m,22.0,1.0,0.0,,
CAD,2020-08,15m,23.0,1.0,0.0,,
CAD,2020-08,1h,,0.9753086419753086,0.002109704641350211,486.0,474.0
CAD,2020-08,1h,0.0,1.0,0.0,,
CAD,2020-08,1h,1.0,1.0,0.0,,
CAD,2020-08,1h,2.0,1.0,0.0,,
CAD,2020-08,1h,3.0,1.0,0.0,,
CAD,2020-08,1h,4.0,1.0,0.0,,
CAD,2020-08,1h,5.0,1.0,0.0,,
CAD,2020-08,1h,6.0,1.0,0.0,,
CAD,2020-08,1h,7.0,1.0,0.0,,
CAD,2020-08,1h,8.0,1.0,0.0,,
CAD,2020-08,1h,9.0,1.0,0.0,,
CAD,2020-08,1h,10.0,1.0,0.0,,
CAD,2020-08,1h,11.0,1.0,0.0,,
CAD,2020-08,1h,12.0,1.0,0.0,,
CAD,2020-08,1h,13.0,1.0,0.0,,
CAD,2020-08,1h,14.0,0.8095238095238095,0.0,,
CAD,2020-08,1h,15.0,0.8095238095238095,0.0,,
CAD,2020-08,1h,16.0,0.8095238095238095,0.0,,
CAD,2020-08,1h,18.0,1.0,0.0,,
CAD,2020-08,1h,19.0,1.0,0.0,,
CAD,2020-08,1h,20.0,1.0,0.0,,
CAD,2020-08,1h,21.0,1.0,0.0,,
CAD,2020-08,1h,22.0,1.0,0.0,,
CAD,2020-08,1h,23.0,1.0,0.0,,
CAD,2025-02,1m,,0.9967028985507247,0.033152786360827365,27600.0,27509.0
CAD,2025-02,1m,0.0,0.9975,0.045112781954887216,,
CAD,2025-02,1m,1.0,1.0,0.04083333333333333,,
CAD,2025-02,1m,2.0,0.9975,0.03926482873851295,,
CAD,2025-02,1m,3.0,0.9991666666666666,0.03336113427856547,,
CAD,2025-02,1m,4.0,1.0,0.023333333333333334,,
CAD,2025-02,1m,5.0,0.9991666666666666,0.03336113427856547,,
CAD,2025-02,1m,6.0,0.9991666666666666,0.02585487906588824,,
CAD,2025-02,1m,7.0,0.9975,0.023391812865497075,,
CAD,2025-02,1m,8.0,0.9991666666666666,0.019182652210175146,,
CAD,2025-02,1m,9.0,0.9933333333333333,0.01761744966442953,,
CAD,2025-02,1m,10.0,0.99,0.018518518518518517,,
CAD,2025-02,1m,11.0,0.9941666666666666,0.02347024308466052,,
CAD,2025-02,1m,12.0,0.9866666666666667,0.02702702702702703,,
CAD,2025-02,1m,13.0,0.9916666666666667,0.034453781512605045,,
CAD,2025-02,1m,14.0,0.995,0.02763819095477387,,
CAD,2025-02,1m,15.0,0.995,0.03768844221105527,,
CAD,2025-02,1m,16.0,0.995,0.03768844221105527,,
CAD,2025-02,1m,18.0,1.0,0.041666666666666664,,
CAD,2025-02,1m,19.0,1.0,0.034166666666666665,,
CAD,2025-02,1m,20.0,0.9983333333333333,0.04006677796327212,,
CAD,2025-02,1m,21.0,1.0,0.030833333333333334,,
CAD,2025-02,1m,22.0,1.0,0.045,,
CAD,2025-02,1m,23.0,0.9958333333333333,0.05439330543933055,,
CAD,2025-02,15m,,1.0,0.010326086956521738,1840.0,1840.0
CAD,2025-02,15m,0.0,1.0,0.0125,,
CAD,2025-02,15m,1.0,1.0,0.0125,,
CAD,2025-02,15m,2.0,1.0,0.0,,
CAD,2025-02,15m,3.0,1.0,0.0,,
CAD,2025-02,15m,4.0,1.0,0.0,,
CAD,2025-02,15m,5.0,1.0,0.0125,,
CAD,2025-02,15m,6.0,1.0,0.0125,,
CAD,2025-02,15m,7.0,1.0,0.0,,
CAD,2025-02,15m,8.0,1.0,0.0,,
CAD,2025-02,15m,9.0,1.0,0.0125,,
CAD,2025-02,15m,10.0,1.0,0.0,,
CAD,2025-02,15m,11.0,1.0,0.0,,
CAD,2025-02,15m,12.0,1.0,0.0125,,
CAD,2025-02,15m,13.0,1.0,0.0,,
CAD,2025-02,15m,14.0,1.0,0.0,,
CAD,2025-02,15m,15.0,1.0,0.0375,,
CAD,2025-02,15m,16.0,1.0,0.0125,,
CAD,2025-02,15m,18.0,1.0,0.0,,
CAD,2025-02,15m,19.0,1.0,0.0125,,
CAD,2025-02,15m,20.0,1.0,0.0125,,
CAD,2025-02,15m,21.0,1.0,0.0125,,
CAD,2025-02,15m,22.0,1.0,0.0125,,
CAD,2025-02,15m,23.0,1.0,0.0125,,
CAD,2025-02,1h,,1.0,0.002173913043478261,460.0,460.0
CAD,2025-02,1h,0.0,1.0,0.0,,
CAD,2025-02,1h,1.0,1.0,0.0,,
CAD,2025-02,1h,2.0,1.0,0.0,,
CAD,2025-02,1h,3.0,1.0,0.0,,
CAD,2025-02,1h,4.0,1.0,0.0,,
CAD,2025-02,1h,5.0,1.0,0.0,,
CAD,2025-02,1h,6.0,1.0,0.0,,
CAD,2025-02,1h,7.0,1.0,0.0,,
CAD,2025-02,1h,8.0,1.0,0.0,,
CAD,2025-02,1h,9.0,1.0,0.0,,
CAD,2025-02,1h,10.0,1.0,0.0,,
CAD,2025-02,1h,11.0,1.0,0.0,,
CAD,2025-02,1h,12.0,1.0,0.0,,
CAD,2025-02,1h,13.0,1.0,0.0,,
CAD,2025-02,1h,14.0,1.0,0.0,,
CAD,2025-02,1h,15.0,1.0,0.0,,
CAD,2025-02,1h,16.0,1.0,0.0,,
CAD,2025-02,1h,18.0,1.0,0.0,,
CAD,2025-02,1h,19.0,1.0,0.0,,
CAD,2025-02,1h,20.0,1.0,0.0,,
CAD,2025-02,1h,21.0,1.0,0.0,,
CAD,2025-02,1h,22.0,1.0,0.0,,
CAD,2025-02,1h,23.0,1.0,0.0,,
CAD,2025-08,1m,,0.9986542443064182,0.04097992467433745,28980.0,28941.0
CAD,2025-08,1m,0.0,0.9992063492063492,0.04924543288324067,,
CAD,2025-08,1m,1.0,1.0,0.046031746031746035,,
CAD,2025-08,1m,2.0,0.9992063492063492,0.04050833995234313,,
CAD,2025-08,1m,3.0,0.9992063492063492,0.03494837172359015,,
CAD,2025-08,1m,4.0,1.0,0.04523809523809524,,
CAD,2025-08,1m,5.0,1.0,0.0380952380952381,,
CAD,2025-08,1m,6.0,1.0,0.026984126984126985,,
CAD,2025-08,1m,7.0,0.9984126984126984,0.04213036565977742,,
CAD,2025-08,1m,8.0,0.9968253968253968,0.02945859872611465,,
CAD,2025-08,1m,9.0,1.0,0.03253968253968254,,
CAD,2025-08,1m,10.0,0.996031746031746,0.023107569721115537,,
CAD,2025-08,1m,11.0,0.9992063492063492,0.03415409054805401,,
CAD,2025-08,1m,12.0,0.9992063492063492,0.035742652899126294,,
CAD,2025-08,1m,13.0,0.9984126984126984,0.04451510333863275,,
CAD,2025-08,1m,14.0,0.996031746031746,0.04223107569721116,,
CAD,2025-08,1m,15.0,0.9992063492063492,0.03415409054805401,,
CAD,2025-08,1m,16.0,1.0,0.04206349206349207,,
CAD,2025-08,1m,18.0,0.996031746031746,0.06772908366533864,,
CAD,2025-08,1m,19.0,0.9944444444444445,0.05506783719074222,,
CAD,2025-08,1m,20.0,1.0,0.04126984126984127,,
CAD,2025-08,1m,21.0,0.9984126984126984,0.03815580286168521,,
CAD,2025-08,1m,22.0,0.9992063492063492,0.04209690230341541,,
CAD,2025-08,1m,23.0,1.0,0.04206349206349207,,
CAD,2025-08,15m,,1.0,0.016563146997929608,1932.0,1932.0
CAD,2025-08,15m,0.0,1.0,0.023809523809523808,,
CAD,2025-08,15m,1.0,1.0,0.03571428571428571,,
CAD,2025-08,15m,2.0,1.0,0.0,,
CAD,2025-08,15m,3.0,1.0,0.0,,
CAD,2025-08,15m,4.0,1.0,0.011904761904761904,,
CAD,2025-08,15m,5.0,1.0,0.011904761904761904,,
CAD,2025-08,15m,6.0,1.0,0.03571428571428571,,
CAD,2025-08,15m,7.0,1.0,0.011904761904761904,,
CAD,2025-08,15m,8.0,1.0,0.0,,
CAD,2025-08,15m,9.0,1.0,0.0,,
CAD,2025-08,15m,10.0,1.0,0.0,,
CAD,2025-08,15m,11.0,1.0,0.011904761904761904,,
CAD,2025-08,15m,12.0,1.0,0.0,,
CAD,2025-08,15m,13.0,1.0,0.0,,
CAD,2025-08,15m,14.0,1.0,0.0,,
CAD,2025-08,15m,15.0,1.0,0.011904761904761904,,
CAD,2025-08,15m,16.0,1.0,0.0,,
CAD,2025-08,15m,18.0,1.0,0.03571428571428571,,
CAD,2025-08,15m,19.0,1.0,0.023809523809523808,,
CAD,2025-08,15m,20.0,1.0,0.011904761904761904,,
CAD,2025-08,15m,21.0,1.0,0.0,,
CAD,2025-08,15m,22.0,1.0,0.023809523809523808,,
CAD,2025-08,15m,23.0,1.0,0.0,,
CAD,2025-08,1h,,1.0,0.006211180124223602,483.0,483.0
CAD,2025-08,1h,0.0,1.0,0.0,,
CAD,2025-08,1h,1.0,1.0,0.0,,
CAD,2025-08,1h,2.0,1.0,0.0,,
CAD,2025-08,1h,3.0,1.0,0.0,,
CAD,2025-08,1h,4.0,1.0,0.0,,
CAD,2025-08,1h,5.0,1.0,0.0,,
CAD,2025-08,1h,6.0,1.0,0.0,,
CAD,2025-08,1h,7.0,1.0,0.0,,
CAD,2025-08,1h,8.0,1.0,0.0,,
CAD,2025-08,1h,9.0,1.0,0.0,,
CAD,2025-08,1h,10.0,1.0,0.0,,
CAD,2025-08,1h,11.0,1.0,0.0,,
CAD,2025-08,1h,12.0,1.0,0.0,,
CAD,2025-08,1h,13.0,1.0,0.0,,
CAD,2025-08,1h,14.0,1.0,0.0,,
CAD,2025-08,1h,15.0,1.0,0.0,,
CAD,2025-08,1h,16.0,1.0,0.0,,
CAD,2025-08,1h,18.0,1.0,0.0,,
CAD,2025-08,1h,19.0,1.0,0.0,,
CAD,2025-08,1h,20.0,1.0,0.0,,
CAD,2025-08,1h,21.0,1.0,0.0,,
CAD,2025-08,1h,22.0,1.0,0.0,,
CAD,2025-08,1h,23.0,1.0,0.0,,
SEK,2009-11,1m,,0.9362280913191694,0.07102136893596675,29041.0,27189.0
SEK,2009-11,1m,0.0,1.0,0.046031746031746035,,
SEK,2009-11,1m,1.0,1.0,0.0373015873015873,,
SEK,2009-11,1m,2.0,0.9984126984126984,0.038950715421303655,,
SEK,2009-11,1m,3.0,1.0,0.01746031746031746,,
SEK,2009-11,1m,4.0,1.0,0.009523809523809525,,
SEK,2009-11,1m,5.0,0.9936507936507937,0.011980830670926517,,
SEK,2009-11,1m,6.0,1.0,0.027777777777777776,,
SEK,2009-11,1m,7.0,1.0,0.046825396825396826,,
SEK,2009-11,1m,8.0,0.984920634920635,0.07735697018533441,,
SEK,2009-11,1m,9.0,0.9809523809523809,0.08333333333333333,,
SEK,2009-11,1m,10.0,0.9722222222222222,0.1363265306122449,,
SEK,2009-11,1m,11.0,0.7833333333333333,0.14285714285714285,,
SEK,2009-11,1m,12.0,0.7222222222222222,0.21208791208791208,,
SEK,2009-11,1m,13.0,0.7611111111111111,0.12930135557872785,,
SEK,2009-11,1m,14.0,0.8,0.06746031746031746,,
SEK,2009-11,1m,15.0,0.8031746031746032,0.07806324110671936,,
SEK,2009-11,1m,16.0,0.7928571428571428,0.13613613613613615,,
SEK,2009-11,1m,18.0,0.9674242424242424,0.14643696162881753,,
SEK,2009-11,1m,19.0,0.9770023790642347,0.11688311688311688,,
SEK,2009-11,1m,20.0,0.9944444444444445,0.060654429369513166,,
SEK,2009-11,1m,21.0,1.0,0.029365079365079365,,
SEK,2009-11,1m,22.0,1.0,0.018253968253968255,,
SEK,2009-11,1m,23.0,1.0,0.03015873015873016,,
SEK,2009-11,15m,,0.9525038719669592,0.00975609756097561,1937.0,1845.0
SEK,2009-11,15m,0.0,1.0,0.011904761904761904,,
SEK,2009-11,15m,1.0,1.0,0.0,,
SEK,2009-11,15m,2.0,1.0,0.0,,
SEK,2009-11,15m,3.0,1.0,0.0,,
SEK,2009-11,15m,4.0,1.0,0.0,,
SEK,2009-11,15m,5.0,1.0,0.0,,
SEK,2009-11,15m,6.0,1.0,0.0,,
SEK,2009-11,15m,7.0,1.0,0.0,,
SEK,2009-11,15m,8.0,1.0,0.0,,
SEK,2009-11,15m,9.0,1.0,0.0,,
SEK,2009-11,15m,10.0,1.0,0.03571428571428571,,
SEK,2009-11,15m,11.0,0.8571428571428571,0.013888888888888888,,
SEK,2009-11,15m,12.0,0.8095238095238095,0.0,,
SEK,2009-11,15m,13.0,0.8095238095238095,0.0,,
SEK,2009-11,15m,14.0,0.8095238095238095,0.0,,
SEK,2009-11,15m,15.0,0.8095238095238095,0.014705882352941176,,
SEK,2009-11,15m,16.0,0.8095238095238095,0.014705882352941176,,
SEK,2009-11,15m,18.0,1.0,0.03409090909090909,,
SEK,2009-11,15m,19.0,1.0,0.03529411764705882,,
SEK,2009-11,15m,20.0,1.0,0.023809523809523808,,
SEK,2009-11,15m,21.0,1.0,0.0,,
SEK,2009-11,15m,22.0,1.0,0.0,,
SEK,2009-11,15m,23.0,1.0,0.0,,
SEK,2009-11,1h,,0.9587628865979382,0.002150537634408602,485.0,465.0
SEK,2009-11,1h,0.0,1.0,0.0,,
SEK,2009-11,1h,1.0,1.0,0.0,,
SEK,2009-11,1h,2.0,1.0,0.0,,
SEK,2009-11,1h,3.0,1.0,0.0,,
SEK,2009-11,1h,4.0,1.0,0.0,,
SEK,2009-11,1h,5.0,1.0,0.0,,
SEK,2009-11,1h,6.0,1.0,0.0,,
SEK,2009-11,1h,7.0,1.0,0.0,,
SEK,2009-11,1h,8.0,1.0,0.0,,
SEK,2009-11,1h,9.0,1.0,0.0,,
SEK,2009-11,1h,10.0,1.0,0.0,,
SEK,2009-11,1h,11.0,1.0,0.0,,
SEK,2009-11,1h,12.0,0.8095238095238095,0.0,,
SEK,2009-11,1h,13.0,0.8095238095238095,0.0,,
SEK,2009-11,1h,14.0,0.8095238095238095,0.0,,
SEK,2009-11,1h,15.0,0.8095238095238095,0.0,,
SEK,2009-11,1h,16.0,0.8095238095238095,0.0,,
SEK,2009-11,1h,18.0,1.0,0.0,,
SEK,2009-11,1h,19.0,1.0,0.0,,
SEK,2009-11,1h,20.0,1.0,0.0,,
SEK,2009-11,1h,21.0,1.0,0.0,,
SEK,2009-11,1h,22.0,1.0,0.0,,
SEK,2009-11,1h,23.0,1.0,0.0,,
SEK,2010-02,1m,,0.9231521739130435,0.06436673338828054,27600.0,25479.0
SEK,2010-02,1m,0.0,0.9991666666666666,0.025020850708924104,,
SEK,2010-02,1m,1.0,0.9991666666666666,0.02418682235195997,,
SEK,2010-02,1m,2.0,1.0,0.025,,
SEK,2010-02,1m,3.0,1.0,0.010833333333333334,,
SEK,2010-02,1m,4.0,1.0,0.0125,,
SEK,2010-02,1m,5.0,1.0,0.0033333333333333335,,
SEK,2010-02,1m,6.0,0.9991666666666666,0.011676396997497914,,
SEK,2010-02,1m,7.0,0.9966666666666667,0.05852842809364549,,
SEK,2010-02,1m,8.0,0.9808333333333333,0.0713678844519966,,
SEK,2010-02,1m,9.0,0.9558333333333333,0.08805579773321709,,
SEK,2010-02,1m,10.0,0.9608333333333333,0.11101474414570685,,
SEK,2010-02,1m,11.0,0.7416666666666667,0.1303370786516854,,
SEK,2010-02,1m,12.0,0.7508333333333334,0.17425083240843509,,
SEK,2010-02,1m,13.0,0.7158333333333333,0.16065192083818394,,
SEK,2010-02,1m,14.0,0.7358333333333333,0.08154020385050963,,
SEK,2010-02,1m,15.0,0.7775,0.08788853161843516,,
SEK,2010-02,1m,16.0,0.7875,0.11005291005291006,,
SEK,2010-02,1m,18.0,0.9541666666666667,0.11353711790393013,,
SEK,2010-02,1m,19.0,0.9166666666666666,0.11272727272727273,,
SEK,2010-02,1m,20.0,0.9608333333333333,0.07805724197745013,,
SEK,2010-02,1m,21.0,1.0,0.04416666666666667,,
SEK,2010-02,1m,22.0,1.0,0.018333333333333333,,
SEK,2010-02,1m,23.0,1.0,0.0175,,
SEK,2010-02,15m,,0.9445652173913044,0.005753739930955121,1840.0,1738.0
SEK,2010-02,15m,0.0,1.0,0.0,,
SEK,2010-02,15m,1.0,1.0,0.0,,
SEK,2010-02,15m,2.0,1.0,0.0125,,
SEK,2010-02,15m,3.0,1.0,0.0,,
SEK,2010-02,15m,4.0,1.0,0.0,,
SEK,2010-02,15m,5.0,1.0,0.0,,
SEK,2010-02,15m,6.0,1.0,0.0,,
SEK,2010-02,15m,7.0,1.0,0.0,,
SEK,2010-02,15m,8.0,1.0,0.0,,
SEK,2010-02,15m,9.0,1.0,0.0125,,
SEK,2010-02,15m,10.0,1.0,0.0,,
SEK,2010-02,15m,11.0,0.8625,0.0,,
SEK,2010-02,15m,12.0,0.8,0.0625,,
SEK,2010-02,15m,13.0,0.7875,0.0,,
SEK,2010-02,15m,14.0,0.7625,0.0,,
SEK,2010-02,15m,15.0,0.7875,0.0,,
SEK,2010-02,15m,16.0,0.8,0.015625,,
SEK,2010-02,15m,18.0,1.0,0.0,,
SEK,2010-02,15m,19.0,0.9625,0.012987012987012988,,
SEK,2010-02,15m,20.0,0.9625,0.0,,
SEK,2010-02,15m,21.0,1.0,0.0125,,
SEK,2010-02,15m,22.0,1.0,0.0,,
SEK,2010-02,15m,23.0,1.0,0.0,,
SEK,2010-02,1h,,0.9565217391304348,0.0,460.0,440.0
SEK,2010-02,1h,0.0,1.0,0.0,,
SEK,2010-02,1h,1.0,1.0,0.0,,
SEK,2010-02,1h,2.0,1.0,0.0,,
SEK,2010-02,1h,3.0,1.0,0.0,,
SEK,2010-02,1h,4.0,1.0,0.0,,
SEK,2010-02,1h,5.0,1.0,0.0,,
SEK,2010-02,1h,6.0,1.0,0.0,,
SEK,2010-02,1h,7.0,1.0,0.0,,
SEK,2010-02,1h,8.0,1.0,0.0,,
SEK,2010-02,1h,9.0,1.0,0.0,,
SEK,2010-02,1h,10.0,1.0,0.0,,
SEK,2010-02,1h,11.0,1.0,0.0,,
SEK,2010-02,1h,12.0,0.85,0.0,,
SEK,2010-02,1h,13.0,0.8,0.0,,
SEK,2010-02,1h,14.0,0.8,0.0,,
SEK,2010-02,1h,15.0,0.8,0.0,,
SEK,2010-02,1h,16.0,0.8,0.0,,
SEK,2010-02,1h,18.0,1.0,0.0,,
SEK,2010-02,1h,19.0,1.0,0.0,,
SEK,2010-02,1h,20.0,0.95,0.0,,
SEK,2010-02,1h,21.0,1.0,0.0,,
SEK,2010-02,1h,22.0,1.0,0.0,,
SEK,2010-02,1h,23.0,1.0,0.0,,
SEK,2010-08,1m,,0.9551195826908566,0.057809226118915945,30481.0,29113.0
SEK,2010-08,1m,0.0,1.0,0.02727272727272727,,
SEK,2010-08,1m,1.0,1.0,0.03106060606060606,,
SEK,2010-08,1m,2.0,1.0,0.037121212121212124,,
SEK,2010-08,1m,3.0,1.0,0.037121212121212124,,
SEK,2010-08,1m,4.0,1.0,0.025,,
SEK,2010-08,1m,5.0,1.0,0.022727272727272728,,
SEK,2010-08,1m,6.0,1.0,0.021212121212121213,,
SEK,2010-08,1m,7.0,1.0,0.022727272727272728,,
SEK,2010-08,1m,8.0,1.0,0.04696969696969697,,
SEK,2010-08,1m,9.0,1.0,0.06212121212121212,,
SEK,2010-08,1m,10.0,1.0,0.04090909090909091,,
SEK,2010-08,1m,11.0,1.0,0.07045454545454545,,
SEK,2010-08,1m,12.0,0.8212121212121212,0.0940959409594096,,
SEK,2010-08,1m,13.0,0.7583333333333333,0.10789210789210789,,
SEK,2010-08,1m,14.0,0.7825757575757576,0.12294288480154889,,
SEK,2010-08,1m,15.0,0.8083333333333333,0.10121836925960637,,
SEK,2010-08,1m,16.0,0.8166666666666667,0.07050092764378478,,
SEK,2010-08,1m,18.0,0.9891304347826086,0.09743589743589744,,
SEK,2010-08,1m,19.0,0.9956521739130435,0.10043668122270742,,
SEK,2010-08,1m,20.0,0.9931869795609387,0.09298780487804878,,
SEK,2010-08,1m,21.0,0.9992424242424243,0.07657316148597422,,
SEK,2010-08,1m,22.0,1.0,0.03106060606060606,,
SEK,2010-08,1m,23.0,1.0,0.019696969696969695,,
SEK,2010-08,15m,,0.9636005902606984,0.005104645227156712,2033.0,1959.0
SEK,2010-08,15m,0.0,1.0,0.0,,
SEK,2010-08,15m,1.0,1.0,0.0,,
SEK,2010-08,15m,2.0,1.0,0.0,,
SEK,2010-08,15m,3.0,1.0,0.011363636363636364,,
SEK,2010-08,15m,4.0,1.0,0.0,,
SEK,2010-08,15m,5.0,1.0,0.011363636363636364,,
SEK,2010-08,15m,6.0,1.0,0.0,,
SEK,2010-08,15m,7.0,1.0,0.0,,
SEK,2010-08,15m,8.0,1.0,0.011363636363636364,,
SEK,2010-08,15m,9.0,1.0,0.0,,
SEK,2010-08,15m,10.0,1.0,0.0,,
SEK,2010-08,15m,11.0,1.0,0.0,,
SEK,2010-08,15m,12.0,0.8863636363636364,0.0,,
SEK,2010-08,15m,13.0,0.8181818181818182,0.0,,
SEK,2010-08,15m,14.0,0.8181818181818182,0.013888888888888888,,
SEK,2010-08,15m,15.0,0.8181818181818182,0.0,,
SEK,2010-08,15m,16.0,0.8181818181818182,0.0,,
SEK,2010-08,15m,18.0,1.0,0.03260869565217391,,
SEK,2010-08,15m,19.0,1.0,0.0,,
SEK,2010-08,15m,20.0,1.0,0.0,,
SEK,2010-08,15m,21.0,1.0,0.0,,
SEK,2010-08,15m,22.0,1.0,0.0,,
SEK,2010-08,15m,23.0,1.0,0.0,,
SEK,2010-08,1h,,0.9724950884086444,0.00404040404040404,509.0,495.0
SEK,2010-08,1h,0.0,1.0,0.0,,
SEK,2010-08,1h,1.0,1.0,0.0,,
SEK,2010-08,1h,2.0,1.0,0.0,,
SEK,2010-08,1h,3.0,1.0,0.0,,
SEK,2010-08,1h,4.0,1.0,0.0,,
SEK,2010-08,1h,5.0,1.0,0.0,,
SEK,2010-08,1h,6.0,1.0,0.0,,
SEK,2010-08,1h,7.0,1.0,0.0,,
SEK,2010-08,1h,8.0,1.0,0.0,,
SEK,2010-08,1h,9.0,1.0,0.0,,
SEK,2010-08,1h,10.0,1.0,0.0,,
SEK,2010-08,1h,11.0,1.0,0.0,,
SEK,2010-08,1h,12.0,1.0,0.0,,
SEK,2010-08,1h,13.0,0.9090909090909091,0.0,,
SEK,2010-08,1h,14.0,0.8181818181818182,0.0,,
SEK,2010-08,1h,15.0,0.8181818181818182,0.0,,
SEK,2010-08,1h,16.0,0.8181818181818182,0.0,,
SEK,2010-08,1h,18.0,1.0,0.0,,
SEK,2010-08,1h,19.0,1.0,0.0,,
SEK,2010-08,1h,20.0,1.0,0.0,,
SEK,2010-08,1h,21.0,1.0,0.0,,
SEK,2010-08,1h,22.0,1.0,0.0,,
SEK,2010-08,1h,23.0,1.0,0.0,,
SEK,2015-02,1m,,0.9538405797101449,0.0474435918863481,27600.0,26326.0
SEK,2015-02,1m,0.0,1.0,0.020833333333333332,,
SEK,2015-02,1m,1.0,1.0,0.024166666666666666,,
SEK,2015-02,1m,2.0,1.0,0.016666666666666666,,
SEK,2015-02,1m,3.0,1.0,0.014166666666666666,,
SEK,2015-02,1m,4.0,1.0,0.015833333333333335,,
SEK,2015-02,1m,5.0,1.0,0.018333333333333333,,
SEK,2015-02,1m,6.0,1.0,0.018333333333333333,,
SEK,2015-02,1m,7.0,1.0,0.02666666666666667,,
SEK,2015-02,1m,8.0,1.0,0.030833333333333334,,
SEK,2015-02,1m,9.0,1.0,0.045,,
SEK,2015-02,1m,10.0,1.0,0.049166666666666664,,
SEK,2015-02,1m,11.0,0.9941666666666666,0.06873428331936295,,
SEK,2015-02,1m,12.0,0.7525,0.07862679955703211,,
SEK,2015-02,1m,13.0,0.7983333333333333,0.11691022964509394,,
SEK,2015-02,1m,14.0,0.8,0.090625,,
SEK,2015-02,1m,15.0,0.8,0.058333333333333334,,
SEK,2015-02,1m,16.0,0.8,0.09895833333333333,,
SEK,2015-02,1m,18.0,0.9983333333333333,0.10434056761268781,,
SEK,2015-02,1m,19.0,0.9958333333333333,0.11046025104602511,,
SEK,2015-02,1m,20.0,0.9991666666666666,0.0633861551292744,,
SEK,2015-02,1m,21.0,1.0,0.013333333333333334,,
SEK,2015-02,1m,22.0,1.0,0.0225,,
SEK,2015-02,1m,23.0,1.0,0.02,,
SEK,2015-02,15m,,0.9586956521739131,0.005668934240362812,1840.0,1764.0
SEK,2015-02,15m,0.0,1.0,0.0,,
SEK,2015-02,15m,1.0,1.0,0.0,,
SEK,2015-02,15m,2.0,1.0,0.0,,
SEK,2015-02,15m,3.0,1.0,0.0,,
SEK,2015-02,15m,4.0,1.0,0.0,,
SEK,2015-02,15m,5.0,1.0,0.025,,
SEK,2015-02,15m,6.0,1.0,0.0,,
SEK,2015-02,15m,7.0,1.0,0.0,,
SEK,2015-02,15m,8.0,1.0,0.0,,
SEK,2015-02,15m,9.0,1.0,0.0,,
SEK,2015-02,15m,10.0,1.0,0.0,,
SEK,2015-02,15m,11.0,1.0,0.0125,,
SEK,2015-02,15m,12.0,0.85,0.014705882352941176,,
SEK,2015-02,15m,13.0,0.8,0.0,,
SEK,2015-02,15m,14.0,0.8,0.015625,,
SEK,2015-02,15m,15.0,0.8,0.0,,
SEK,2015-02,15m,16.0,0.8,0.015625,,
SEK,2015-02,15m,18.0,1.0,0.0,,
SEK,2015-02,15m,19.0,1.0,0.0125,,
SEK,2015-02,15m,20.0,1.0,0.0,,
SEK,2015-02,15m,21.0,1.0,0.0,,
SEK,2015-02,15m,22.0,1.0,0.0,,
SEK,2015-02,15m,23.0,1.0,0.0,,
SEK,2015-02,1h,,0.9652173913043478,0.0022522522522522522,460.0,444.0
SEK,2015-02,1h,0.0,1.0,0.0,,
SEK,2015-02,1h,1.0,1.0,0.0,,
SEK,2015-02,1h,2.0,1.0,0.0,,
SEK,2015-02,1h,3.0,1.0,0.0,,
SEK,2015-02,1h,4.0,1.0,0.0,,
SEK,2015-02,1h,5.0,1.0,0.0,,
SEK,2015-02,1h,6.0,1.0,0.0,,
SEK,2015-02,1h,7.0,1.0,0.0,,
SEK,2015-02,1h,8.0,1.0,0.0,,
SEK,2015-02,1h,9.0,1.0,0.0,,
SEK,2015-02,1h,10.0,1.0,0.0,,
SEK,2015-02,1h,11.0,1.0,0.0,,
SEK,2015-02,1h,12.0,1.0,0.0,,
SEK,2015-02,1h,13.0,0.8,0.0,,
SEK,2015-02,1h,14.0,0.8,0.0,,
SEK,2015-02,1h,15.0,0.8,0.0,,
SEK,2015-02,1h,16.0,0.8,0.0,,
SEK,2015-02,1h,18.0,1.0,0.0,,
SEK,2015-02,1h,19.0,1.0,0.0,,
SEK,2015-02,1h,20.0,1.0,0.0,,
SEK,2015-02,1h,21.0,1.0,0.0,,
SEK,2015-02,1h,22.0,1.0,0.0,,
SEK,2015-02,1h,23.0,1.0,0.0,,
SEK,2015-08,1m,,0.9616508023779251,0.039378238341968914,29101.0,27985.0
SEK,2015-08,1m,0.0,1.0,0.006349206349206349,,
SEK,2015-08,1m,1.0,1.0,0.011111111111111112,,
SEK,2015-08,1m,2.0,1.0,0.015873015873015872,,
SEK,2015-08,1m,3.0,1.0,0.014285714285714285,,
SEK,2015-08,1m,4.0,1.0,0.00873015873015873,,
SEK,2015-08,1m,5.0,1.0,0.010317460317460317,,
SEK,2015-08,1m,6.0,1.0,0.004761904761904762,,
SEK,2015-08,1m,7.0,1.0,0.012698412698412698,,
SEK,2015-08,1m,8.0,1.0,0.030952380952380953,,
SEK,2015-08,1m,9.0,1.0,0.024603174603174603,,
SEK,2015-08,1m,10.0,1.0,0.0380952380952381,,
SEK,2015-08,1m,11.0,1.0,0.04206349206349207,,
SEK,2015-08,1m,12.0,0.9912698412698413,0.06725380304243395,,
SEK,2015-08,1m,13.0,0.7142857142857143,0.1411111111111111,,
SEK,2015-08,1m,14.0,0.8047619047619048,0.09664694280078895,,
SEK,2015-08,1m,15.0,0.807936507936508,0.0962671905697446,,
SEK,2015-08,1m,16.0,0.8095238095238095,0.06568627450980392,,
SEK,2015-08,1m,18.0,0.9939393939393939,0.04725609756097561,,
SEK,2015-08,1m,19.0,0.996969696969697,0.0668693009118541,,
SEK,2015-08,1m,20.0,0.9960348929421095,0.09474522292993631,,
SEK,2015-08,1m,21.0,1.0,0.04285714285714286,,
SEK,2015-08,1m,22.0,1.0,0.009523809523809525,,
SEK,2015-08,1m,23.0,1.0,0.005555555555555556,,
SEK,2015-08,15m,,0.9690880989180835,0.005847953216374269,1941.0,1881.0
SEK,2015-08,15m,0.0,1.0,0.011904761904761904,,
SEK,2015-08,15m,1.0,1.0,0.0,,
SEK,2015-08,15m,2.0,1.0,0.0,,
SEK,2015-08,15m,3.0,1.0,0.0,,
SEK,2015-08,15m,4.0,1.0,0.0,,
SEK,2015-08,15m,5.0,1.0,0.0,,
SEK,2015-08,15m,6.0,1.0,0.0,,
SEK,2015-08,15m,7.0,1.0,0.0,,
SEK,2015-08,15m,8.0,1.0,0.0,,
SEK,2015-08,15m,9.0,1.0,0.0,,
SEK,2015-08,15m,10.0,1.0,0.0,,
SEK,2015-08,15m,11.0,1.0,0.011904761904761904,,
SEK,2015-08,15m,12.0,1.0,0.0,,
SEK,2015-08,15m,13.0,0.8571428571428571,0.027777777777777776,,
SEK,2015-08,15m,14.0,0.8095238095238095,0.014705882352941176,,
SEK,2015-08,15m,15.0,0.8095238095238095,0.029411764705882353,,
SEK,2015-08,15m,16.0,0.8095238095238095,0.0,,
SEK,2015-08,15m,18.0,1.0,0.011363636363636364,,
SEK,2015-08,15m,19.0,1.0,0.011363636363636364,,
SEK,2015-08,15m,20.0,1.0,0.023529411764705882,,
SEK,2015-08,15m,21.0,1.0,0.011904761904761904,,
SEK,2015-08,15m,22.0,1.0,0.0,,
SEK,2015-08,15m,23.0,1.0,0.0,,
SEK,2015-08,1h,,0.9753086419753086,0.002109704641350211,486.0,474.0
SEK,2015-08,1h,0.0,1.0,0.0,,
SEK,2015-08,1h,1.0,1.0,0.0,,
SEK,2015-08,1h,2.0,1.0,0.0,,
SEK,2015-08,1h,3.0,1.0,0.0,,
SEK,2015-08,1h,4.0,1.0,0.0,,
SEK,2015-08,1h,5.0,1.0,0.0,,
SEK,2015-08,1h,6.0,1.0,0.0,,
SEK,2015-08,1h,7.0,1.0,0.0,,
SEK,2015-08,1h,8.0,1.0,0.0,,
SEK,2015-08,1h,9.0,1.0,0.0,,
SEK,2015-08,1h,10.0,1.0,0.0,,
SEK,2015-08,1h,11.0,1.0,0.0,,
SEK,2015-08,1h,12.0,1.0,0.0,,
SEK,2015-08,1h,13.0,1.0,0.0,,
SEK,2015-08,1h,14.0,0.8095238095238095,0.0,,
SEK,2015-08,1h,15.0,0.8095238095238095,0.0,,
SEK,2015-08,1h,16.0,0.8095238095238095,0.0,,
SEK,2015-08,1h,18.0,1.0,0.0,,
SEK,2015-08,1h,19.0,1.0,0.0,,
SEK,2015-08,1h,20.0,1.0,0.0,,
SEK,2015-08,1h,21.0,1.0,0.0,,
SEK,2015-08,1h,22.0,1.0,0.0,,
SEK,2015-08,1h,23.0,1.0,0.0,,
SEK,2020-02,1m,,0.9539855072463768,0.03368780858336498,27600.0,26330.0
SEK,2020-02,1m,0.0,1.0,0.006666666666666667,,
SEK,2020-02,1m,1.0,1.0,0.006666666666666667,,
SEK,2020-02,1m,2.0,1.0,0.015,,
SEK,2020-02,1m,3.0,1.0,0.0075,,
SEK,2020-02,1m,4.0,1.0,0.008333333333333333,,
SEK,2020-02,1m,5.0,1.0,0.005,,
SEK,2020-02,1m,6.0,1.0,0.008333333333333333,,
SEK,2020-02,1m,7.0,1.0,0.014166666666666666,,
SEK,2020-02,1m,8.0,1.0,0.03666666666666667,,
SEK,2020-02,1m,9.0,0.9991666666666666,0.03669724770642202,,
SEK,2020-02,1m,10.0,0.9983333333333333,0.024207011686143573,,
SEK,2020-02,1m,11.0,0.99,0.05976430976430976,,
SEK,2020-02,1m,12.0,0.7791666666666667,0.09732620320855614,,
SEK,2020-02,1m,13.0,0.7816666666666666,0.10341151385927505,,
SEK,2020-02,1m,14.0,0.7983333333333333,0.0720250521920668,,
SEK,2020-02,1m,15.0,0.8,0.08229166666666667,,
SEK,2020-02,1m,16.0,0.8,0.034375,,
SEK,2020-02,1m,18.0,0.9991666666666666,0.07422852376980818,,
SEK,2020-02,1m,19.0,0.9966666666666667,0.0677257525083612,,
SEK,2020-02,1m,20.0,0.9991666666666666,0.030859049207673062,,
SEK,2020-02,1m,21.0,1.0,0.011666666666666667,,
SEK,2020-02,1m,22.0,1.0,0.0075,,
SEK,2020-02,1m,23.0,1.0,0.006666666666666667,,
SEK,2020-02,15m,,0.9586956521739131,0.0017006802721088435,1840.0,1764.0
SEK,2020-02,15m,0.0,1.0,0.0,,
SEK,2020-02,15m,1.0,1.0,0.0,,
SEK,2020-02,15m,2.0,1.0,0.0,,
SEK,2020-02,15m,3.0,1.0,0.0125,,
SEK,2020-02,15m,4.0,1.0,0.0,,
SEK,2020-02,15m,5.0,1.0,0.0,,
SEK,2020-02,15m,6.0,1.0,0.0,,
SEK,2020-02,15m,7.0,1.0,0.0,,
SEK,2020-02,15m,8.0,1.0,0.0,,
SEK,2020-02,15m,9.0,1.0,0.0,,
SEK,2020-02,15m,10.0,1.0,0.0,,
SEK,2020-02,15m,11.0,1.0,0.0,,
SEK,2020-02,15m,12.0,0.85,0.014705882352941176,,
SEK,2020-02,15m,13.0,0.8,0.0,,
SEK,2020-02,15m,14.0,0.8,0.0,,
SEK,2020-02,15m,15.0,0.8,0.0,,
SEK,2020-02,15m,16.0,0.8,0.0,,
SEK,2020-02,15m,18.0,1.0,0.0,,
SEK,2020-02,15m,19.0,1.0,0.0,,
SEK,2020-02,15m,20.0,1.0,0.0,,
SEK,2020-02,15m,21.0,1.0,0.0125,,
SEK,2020-02,15m,22.0,1.0,0.0,,
SEK,2020-02,15m,23.0,1.0,0.0,,
SEK,2020-02,1h,,0.9652173913043478,0.0022522522522522522,460.0,444.0
SEK,2020-02,1h,0.0,1.0,0.0,,
SEK,2020-02,1h,1.0,1.0,0.0,,
SEK,2020-02,1h,2.0,1.0,0.0,,
SEK,2020-02,1h,3.0,1.0,0.0,,
SEK,2020-02,1h,4.0,1.0,0.0,,
SEK,2020-02,1h,5.0,1.0,0.0,,
SEK,2020-02,1h,6.0,1.0,0.0,,
SEK,2020-02,1h,7.0,1.0,0.0,,
SEK,2020-02,1h,8.0,1.0,0.0,,
SEK,2020-02,1h,9.0,1.0,0.0,,
SEK,2020-02,1h,10.0,1.0,0.0,,
SEK,2020-02,1h,11.0,1.0,0.0,,
SEK,2020-02,1h,12.0,1.0,0.0,,
SEK,2020-02,1h,13.0,0.8,0.0,,
SEK,2020-02,1h,14.0,0.8,0.0,,
SEK,2020-02,1h,15.0,0.8,0.0,,
SEK,2020-02,1h,16.0,0.8,0.0,,
SEK,2020-02,1h,18.0,1.0,0.0,,
SEK,2020-02,1h,19.0,1.0,0.0,,
SEK,2020-02,1h,20.0,1.0,0.0,,
SEK,2020-02,1h,21.0,1.0,0.0,,
SEK,2020-02,1h,22.0,1.0,0.0,,
SEK,2020-02,1h,23.0,1.0,0.0,,
SEK,2025-02,1m,,0.9953985507246377,0.004731918610999891,27600.0,27473.0
SEK,2025-02,1m,0.0,0.9975,0.005012531328320802,,
SEK,2025-02,1m,1.0,0.9991666666666666,0.004170141784820684,,
SEK,2025-02,1m,2.0,0.9991666666666666,0.0025020850708924102,,
SEK,2025-02,1m,3.0,0.995,0.005862646566164154,,
SEK,2025-02,1m,4.0,0.9833333333333333,0.007627118644067797,,
SEK,2025-02,1m,5.0,0.9975,0.007518796992481203,,
SEK,2025-02,1m,6.0,0.9975,0.003341687552213868,,
SEK,2025-02,1m,7.0,1.0,0.0033333333333333335,,
SEK,2025-02,1m,8.0,0.9983333333333333,0.005843071786310518,,
SEK,2025-02,1m,9.0,0.9941666666666666,0.005029337803855826,,
SEK,2025-02,1m,10.0,0.9908333333333333,0.004205214465937763,,
SEK,2025-02,1m,11.0,0.9941666666666666,0.0075440067057837385,,
SEK,2025-02,1m,12.0,0.985,0.00676818950930626,,
SEK,2025-02,1m,13.0,0.9891666666666666,0.005054759898904802,,
SEK,2025-02,1m,14.0,0.9958333333333333,0.0033472803347280333,,
SEK,2025-02,1m,15.0,0.9916666666666667,0.004201680672268907,,
SEK,2025-02,1m,16.0,0.9941666666666666,0.005029337803855826,,
SEK,2025-02,1m,18.0,1.0,0.0033333333333333335,,
SEK,2025-02,1m,19.0,1.0,0.0033333333333333335,,
SEK,2025-02,1m,20.0,0.9958333333333333,0.0008368200836820083,,
SEK,2025-02,1m,21.0,0.9966666666666667,0.005852842809364548,,
SEK,2025-02,1m,22.0,0.9991666666666666,0.005838198498748957,,
SEK,2025-02,1m,23.0,1.0,0.0025,,
SEK,2025-02,15m,,1.0,0.0010869565217391304,1840.0,1840.0
SEK,2025-02,15m,0.0,1.0,0.0,,
SEK,2025-02,15m,1.0,1.0,0.0,,
SEK,2025-02,15m,2.0,1.0,0.0,,
SEK,2025-02,15m,3.0,1.0,0.0,,
SEK,2025-02,15m,4.0,1.0,0.0,,
SEK,2025-02,15m,5.0,1.0,0.0,,
SEK,2025-02,15m,6.0,1.0,0.0,,
SEK,2025-02,15m,7.0,1.0,0.0,,
SEK,2025-02,15m,8.0,1.0,0.0,,
SEK,2025-02,15m,9.0,1.0,0.0,,
SEK,2025-02,15m,10.0,1.0,0.0,,
SEK,2025-02,15m,11.0,1.0,0.0,,
SEK,2025-02,15m,12.0,1.0,0.0,,
SEK,2025-02,15m,13.0,1.0,0.0,,
SEK,2025-02,15m,14.0,1.0,0.0,,
SEK,2025-02,15m,15.0,1.0,0.0,,
SEK,2025-02,15m,16.0,1.0,0.0,,
SEK,2025-02,15m,18.0,1.0,0.0,,
SEK,2025-02,15m,19.0,1.0,0.0,,
SEK,2025-02,15m,20.0,1.0,0.0,,
SEK,2025-02,15m,21.0,1.0,0.0,,
SEK,2025-02,15m,22.0,1.0,0.0,,
SEK,2025-02,15m,23.0,1.0,0.0,,
SEK,2025-02,1h,,1.0,0.0,460.0,460.0
SEK,2025-02,1h,0.0,1.0,0.0,,
SEK,2025-02,1h,1.0,1.0,0.0,,
SEK,2025-02,1h,2.0,1.0,0.0,,
SEK,2025-02,1h,3.0,1.0,0.0,,
SEK,2025-02,1h,4.0,1.0,0.0,,
SEK,2025-02,1h,5.0,1.0,0.0,,
SEK,2025-02,1h,6.0,1.0,0.0,,
SEK,2025-02,1h,7.0,1.0,0.0,,
SEK,2025-02,1h,8.0,1.0,0.0,,
SEK,2025-02,1h,9.0,1.0,0.0,,
SEK,2025-02,1h,10.0,1.0,0.0,,
SEK,2025-02,1h,11.0,1.0,0.0,,
SEK,2025-02,1h,12.0,1.0,0.0,,
SEK,2025-02,1h,13.0,1.0,0.0,,
SEK,2025-02,1h,14.0,1.0,0.0,,
SEK,2025-02,1h,15.0,1.0,0.0,,
SEK,2025-02,1h,16.0,1.0,0.0,,
SEK,2025-02,1h,18.0,1.0,0.0,,
SEK,2025-02,1h,19.0,1.0,0.0,,
SEK,2025-02,1h,20.0,1.0,0.0,,
SEK,2025-02,1h,21.0,1.0,0.0,,
SEK,2025-02,1h,22.0,1.0,0.0,,
SEK,2025-02,1h,23.0,1.0,0.0,,
SEK,2025-08,1m,,0.9979986197377502,0.0034921513035059814,28980.0,28922.0
SEK,2025-08,1m,0.0,0.9984126984126984,0.0047694753577106515,,
SEK,2025-08,1m,1.0,1.0,0.007142857142857143,,
SEK,2025-08,1m,2.0,0.9968253968253968,0.0015923566878980893,,
SEK,2025-08,1m,3.0,0.9992063492063492,0.003971405877680699,,
SEK,2025-08,1m,4.0,0.9968253968253968,0.0007961783439490446,,
SEK,2025-08,1m,5.0,0.9968253968253968,0.0015923566878980893,,
SEK,2025-08,1m,6.0,0.9984126984126984,0.0023847376788553257,,
SEK,2025-08,1m,7.0,1.0,0.002380952380952381,,
SEK,2025-08,1m,8.0,0.9984126984126984,0.0023847376788553257,,
SEK,2025-08,1m,9.0,1.0,0.003968253968253968,,
SEK,2025-08,1m,10.0,0.9944444444444445,0.0015961691939345571,,
SEK,2025-08,1m,11.0,0.9976190476190476,0.0015910898965791568,,
SEK,2025-08,1m,12.0,0.9976190476190476,0.002386634844868735,,
SEK,2025-08,1m,13.0,0.9984126984126984,0.0023847376788553257,,
SEK,2025-08,1m,14.0,1.0,0.0015873015873015873,,
SEK,2025-08,1m,15.0,0.9984126984126984,0.0047694753577106515,,
SEK,2025-08,1m,16.0,0.9992063492063492,0.0023828435266084196,,
SEK,2025-08,1m,18.0,0.996031746031746,0.0031872509960159364,,
SEK,2025-08,1m,19.0,0.9936507936507937,0.005591054313099041,,
SEK,2025-08,1m,20.0,0.9984126984126984,0.00794912559618442,,
SEK,2025-08,1m,21.0,0.9984126984126984,0.00397456279809221,,
SEK,2025-08,1m,22.0,0.9992063492063492,0.005559968228752979,,
SEK,2025-08,1m,23.0,0.9976190476190476,0.006364359586316627,,
SEK,2025-08,15m,,1.0,0.0015527950310559005,1932.0,1932.0
SEK,2025-08,15m,0.0,1.0,0.0,,
SEK,2025-08,15m,1.0,1.0,0.0,,
SEK,2025-08,15m,2.0,1.0,0.0,,
SEK,2025-08,15m,3.0,1.0,0.0,,
SEK,2025-08,15m,4.0,1.0,0.0,,
SEK,2025-08,15m,5.0,1.0,0.0,,
SEK,2025-08,15m,6.0,1.0,0.0,,
SEK,2025-08,15m,7.0,1.0,0.0,,
SEK,2025-08,15m,8.0,1.0,0.0,,
SEK,2025-08,15m,9.0,1.0,0.0,,
SEK,2025-08,15m,10.0,1.0,0.0,,
SEK,2025-08,15m,11.0,1.0,0.0,,
SEK,2025-08,15m,12.0,1.0,0.0,,
SEK,2025-08,15m,13.0,1.0,0.0,,
SEK,2025-08,15m,14.0,1.0,0.0,,
SEK,2025-08,15m,15.0,1.0,0.0,,
SEK,2025-08,15m,16.0,1.0,0.0,,
SEK,2025-08,15m,18.0,1.0,0.0,,
SEK,2025-08,15m,19.0,1.0,0.0,,
SEK,2025-08,15m,20.0,1.0,0.011904761904761904,,
SEK,2025-08,15m,21.0,1.0,0.011904761904761904,,
SEK,2025-08,15m,22.0,1.0,0.0,,
SEK,2025-08,15m,23.0,1.0,0.0,,
SEK,2025-08,1h,,1.0,0.0,483.0,483.0
SEK,2025-08,1h,0.0,1.0,0.0,,
SEK,2025-08,1h,1.0,1.0,0.0,,
SEK,2025-08,1h,2.0,1.0,0.0,,
SEK,2025-08,1h,3.0,1.0,0.0,,
SEK,2025-08,1h,4.0,1.0,0.0,,
SEK,2025-08,1h,5.0,1.0,0.0,,
SEK,2025-08,1h,6.0,1.0,0.0,,
SEK,2025-08,1h,7.0,1.0,0.0,,
SEK,2025-08,1h,8.0,1.0,0.0,,
SEK,2025-08,1h,9.0,1.0,0.0,,
SEK,2025-08,1h,10.0,1.0,0.0,,
SEK,2025-08,1h,11.0,1.0,0.0,,
SEK,2025-08,1h,12.0,1.0,0.0,,
SEK,2025-08,1h,13.0,1.0,0.0,,
SEK,2025-08,1h,14.0,1.0,0.0,,
SEK,2025-08,1h,15.0,1.0,0.0,,
SEK,2025-08,1h,16.0,1.0,0.0,,
SEK,2025-08,1h,18.0,1.0,0.0,,
SEK,2025-08,1h,19.0,1.0,0.0,,
SEK,2025-08,1h,20.0,1.0,0.0,,
SEK,2025-08,1h,21.0,1.0,0.0,,
SEK,2025-08,1h,22.0,1.0,0.0,,
SEK,2025-08,1h,23.0,1.0,0.0,,
NOK,2013-03,1m,,0.9435606060606061,0.04948724499105872,29040.0,27401.0
NOK,2013-03,1m,0.0,1.0,0.011904761904761904,,
NOK,2013-03,1m,1.0,0.9992063492063492,0.013502779984114376,,
NOK,2013-03,1m,2.0,1.0,0.01746031746031746,,
NOK,2013-03,1m,3.0,0.9992063492063492,0.017474185861795076,,
NOK,2013-03,1m,4.0,0.9912698412698413,0.02401921537229784,,
NOK,2013-03,1m,5.0,0.9992063492063492,0.019857029388403495,,
NOK,2013-03,1m,6.0,0.996031746031746,0.02390438247011952,,
NOK,2013-03,1m,7.0,0.996031746031746,0.019123505976095617,,
NOK,2013-03,1m,8.0,1.0,0.03650793650793651,,
NOK,2013-03,1m,9.0,1.0,0.06746031746031746,,
NOK,2013-03,1m,10.0,0.9976190476190476,0.061256961018297536,,
NOK,2013-03,1m,11.0,0.9904761904761905,0.08012820512820513,,
NOK,2013-03,1m,12.0,0.8825396825396825,0.08183453237410072,,
NOK,2013-03,1m,13.0,0.726984126984127,0.08951965065502183,,
NOK,2013-03,1m,14.0,0.7373015873015873,0.08073196986006459,,
NOK,2013-03,1m,15.0,0.7468253968253968,0.07970244420828905,,
NOK,2013-03,1m,16.0,0.7436507936507937,0.06296691568836713,,
NOK,2013-03,1m,18.0,0.969047619047619,0.08271908271908272,,
NOK,2013-03,1m,19.0,0.9636087945413192,0.09126671911880409,,
NOK,2013-03,1m,20.0,0.9809674861221253,0.08326596604688763,,
NOK,2013-03,1m,21.0,0.9904761904761905,0.05608974358974359,,
NOK,2013-03,1m,22.0,0.9920634920634921,0.0384,,
NOK,2013-03,1m,23.0,0.9984126984126984,0.019077901430842606,,
NOK,2013-03,15m,,0.9571280991735537,0.0037776578521316784,1936.0,1853.0
NOK,2013-03,15m,0.0,1.0,0.0,,
NOK,2013-03,15m,1.0,1.0,0.0,,
NOK,2013-03,15m,2.0,1.0,0.0,,
NOK,2013-03,15m,3.0,1.0,0.0,,
NOK,2013-03,15m,4.0,1.0,0.0,,
NOK,2013-03,15m,5.0,1.0,0.0,,
NOK,2013-03,15m,6.0,1.0,0.0,,
NOK,2013-03,15m,7.0,1.0,0.0,,
NOK,2013-03,15m,8.0,1.0,0.0,,
NOK,2013-03,15m,9.0,1.0,0.023809523809523808,,
NOK,2013-03,15m,10.0,1.0,0.0,,
NOK,2013-03,15m,11.0,1.0,0.0,,
NOK,2013-03,15m,12.0,0.9285714285714286,0.01282051282051282,,
NOK,2013-03,15m,13.0,0.7976190476190477,0.0,,
NOK,2013-03,15m,14.0,0.7619047619047619,0.0,,
NOK,2013-03,15m,15.0,0.7619047619047619,0.0,,
NOK,2013-03,15m,16.0,0.7619047619047619,0.015625,,
NOK,2013-03,15m,18.0,1.0,0.0,,
NOK,2013-03,15m,19.0,1.0,0.011494252873563218,,
NOK,2013-03,15m,20.0,1.0,0.0,,
NOK,2013-03,15m,21.0,1.0,0.023809523809523808,,
NOK,2013-03,15m,22.0,1.0,0.0,,
NOK,2013-03,15m,23.0,1.0,0.0,,
NOK,2013-03,1h,,0.9648760330578512,0.0,484.0,467.0
NOK,2013-03,1h,0.0,1.0,0.0,,
NOK,2013-03,1h,1.0,1.0,0.0,,
NOK,2013-03,1h,2.0,1.0,0.0,,
NOK,2013-03,1h,3.0,1.0,0.0,,
NOK,2013-03,1h,4.0,1.0,0.0,,
NOK,2013-03,1h,5.0,1.0,0.0,,
NOK,2013-03,1h,6.0,1.0,0.0,,
NOK,2013-03,1h,7.0,1.0,0.0,,
NOK,2013-03,1h,8.0,1.0,0.0,,
NOK,2013-03,1h,9.0,1.0,0.0,,
NOK,2013-03,1h,10.0,1.0,0.0,,
NOK,2013-03,1h,11.0,1.0,0.0,,
NOK,2013-03,1h,12.0,1.0,0.0,,
NOK,2013-03,1h,13.0,0.9047619047619048,0.0,,
NOK,2013-03,1h,14.0,0.7619047619047619,0.0,,
NOK,2013-03,1h,15.0,0.7619047619047619,0.0,,
NOK,2013-03,1h,16.0,0.7619047619047619,0.0,,
NOK,2013-03,1h,18.0,1.0,0.0,,
NOK,2013-03,1h,19.0,1.0,0.0,,
NOK,2013-03,1h,20.0,1.0,0.0,,
NOK,2013-03,1h,21.0,1.0,0.0,,
NOK,2013-03,1h,22.0,1.0,0.0,,
NOK,2013-03,1h,23.0,1.0,0.0,,
NOK,2015-02,1m,,0.9522101449275362,0.046801872074883,27600.0,26281.0
NOK,2015-02,1m,0.0,1.0,0.0275,,
NOK,2015-02,1m,1.0,1.0,0.0175,,
NOK,2015-02,1m,2.0,1.0,0.020833333333333332,,
NOK,2015-02,1m,3.0,0.9991666666666666,0.020850708924103418,,
NOK,2015-02,1m,4.0,1.0,0.015,,
NOK,2015-02,1m,5.0,1.0,0.014166666666666666,,
NOK,2015-02,1m,6.0,1.0,0.020833333333333332,,
NOK,2015-02,1m,7.0,1.0,0.0275,,
NOK,2015-02,1m,8.0,1.0,0.025,,
NOK,2015-02,1m,9.0,0.9983333333333333,0.03589315525876461,,
NOK,2015-02,1m,10.0,0.995,0.04355108877721943,,
NOK,2015-02,1m,11.0,0.9808333333333333,0.06542056074766354,,
NOK,2015-02,1m,12.0,0.7525,0.11184939091915837,,
NOK,2015-02,1m,13.0,0.7983333333333333,0.10855949895615867,,
NOK,2015-02,1m,14.0,0.8,0.084375,,
NOK,2015-02,1m,15.0,0.8,0.071875,,
NOK,2015-02,1m,16.0,0.7991666666666667,0.08133472367049009,,
NOK,2015-02,1m,18.0,0.9941666666666666,0.08549874266554904,,
NOK,2015-02,1m,19.0,0.9858333333333333,0.12679628064243448,,
NOK,2015-02,1m,20.0,0.9975,0.06098579782790309,,
NOK,2015-02,1m,21.0,1.0,0.021666666666666667,,
NOK,2015-02,1m,22.0,1.0,0.0125,,
NOK,2015-02,1m,23.0,1.0,0.013333333333333334,,
NOK,2015-02,15m,,0.9586956521739131,0.007936507936507936,1840.0,1764.0
NOK,2015-02,15m,0.0,1.0,0.0,,
NOK,2015-02,15m,1.0,1.0,0.0,,
NOK,2015-02,15m,2.0,1.0,0.0125,,
NOK,2015-02,15m,3.0,1.0,0.0,,
NOK,2015-02,15m,4.0,1.0,0.0125,,
NOK,2015-02,15m,5.0,1.0,0.0,,
NOK,2015-02,15m,6.0,1.0,0.0,,
NOK,2015-02,15m,7.0,1.0,0.0,,
NOK,2015-02,15m,8.0,1.0,0.0,,
NOK,2015-02,15m,9.0,1.0,0.0,,
NOK,2015-02,15m,10.0,1.0,0.0125,,
NOK,2015-02,15m,11.0,1.0,0.0,,
NOK,2015-02,15m,12.0,0.85,0.0,,
NOK,2015-02,15m,13.0,0.8,0.0,,
NOK,2015-02,15m,14.0,0.8,0.015625,,
NOK,2015-02,15m,15.0,0.8,0.0,,
NOK,2015-02,15m,16.0,0.8,0.015625,,
NOK,2015-02,15m,18.0,1.0,0.05,,
NOK,2015-02,15m,19.0,1.0,0.0375,,
NOK,2015-02,15m,20.0,1.0,0.0,,
NOK,2015-02,15m,21.0,1.0,0.0,,
NOK,2015-02,15m,22.0,1.0,0.0125,,
NOK,2015-02,15m,23.0,1.0,0.0,,
NOK,2015-02,1h,,0.9652173913043478,0.0,460.0,444.0
NOK,2015-02,1h,0.0,1.0,0.0,,
NOK,2015-02,1h,1.0,1.0,0.0,,
NOK,2015-02,1h,2.0,1.0,0.0,,
NOK,2015-02,1h,3.0,1.0,0.0,,
NOK,2015-02,1h,4.0,1.0,0.0,,
NOK,2015-02,1h,5.0,1.0,0.0,,
NOK,2015-02,1h,6.0,1.0,0.0,,
NOK,2015-02,1h,7.0,1.0,0.0,,
NOK,2015-02,1h,8.0,1.0,0.0,,
NOK,2015-02,1h,9.0,1.0,0.0,,
NOK,2015-02,1h,10.0,1.0,0.0,,
NOK,2015-02,1h,11.0,1.0,0.0,,
NOK,2015-02,1h,12.0,1.0,0.0,,
NOK,2015-02,1h,13.0,0.8,0.0,,
NOK,2015-02,1h,14.0,0.8,0.0,,
NOK,2015-02,1h,15.0,0.8,0.0,,
NOK,2015-02,1h,16.0,0.8,0.0,,
NOK,2015-02,1h,18.0,1.0,0.0,,
NOK,2015-02,1h,19.0,1.0,0.0,,
NOK,2015-02,1h,20.0,1.0,0.0,,
NOK,2015-02,1h,21.0,1.0,0.0,,
NOK,2015-02,1h,22.0,1.0,0.0,,
NOK,2015-02,1h,23.0,1.0,0.0,,
NOK,2015-08,1m,,0.9600701006838253,0.04087476287626615,29101.0,27939.0
NOK,2015-08,1m,0.0,1.0,0.0031746031746031746,,
NOK,2015-08,1m,1.0,1.0,0.013492063492063493,,
NOK,2015-08,1m,2.0,1.0,0.011904761904761904,,
NOK,2015-08,1m,3.0,1.0,0.014285714285714285,,
NOK,2015-08,1m,4.0,1.0,0.009523809523809525,,
NOK,2015-08,1m,5.0,1.0,0.009523809523809525,,
NOK,2015-08,1m,6.0,1.0,0.009523809523809525,,
NOK,2015-08,1m,7.0,1.0,0.015873015873015872,,
NOK,2015-08,1m,8.0,1.0,0.023015873015873017,,
NOK,2015-08,1m,9.0,1.0,0.025396825396825397,,
NOK,2015-08,1m,10.0,1.0,0.044444444444444446,,
NOK,2015-08,1m,11.0,0.9992063492063492,0.035742652899126294,,
NOK,2015-08,1m,12.0,0.9833333333333333,0.06537530266343826,,
NOK,2015-08,1m,13.0,0.6833333333333333,0.1602787456445993,,
NOK,2015-08,1m,14.0,0.8055555555555556,0.12118226600985221,,
NOK,2015-08,1m,15.0,0.8087301587301587,0.07360157016683022,,
NOK,2015-08,1m,16.0,0.807936507936508,0.06777996070726916,,
NOK,2015-08,1m,18.0,0.9977272727272727,0.0554290053151101,,
NOK,2015-08,1m,19.0,0.996969696969697,0.0729483282674772,,
NOK,2015-08,1m,20.0,0.9968279143536876,0.0883054892601432,,
NOK,2015-08,1m,21.0,0.9984126984126984,0.06041335453100159,,
NOK,2015-08,1m,22.0,1.0,0.00873015873015873,,
NOK,2015-08,1m,23.0,1.0,0.005555555555555556,,
NOK,2015-08,15m,,0.9685729005667182,0.007978723404255319,1941.0,1880.0
NOK,2015-08,15m,0.0,1.0,0.0,,
NOK,2015-08,15m,1.0,1.0,0.0,,
NOK,2015-08,15m,2.0,1.0,0.011904761904761904,,
NOK,2015-08,15m,3.0,1.0,0.0,,
NOK,2015-08,15m,4.0,1.0,0.011904761904761904,,
NOK,2015-08,15m,5.0,1.0,0.011904761904761904,,
NOK,2015-08,15m,6.0,1.0,0.0,,
NOK,2015-08,15m,7.0,1.0,0.0,,
NOK,2015-08,15m,8.0,1.0,0.0,,
NOK,2015-08,15m,9.0,1.0,0.011904761904761904,,
NOK,2015-08,15m,10.0,1.0,0.0,,
NOK,2015-08,15m,11.0,1.0,0.011904761904761904,,
NOK,2015-08,15m,12.0,1.0,0.011904761904761904,,
NOK,2015-08,15m,13.0,0.8452380952380952,0.0,,
NOK,2015-08,15m,14.0,0.8095238095238095,0.014705882352941176,,
NOK,2015-08,15m,15.0,0.8095238095238095,0.014705882352941176,,
NOK,2015-08,15m,16.0,0.8095238095238095,0.0,,
NOK,2015-08,15m,18.0,1.0,0.0,,
NOK,2015-08,15m,19.0,1.0,0.022727272727272728,,
NOK,2015-08,15m,20.0,1.0,0.011764705882352941,,
NOK,2015-08,15m,21.0,1.0,0.0,,
NOK,2015-08,15m,22.0,1.0,0.0,,
NOK,2015-08,15m,23.0,1.0,0.0,,
NOK,2015-08,1h,,0.9753086419753086,0.002109704641350211,486.0,474.0
NOK,2015-08,1h,0.0,1.0,0.0,,
NOK,2015-08,1h,1.0,1.0,0.0,,
NOK,2015-08,1h,2.0,1.0,0.0,,
NOK,2015-08,1h,3.0,1.0,0.0,,
NOK,2015-08,1h,4.0,1.0,0.0,,
NOK,2015-08,1h,5.0,1.0,0.0,,
NOK,2015-08,1h,6.0,1.0,0.0,,
NOK,2015-08,1h,7.0,1.0,0.0,,
NOK,2015-08,1h,8.0,1.0,0.0,,
NOK,2015-08,1h,9.0,1.0,0.0,,
NOK,2015-08,1h,10.0,1.0,0.0,,
NOK,2015-08,1h,11.0,1.0,0.0,,
NOK,2015-08,1h,12.0,1.0,0.0,,
NOK,2015-08,1h,13.0,1.0,0.0,,
NOK,2015-08,1h,14.0,0.8095238095238095,0.0,,
NOK,2015-08,1h,15.0,0.8095238095238095,0.0,,
NOK,2015-08,1h,16.0,0.8095238095238095,0.0,,
NOK,2015-08,1h,18.0,1.0,0.0,,
NOK,2015-08,1h,19.0,1.0,0.0,,
NOK,2015-08,1h,20.0,1.0,0.0,,
NOK,2015-08,1h,21.0,1.0,0.0,,
NOK,2015-08,1h,22.0,1.0,0.0,,
NOK,2015-08,1h,23.0,1.0,0.0,,
NOK,2020-02,1m,,0.9530434782608695,0.02410279805352798,27600.0,26304.0
NOK,2020-02,1m,0.0,1.0,0.008333333333333333,,
NOK,2020-02,1m,1.0,1.0,0.006666666666666667,,
NOK,2020-02,1m,2.0,1.0,0.0075,,
NOK,2020-02,1m,3.0,1.0,0.006666666666666667,,
NOK,2020-02,1m,4.0,1.0,0.009166666666666667,,
NOK,2020-02,1m,5.0,1.0,0.005833333333333334,,
NOK,2020-02,1m,6.0,1.0,0.0075,,
NOK,2020-02,1m,7.0,0.9891666666666666,0.005897219882055603,,
NOK,2020-02,1m,8.0,0.9916666666666667,0.018487394957983194,,
NOK,2020-02,1m,9.0,0.9975,0.03341687552213868,,
NOK,2020-02,1m,10.0,1.0,0.0125,,
NOK,2020-02,1m,11.0,0.9833333333333333,0.029661016949152543,,
NOK,2020-02,1m,12.0,0.7666666666666667,0.05434782608695652,,
NOK,2020-02,1m,13.0,0.7958333333333333,0.0712041884816754,,
NOK,2020-02,1m,14.0,0.8,0.04479166666666667,,
NOK,2020-02,1m,15.0,0.8,0.025,,
NOK,2020-02,1m,16.0,0.7983333333333333,0.021920668058455117,,
NOK,2020-02,1m,18.0,1.0,0.051666666666666666,,
NOK,2020-02,1m,19.0,0.9983333333333333,0.08096828046744574,,
NOK,2020-02,1m,20.0,0.9991666666666666,0.04837364470391994,,
NOK,2020-02,1m,21.0,1.0,0.008333333333333333,,
NOK,2020-02,1m,22.0,1.0,0.004166666666666667,,
NOK,2020-02,1m,23.0,1.0,0.010833333333333334,,
NOK,2020-02,15m,,0.9586956521739131,0.0017006802721088435,1840.0,1764.0
NOK,2020-02,15m,0.0,1.0,0.0,,
NOK,2020-02,15m,1.0,1.0,0.0,,
NOK,2020-02,15m,2.0,1.0,0.0125,,
NOK,2020-02,15m,3.0,1.0,0.0,,
NOK,2020-02,15m,4.0,1.0,0.0,,
NOK,2020-02,15m,5.0,1.0,0.0,,
NOK,2020-02,15m,6.0,1.0,0.0,,
NOK,2020-02,15m,7.0,1.0,0.0,,
NOK,2020-02,15m,8.0,1.0,0.0,,
NOK,2020-02,15m,9.0,1.0,0.0,,
NOK,2020-02,15m,10.0,1.0,0.0,,
NOK,2020-02,15m,11.0,1.0,0.0,,
NOK,2020-02,15m,12.0,0.85,0.0,,
NOK,2020-02,15m,13.0,0.8,0.0,,
NOK,2020-02,15m,14.0,0.8,0.0,,
NOK,2020-02,15m,15.0,0.8,0.0,,
NOK,2020-02,15m,16.0,0.8,0.0,,
NOK,2020-02,15m,18.0,1.0,0.0125,,
NOK,2020-02,15m,19.0,1.0,0.0,,
NOK,2020-02,15m,20.0,1.0,0.0,,
NOK,2020-02,15m,21.0,1.0,0.0,,
NOK,2020-02,15m,22.0,1.0,0.0,,
NOK,2020-02,15m,23.0,1.0,0.0125,,
NOK,2020-02,1h,,0.9652173913043478,0.0,460.0,444.0
NOK,2020-02,1h,0.0,1.0,0.0,,
NOK,2020-02,1h,1.0,1.0,0.0,,
NOK,2020-02,1h,2.0,1.0,0.0,,
NOK,2020-02,1h,3.0,1.0,0.0,,
NOK,2020-02,1h,4.0,1.0,0.0,,
NOK,2020-02,1h,5.0,1.0,0.0,,
NOK,2020-02,1h,6.0,1.0,0.0,,
NOK,2020-02,1h,7.0,1.0,0.0,,
NOK,2020-02,1h,8.0,1.0,0.0,,
NOK,2020-02,1h,9.0,1.0,0.0,,
NOK,2020-02,1h,10.0,1.0,0.0,,
NOK,2020-02,1h,11.0,1.0,0.0,,
NOK,2020-02,1h,12.0,1.0,0.0,,
NOK,2020-02,1h,13.0,0.8,0.0,,
NOK,2020-02,1h,14.0,0.8,0.0,,
NOK,2020-02,1h,15.0,0.8,0.0,,
NOK,2020-02,1h,16.0,0.8,0.0,,
NOK,2020-02,1h,18.0,1.0,0.0,,
NOK,2020-02,1h,19.0,1.0,0.0,,
NOK,2020-02,1h,20.0,1.0,0.0,,
NOK,2020-02,1h,21.0,1.0,0.0,,
NOK,2020-02,1h,22.0,1.0,0.0,,
NOK,2020-02,1h,23.0,1.0,0.0,,
NOK,2025-02,1m,,0.9968840579710145,0.0024351239369048484,27600.0,27514.0
NOK,2025-02,1m,0.0,0.9991666666666666,0.0016680567139282735,,
NOK,2025-02,1m,1.0,0.9983333333333333,0.0008347245409015025,,
NOK,2025-02,1m,2.0,0.9958333333333333,0.002510460251046025,,
NOK,2025-02,1m,3.0,0.9983333333333333,0.001669449081803005,,
NOK,2025-02,1m,4.0,0.9975,0.002506265664160401,,
NOK,2025-02,1m,5.0,0.9991666666666666,0.0016680567139282735,,
NOK,2025-02,1m,6.0,0.9991666666666666,0.0008340283569641367,,
NOK,2025-02,1m,7.0,0.9991666666666666,0.003336113427856547,,
NOK,2025-02,1m,8.0,0.9991666666666666,0.0025020850708924102,,
NOK,2025-02,1m,9.0,0.995,0.002512562814070352,,
NOK,2025-02,1m,10.0,0.9933333333333333,0.0025167785234899327,,
NOK,2025-02,1m,11.0,0.995,0.0041876046901172526,,
NOK,2025-02,1m,12.0,0.99,0.0016835016835016834,,
NOK,2025-02,1m,13.0,0.9891666666666666,0.002527379949452401,,
NOK,2025-02,1m,14.0,0.9975,0.006683375104427736,,
NOK,2025-02,1m,15.0,0.9933333333333333,0.003355704697986577,,
NOK,2025-02,1m,16.0,0.9941666666666666,0.003352891869237217,,
NOK,2025-02,1m,18.0,1.0,0.0008333333333333334,,
NOK,2025-02,1m,19.0,0.9975,0.000835421888053467,,
NOK,2025-02,1m,20.0,0.9991666666666666,0.003336113427856547,,
NOK,2025-02,1m,21.0,1.0,0.0025,,
NOK,2025-02,1m,22.0,0.9991666666666666,0.0025020850708924102,,
NOK,2025-02,1m,23.0,0.9991666666666666,0.0016680567139282735,,
NOK,2025-02,15m,,1.0,0.0016304347826086956,1840.0,1840.0
NOK,2025-02,15m,0.0,1.0,0.0,,
NOK,2025-02,15m,1.0,1.0,0.0,,
NOK,2025-02,15m,2.0,1.0,0.0,,
NOK,2025-02,15m,3.0,1.0,0.0,,
NOK,2025-02,15m,4.0,1.0,0.0,,
NOK,2025-02,15m,5.0,1.0,0.0,,
NOK,2025-02,15m,6.0,1.0,0.0,,
NOK,2025-02,15m,7.0,1.0,0.0,,
NOK,2025-02,15m,8.0,1.0,0.0,,
NOK,2025-02,15m,9.0,1.0,0.0,,
NOK,2025-02,15m,10.0,1.0,0.0125,,
NOK,2025-02,15m,11.0,1.0,0.0,,
NOK,2025-02,15m,12.0,1.0,0.0,,
NOK,2025-02,15m,13.0,1.0,0.0,,
NOK,2025-02,15m,14.0,1.0,0.0,,
NOK,2025-02,15m,15.0,1.0,0.0125,,
NOK,2025-02,15m,16.0,1.0,0.0,,
NOK,2025-02,15m,18.0,1.0,0.0,,
NOK,2025-02,15m,19.0,1.0,0.0,,
NOK,2025-02,15m,20.0,1.0,0.0,,
NOK,2025-02,15m,21.0,1.0,0.0,,
NOK,2025-02,15m,22.0,1.0,0.0,,
NOK,2025-02,15m,23.0,1.0,0.0,,
NOK,2025-02,1h,,1.0,0.0,460.0,460.0
NOK,2025-02,1h,0.0,1.0,0.0,,
NOK,2025-02,1h,1.0,1.0,0.0,,
NOK,2025-02,1h,2.0,1.0,0.0,,
NOK,2025-02,1h,3.0,1.0,0.0,,
NOK,2025-02,1h,4.0,1.0,0.0,,
NOK,2025-02,1h,5.0,1.0,0.0,,
NOK,2025-02,1h,6.0,1.0,0.0,,
NOK,2025-02,1h,7.0,1.0,0.0,,
NOK,2025-02,1h,8.0,1.0,0.0,,
NOK,2025-02,1h,9.0,1.0,0.0,,
NOK,2025-02,1h,10.0,1.0,0.0,,
NOK,2025-02,1h,11.0,1.0,0.0,,
NOK,2025-02,1h,12.0,1.0,0.0,,
NOK,2025-02,1h,13.0,1.0,0.0,,
NOK,2025-02,1h,14.0,1.0,0.0,,
NOK,2025-02,1h,15.0,1.0,0.0,,
NOK,2025-02,1h,16.0,1.0,0.0,,
NOK,2025-02,1h,18.0,1.0,0.0,,
NOK,2025-02,1h,19.0,1.0,0.0,,
NOK,2025-02,1h,20.0,1.0,0.0,,
NOK,2025-02,1h,21.0,1.0,0.0,,
NOK,2025-02,1h,22.0,1.0,0.0,,
NOK,2025-02,1h,23.0,1.0,0.0,,
NOK,2025-08,1m,,0.9981366459627329,0.002869390859434419,28980.0,28926.0
NOK,2025-08,1m,0.0,1.0,0.0031746031746031746,,
NOK,2025-08,1m,1.0,0.9992063492063492,0.005559968228752979,,
NOK,2025-08,1m,2.0,1.0,0.0031746031746031746,,
NOK,2025-08,1m,3.0,0.9992063492063492,0.0023828435266084196,,
NOK,2025-08,1m,4.0,0.9976190476190476,0.003977724741447892,,
NOK,2025-08,1m,5.0,0.996031746031746,0.00398406374501992,,
NOK,2025-08,1m,6.0,1.0,0.002380952380952381,,
NOK,2025-08,1m,7.0,0.9984126984126984,0.001589825119236884,,
NOK,2025-08,1m,8.0,0.9992063492063492,0.003177124702144559,,
NOK,2025-08,1m,9.0,0.9976190476190476,0.002386634844868735,,
NOK,2025-08,1m,10.0,0.9936507936507937,0.0007987220447284345,,
NOK,2025-08,1m,11.0,0.9984126984126984,0.0023847376788553257,,
NOK,2025-08,1m,12.0,0.9984126984126984,0.003179650238473768,,
NOK,2025-08,1m,13.0,0.9992063492063492,0.0015885623510722795,,
NOK,2025-08,1m,14.0,0.9992063492063492,0.0023828435266084196,,
NOK,2025-08,1m,15.0,0.9984126984126984,0.003179650238473768,,
NOK,2025-08,1m,16.0,1.0,0.0031746031746031746,,
NOK,2025-08,1m,18.0,0.9944444444444445,0.0023942537909018356,,
NOK,2025-08,1m,19.0,0.9944444444444445,0.0031923383878691143,,
NOK,2025-08,1m,20.0,0.9984126984126984,0.001589825119236884,,
NOK,2025-08,1m,21.0,0.9984126984126984,0.000794912559618442,,
NOK,2025-08,1m,22.0,0.9984126984126984,0.0023847376788553257,,
NOK,2025-08,1m,23.0,0.9984126984126984,0.0047694753577106515,,
NOK,2025-08,15m,,1.0,0.0010351966873706005,1932.0,1932.0
NOK,2025-08,15m,0.0,1.0,0.0,,
NOK,2025-08,15m,1.0,1.0,0.0,,
NOK,2025-08,15m,2.0,1.0,0.0,,
NOK,2025-08,15m,3.0,1.0,0.0,,
NOK,2025-08,15m,4.0,1.0,0.0,,
NOK,2025-08,15m,5.0,1.0,0.0,,
NOK,2025-08,15m,6.0,1.0,0.0,,
NOK,2025-08,15m,7.0,1.0,0.0,,
NOK,2025-08,15m,8.0,1.0,0.0,,
NOK,2025-08,15m,9.0,1.0,0.0,,
NOK,2025-08,15m,10.0,1.0,0.0,,
NOK,2025-08,15m,11.0,1.0,0.0,,
NOK,2025-08,15m,12.0,1.0,0.0,,
NOK,2025-08,15m,13.0,1.0,0.0,,
NOK,2025-08,15m,14.0,1.0,0.0,,
NOK,2025-08,15m,15.0,1.0,0.0,,
NOK,2025-08,15m,16.0,1.0,0.0,,
NOK,2025-08,15m,18.0,1.0,0.011904761904761904,,
NOK,2025-08,15m,19.0,1.0,0.011904761904761904,,
NOK,2025-08,15m,20.0,1.0,0.0,,
NOK,2025-08,15m,21.0,1.0,0.0,,
NOK,2025-08,15m,22.0,1.0,0.0,,
NOK,2025-08,15m,23.0,1.0,0.0,,
NOK,2025-08,1h,,1.0,0.0,483.0,483.0
NOK,2025-08,1h,0.0,1.0,0.0,,
NOK,2025-08,1h,1.0,1.0,0.0,,
NOK,2025-08,1h,2.0,1.0,0.0,,
NOK,2025-08,1h,3.0,1.0,0.0,,
NOK,2025-08,1h,4.0,1.0,0.0,,
NOK,2025-08,1h,5.0,1.0,0.0,,
NOK,2025-08,1h,6.0,1.0,0.0,,
NOK,2025-08,1h,7.0,1.0,0.0,,
NOK,2025-08,1h,8.0,1.0,0.0,,
NOK,2025-08,1h,9.0,1.0,0.0,,
NOK,2025-08,1h,10.0,1.0,0.0,,
NOK,2025-08,1h,11.0,1.0,0.0,,
NOK,2025-08,1h,12.0,1.0,0.0,,
NOK,2025-08,1h,13.0,1.0,0.0,,
NOK,2025-08,1h,14.0,1.0,0.0,,
NOK,2025-08,1h,15.0,1.0,0.0,,
NOK,2025-08,1h,16.0,1.0,0.0,,
NOK,2025-08,1h,18.0,1.0,0.0,,
NOK,2025-08,1h,19.0,1.0,0.0,,
NOK,2025-08,1h,20.0,1.0,0.0,,
NOK,2025-08,1h,21.0,1.0,0.0,,
NOK,2025-08,1h,22.0,1.0,0.0,,
NOK,2025-08,1h,23.0,1.0,0.0,,
MXN,2009-11,1m,,0.5060431803312558,0.150789330430049,29041.0,14696.0
MXN,2009-11,1m,0.0,0.473015873015873,0.23154362416107382,,
MXN,2009-11,1m,1.0,0.5492063492063493,0.20086705202312138,,
MXN,2009-11,1m,2.0,0.7468253968253968,0.13708820403825717,,
MXN,2009-11,1m,3.0,0.9277777777777778,0.06672369546621043,,
MXN,2009-11,1m,4.0,0.9865079365079366,0.05551086082059534,,
MXN,2009-11,1m,5.0,0.9833333333333333,0.047619047619047616,,
MXN,2009-11,1m,6.0,0.9857142857142858,0.07246376811594203,,
MXN,2009-11,1m,7.0,0.9396825396825397,0.09206081081081081,,
MXN,2009-11,1m,8.0,0.8301587301587302,0.11376673040152964,,
MXN,2009-11,1m,9.0,0.9071428571428571,0.09711286089238845,,
MXN,2009-11,1m,10.0,0.8484126984126984,0.13470533208606175,,
MXN,2009-11,1m,11.0,0.473015873015873,0.24496644295302014,,
MXN,2009-11,1m,12.0,0.15079365079365079,0.2631578947368421,,
MXN,2009-11,1m,13.0,0.05634920634920635,0.39436619718309857,,
MXN,2009-11,1m,14.0,0.11507936507936507,0.5448275862068965,,
MXN,2009-11,1m,15.0,0.13968253968253969,0.32386363636363635,,
MXN,2009-11,1m,16.0,0.11746031746031746,0.2972972972972973,,
MXN,2009-11,1m,18.0,0.12045454545454545,0.29559748427672955,,
MXN,2009-11,1m,19.0,0.11895321173671689,0.30666666666666664,,
MXN,2009-11,1m,20.0,0.1357142857142857,0.4152046783625731,,
MXN,2009-11,1m,21.0,0.24285714285714285,0.3333333333333333,,
MXN,2009-11,1m,22.0,0.376984126984127,0.2294736842105263,,
MXN,2009-11,1m,23.0,0.43253968253968256,0.28807339449541286,,
MXN,2009-11,15m,,0.7640681466184822,0.10608108108108108,1937.0,1480.0
MXN,2009-11,15m,0.0,0.9047619047619048,0.07894736842105263,,
MXN,2009-11,15m,1.0,0.9047619047619048,0.039473684210526314,,
MXN,2009-11,15m,2.0,0.9047619047619048,0.013157894736842105,,
MXN,2009-11,15m,3.0,0.9642857142857143,0.0,,
MXN,2009-11,15m,4.0,1.0,0.0,,
MXN,2009-11,15m,5.0,1.0,0.011904761904761904,,
MXN,2009-11,15m,6.0,1.0,0.0,,
MXN,2009-11,15m,7.0,1.0,0.0,,
MXN,2009-11,15m,8.0,0.9642857142857143,0.012345679012345678,,
MXN,2009-11,15m,9.0,0.9880952380952381,0.0,,
MXN,2009-11,15m,10.0,1.0,0.011904761904761904,,
MXN,2009-11,15m,11.0,0.8452380952380952,0.04225352112676056,,
MXN,2009-11,15m,12.0,0.5833333333333334,0.12244897959183673,,
MXN,2009-11,15m,13.0,0.30952380952380953,0.2692307692307692,,
MXN,2009-11,15m,14.0,0.39285714285714285,0.18181818181818182,,
MXN,2009-11,15m,15.0,0.44047619047619047,0.1891891891891892,,
MXN,2009-11,15m,16.0,0.4166666666666667,0.2,,
MXN,2009-11,15m,18.0,0.4431818181818182,0.20512820512820512,,
MXN,2009-11,15m,19.0,0.4588235294117647,0.3076923076923077,,
MXN,2009-11,15m,20.0,0.4642857142857143,0.1282051282051282,,
MXN,2009-11,15m,21.0,0.8333333333333334,0.18571428571428572,,
MXN,2009-11,15m,22.0,0.8928571428571429,0.06666666666666667,,
MXN,2009-11,15m,23.0,0.8809523809523809,0.12162162162162163,,
MXN,2009-11,1h,,0.8701030927835052,0.05924170616113744,485.0,422.0
MXN,2009-11,1h,0.0,0.9047619047619048,0.0,,
MXN,2009-11,1h,1.0,0.9047619047619048,0.0,,
MXN,2009-11,1h,2.0,0.9523809523809523,0.0,,
MXN,2009-11,1h,3.0,0.9523809523809523,0.0,,
MXN,2009-11,1h,4.0,1.0,0.0,,
MXN,2009-11,1h,5.0,1.0,0.0,,
MXN,2009-11,1h,6.0,1.0,0.0,,
MXN,2009-11,1h,7.0,1.0,0.0,,
MXN,2009-11,1h,8.0,1.0,0.0,,
MXN,2009-11,1h,9.0,0.9523809523809523,0.0,,
MXN,2009-11,1h,10.0,1.0,0.0,,
MXN,2009-11,1h,11.0,1.0,0.0,,
MXN,2009-11,1h,12.0,0.8095238095238095,0.0,,
MXN,2009-11,1h,13.0,0.6190476190476191,0.0,,
MXN,2009-11,1h,14.0,0.5714285714285714,0.0,,
MXN,2009-11,1h,15.0,0.7142857142857143,0.0,,
MXN,2009-11,1h,16.0,0.7142857142857143,0.0,,
MXN,2009-11,1h,18.0,0.6363636363636364,0.0,,
MXN,2009-11,1h,19.0,0.8181818181818182,0.0,,
MXN,2009-11,1h,20.0,0.6190476190476191,0.0,,
MXN,2009-11,1h,21.0,0.9523809523809523,0.0,,
MXN,2009-11,1h,22.0,0.9523809523809523,0.0,,
MXN,2009-11,1h,23.0,0.9523809523809523,0.0,,
MXN,2010-02,1m,,0.5643115942028986,0.15653290529695024,27600.0,15575.0
MXN,2010-02,1m,0.0,0.6125,0.23129251700680273,,
MXN,2010-02,1m,1.0,0.7275,0.2290950744558992,,
MXN,2010-02,1m,2.0,0.8858333333333334,0.15051740357478832,,
MXN,2010-02,1m,3.0,0.9833333333333333,0.08728813559322034,,
MXN,2010-02,1m,4.0,0.9916666666666667,0.04873949579831933,,
MXN,2010-02,1m,5.0,0.995,0.04020100502512563,,
MXN,2010-02,1m,6.0,0.9891666666666666,0.05981465880370682,,
MXN,2010-02,1m,7.0,0.9816666666666667,0.09422750424448217,,
MXN,2010-02,1m,8.0,0.9533333333333334,0.08916083916083917,,
MXN,2010-02,1m,9.0,0.9733333333333334,0.0821917808219178,,
MXN,2010-02,1m,10.0,0.88,0.17234848484848486,,
MXN,2010-02,1m,11.0,0.5375,0.21395348837209302,,
MXN,2010-02,1m,12.0,0.26916666666666667,0.3157894736842105,,
MXN,2010-02,1m,13.0,0.11666666666666667,0.32142857142857145,,
MXN,2010-02,1m,14.0,0.14,0.27380952380952384,,
MXN,2010-02,1m,15.0,0.09916666666666667,0.2689075630252101,,
MXN,2010-02,1m,16.0,0.09666666666666666,0.3103448275862069,,
MXN,2010-02,1m,18.0,0.08083333333333333,0.4020618556701031,,
MXN,2010-02,1m,19.0,0.08,0.3333333333333333,,
MXN,2010-02,1m,20.0,0.16166666666666665,0.24742268041237114,,
MXN,2010-02,1m,21.0,0.36833333333333335,0.3574660633484163,,
MXN,2010-02,1m,22.0,0.4775,0.2705061082024433,,
MXN,2010-02,1m,23.0,0.5783333333333334,0.3069164265129683,,
MXN,2010-02,15m,,0.8146739130434782,0.09939959973315543,1840.0,1499.0
MXN,2010-02,15m,0.0,1.0,0.075,,
MXN,2010-02,15m,1.0,1.0,0.05,,
MXN,2010-02,15m,2.0,1.0,0.0,,
MXN,2010-02,15m,3.0,1.0,0.025,,
MXN,2010-02,15m,4.0,1.0,0.0125,,
MXN,2010-02,15m,5.0,1.0,0.0,,
MXN,2010-02,15m,6.0,1.0,0.0125,,
MXN,2010-02,15m,7.0,1.0,0.0,,
MXN,2010-02,15m,8.0,1.0,0.0,,
MXN,2010-02,15m,9.0,1.0,0.0,,
MXN,2010-02,15m,10.0,1.0,0.0125,,
MXN,2010-02,15m,11.0,0.85,0.08823529411764706,,
MXN,2010-02,15m,12.0,0.75,0.18333333333333332,,
MXN,2010-02,15m,13.0,0.45,0.19444444444444445,,
MXN,2010-02,15m,14.0,0.475,0.18421052631578946,,
MXN,2010-02,15m,15.0,0.5125,0.14634146341463414,,
MXN,2010-02,15m,16.0,0.4125,0.15151515151515152,,
MXN,2010-02,15m,18.0,0.425,0.17647058823529413,,
MXN,2010-02,15m,19.0,0.4,0.15625,,
MXN,2010-02,15m,20.0,0.55,0.20454545454545456,,
MXN,2010-02,15m,21.0,0.925,0.14864864864864866,,
MXN,2010-02,15m,22.0,1.0,0.1,,
MXN,2010-02,15m,23.0,0.9875,0.0759493670886076,,
MXN,2010-02,1h,,0.9195652173913044,0.06619385342789598,460.0,423.0
MXN,2010-02,1h,0.0,1.0,0.0,,
MXN,2010-02,1h,1.0,1.0,0.0,,
MXN,2010-02,1h,2.0,1.0,0.0,,
MXN,2010-02,1h,3.0,1.0,0.0,,
MXN,2010-02,1h,4.0,1.0,0.0,,
MXN,2010-02,1h,5.0,1.0,0.0,,
MXN,2010-02,1h,6.0,1.0,0.0,,
MXN,2010-02,1h,7.0,1.0,0.0,,
MXN,2010-02,1h,8.0,1.0,0.0,,
MXN,2010-02,1h,9.0,1.0,0.0,,
MXN,2010-02,1h,10.0,1.0,0.0,,
MXN,2010-02,1h,11.0,1.0,0.0,,
MXN,2010-02,1h,12.0,0.85,0.0,,
MXN,2010-02,1h,13.0,0.8,0.0,,
MXN,2010-02,1h,14.0,0.75,0.0,,
MXN,2010-02,1h,15.0,0.8,0.0,,
MXN,2010-02,1h,16.0,0.7,0.0,,
MXN,2010-02,1h,18.0,0.75,0.0,,
MXN,2010-02,1h,19.0,0.85,0.0,,
MXN,2010-02,1h,20.0,0.65,0.0,,
MXN,2010-02,1h,21.0,1.0,0.0,,
MXN,2010-02,1h,22.0,1.0,0.0,,
MXN,2010-02,1h,23.0,1.0,0.0,,
MXN,2010-08,1m,,0.7416423345690758,0.11005927629832787,30481.0,22606.0
MXN,2010-08,1m,0.0,0.9287878787878788,0.16150081566068517,,
MXN,2010-08,1m,1.0,0.9696969696969697,0.1453125,,
MXN,2010-08,1m,2.0,0.9575757575757575,0.125,,
MXN,2010-08,1m,3.0,0.9787878787878788,0.08978328173374613,,
MXN,2010-08,1m,4.0,1.0,0.030303030303030304,,
MXN,2010-08,1m,5.0,1.0,0.024242424242424242,,
MXN,2010-08,1m,6.0,1.0,0.019696969696969695,,
MXN,2010-08,1m,7.0,1.0,0.024242424242424242,,
MXN,2010-08,1m,8.0,1.0,0.04696969696969697,,
MXN,2010-08,1m,9.0,0.996969696969697,0.03571428571428571,,
MXN,2010-08,1m,10.0,0.9984848484848485,0.04779969650986343,,
MXN,2010-08,1m,11.0,0.9863636363636363,0.06989247311827956,,
MXN,2010-08,1m,12.0,0.7515151515151515,0.12600806451612903,,
MXN,2010-08,1m,13.0,0.42424242424242425,0.22678571428571428,,
MXN,2010-08,1m,14.0,0.3287878787878788,0.31105990783410137,,
MXN,2010-08,1m,15.0,0.28939393939393937,0.2774869109947644,,
MXN,2010-08,1m,16.0,0.38257575757575757,0.2514851485148515,,
MXN,2010-08,1m,18.0,0.3427536231884058,0.2135306553911205,,
MXN,2010-08,1m,19.0,0.38623188405797104,0.26454033771106944,,
MXN,2010-08,1m,20.0,0.3633610900832703,0.28958333333333336,,
MXN,2010-08,1m,21.0,0.4090909090909091,0.21851851851851853,,
MXN,2010-08,1m,22.0,0.7015151515151515,0.1263498920086393,,
MXN,2010-08,1m,23.0,0.8962121212121212,0.14623837700760778,,
MXN,2010-08,15m,,0.8937530742744713,0.045129334067143645,2033.0,1817.0
MXN,2010-08,15m,0.0,1.0,0.03409090909090909,,
MXN,2010-08,15m,1.0,1.0,0.022727272727272728,,
MXN,2010-08,15m,2.0,1.0,0.022727272727272728,,
MXN,2010-08,15m,3.0,1.0,0.0,,
MXN,2010-08,15m,4.0,1.0,0.0,,
MXN,2010-08,15m,5.0,1.0,0.0,,
MXN,2010-08,15m,6.0,1.0,0.0,,
MXN,2010-08,15m,7.0,1.0,0.011363636363636364,,
MXN,2010-08,15m,8.0,1.0,0.011363636363636364,,
MXN,2010-08,15m,9.0,1.0,0.0,,
MXN,2010-08,15m,10.0,1.0,0.0,,
MXN,2010-08,15m,11.0,1.0,0.011363636363636364,,
MXN,2010-08,15m,12.0,0.8863636363636364,0.0,,
MXN,2010-08,15m,13.0,0.8068181818181818,0.14084507042253522,,
MXN,2010-08,15m,14.0,0.7386363636363636,0.12307692307692308,,
MXN,2010-08,15m,15.0,0.5681818181818182,0.12,,
MXN,2010-08,15m,16.0,0.6704545454545454,0.11864406779661017,,
MXN,2010-08,15m,18.0,0.7391304347826086,0.08823529411764706,,
MXN,2010-08,15m,19.0,0.6956521739130435,0.09375,,
MXN,2010-08,15m,20.0,0.7303370786516854,0.06153846153846154,,
MXN,2010-08,15m,21.0,0.7386363636363636,0.06153846153846154,,
MXN,2010-08,15m,22.0,1.0,0.03409090909090909,,
MXN,2010-08,15m,23.0,1.0,0.0,,
MXN,2010-08,1h,,0.9685658153241651,0.028397565922920892,509.0,493.0
MXN,2010-08,1h,0.0,1.0,0.0,,
MXN,2010-08,1h,1.0,1.0,0.0,,
MXN,2010-08,1h,2.0,1.0,0.0,,
MXN,2010-08,1h,3.0,1.0,0.0,,
MXN,2010-08,1h,4.0,1.0,0.0,,
MXN,2010-08,1h,5.0,1.0,0.0,,
MXN,2010-08,1h,6.0,1.0,0.0,,
MXN,2010-08,1h,7.0,1.0,0.0,,
MXN,2010-08,1h,8.0,1.0,0.0,,
MXN,2010-08,1h,9.0,1.0,0.0,,
MXN,2010-08,1h,10.0,1.0,0.0,,
MXN,2010-08,1h,11.0,1.0,0.0,,
MXN,2010-08,1h,12.0,1.0,0.0,,
MXN,2010-08,1h,13.0,0.9090909090909091,0.0,,
MXN,2010-08,1h,14.0,0.8181818181818182,0.0,,
MXN,2010-08,1h,15.0,0.8181818181818182,0.0,,
MXN,2010-08,1h,16.0,0.8181818181818182,0.0,,
MXN,2010-08,1h,18.0,1.0,0.0,,
MXN,2010-08,1h,19.0,1.0,0.0,,
MXN,2010-08,1h,20.0,0.9130434782608695,0.0,,
MXN,2010-08,1h,21.0,1.0,0.0,,
MXN,2010-08,1h,22.0,1.0,0.0,,
MXN,2010-08,1h,23.0,1.0,0.0,,
MXN,2015-02,1m,,0.9215579710144928,0.10108118734027914,27600.0,25435.0
MXN,2015-02,1m,0.0,0.9925,0.07388748950461797,,
MXN,2015-02,1m,1.0,0.9975,0.09440267335004177,,
MXN,2015-02,1m,2.0,0.9975,0.04845446950710108,,
MXN,2015-02,1m,3.0,0.9983333333333333,0.024207011686143573,,
MXN,2015-02,1m,4.0,1.0,0.021666666666666667,,
MXN,2015-02,1m,5.0,0.9991666666666666,0.029190992493744787,,
MXN,2015-02,1m,6.0,0.9991666666666666,0.02585487906588824,,
MXN,2015-02,1m,7.0,0.9991666666666666,0.0316930775646372,,
MXN,2015-02,1m,8.0,0.9941666666666666,0.027661357921207042,,
MXN,2015-02,1m,9.0,0.9925,0.03442485306465155,,
MXN,2015-02,1m,10.0,0.9908333333333333,0.07485281749369217,,
MXN,2015-02,1m,11.0,0.945,0.15961199294532627,,
MXN,2015-02,1m,12.0,0.4141666666666667,0.15090543259557343,,
MXN,2015-02,1m,13.0,0.7766666666666666,0.20278969957081544,,
MXN,2015-02,1m,14.0,0.76,0.21929824561403508,,
MXN,2015-02,1m,15.0,0.7733333333333333,0.20474137931034483,,
MXN,2015-02,1m,16.0,0.7766666666666666,0.2017167381974249,,
MXN,2015-02,1m,18.0,0.9483333333333334,0.22759226713532513,,
MXN,2015-02,1m,19.0,0.925,0.18288288288288287,,
MXN,2015-02,1m,20.0,0.9483333333333334,0.15729349736379614,,
MXN,2015-02,1m,21.0,0.9891666666666666,0.09604043807919124,,
MXN,2015-02,1m,22.0,0.9933333333333333,0.08473154362416108,,
MXN,2015-02,1m,23.0,0.985,0.07106598984771574,,
MXN,2015-02,15m,,0.9576086956521739,0.007945516458569807,1840.0,1762.0
MXN,2015-02,15m,0.0,1.0,0.0,,
MXN,2015-02,15m,1.0,1.0,0.0,,
MXN,2015-02,15m,2.0,1.0,0.0,,
MXN,2015-02,15m,3.0,1.0,0.0,,
MXN,2015-02,15m,4.0,1.0,0.0,,
MXN,2015-02,15m,5.0,1.0,0.0,,
MXN,2015-02,15m,6.0,1.0,0.0,,
MXN,2015-02,15m,7.0,1.0,0.0,,
MXN,2015-02,15m,8.0,1.0,0.0,,
MXN,2015-02,15m,9.0,1.0,0.0,,
MXN,2015-02,15m,10.0,1.0,0.0,,
MXN,2015-02,15m,11.0,1.0,0.0,,
MXN,2015-02,15m,12.0,0.825,0.015151515151515152,,
MXN,2015-02,15m,13.0,0.8,0.0,,
MXN,2015-02,15m,14.0,0.8,0.0,,
MXN,2015-02,15m,15.0,0.8,0.03125,,
MXN,2015-02,15m,16.0,0.8,0.03125,,
MXN,2015-02,15m,18.0,1.0,0.05,,
MXN,2015-02,15m,19.0,1.0,0.025,,
MXN,2015-02,15m,20.0,1.0,0.0125,,
MXN,2015-02,15m,21.0,1.0,0.0,,
MXN,2015-02,15m,22.0,1.0,0.0,,
MXN,2015-02,15m,23.0,1.0,0.0,,
MXN,2015-02,1h,,0.9652173913043478,0.0045045045045045045,460.0,444.0
MXN,2015-02,1h,0.0,1.0,0.0,,
MXN,2015-02,1h,1.0,1.0,0.0,,
MXN,2015-02,1h,2.0,1.0,0.0,,
MXN,2015-02,1h,3.0,1.0,0.0,,
MXN,2015-02,1h,4.0,1.0,0.0,,
MXN,2015-02,1h,5.0,1.0,0.0,,
MXN,2015-02,1h,6.0,1.0,0.0,,
MXN,2015-02,1h,7.0,1.0,0.0,,
MXN,2015-02,1h,8.0,1.0,0.0,,
MXN,2015-02,1h,9.0,1.0,0.0,,
MXN,2015-02,1h,10.0,1.0,0.0,,
MXN,2015-02,1h,11.0,1.0,0.0,,
MXN,2015-02,1h,12.0,1.0,0.0,,
MXN,2015-02,1h,13.0,0.8,0.0,,
MXN,2015-02,1h,14.0,0.8,0.0,,
MXN,2015-02,1h,15.0,0.8,0.0,,
MXN,2015-02,1h,16.0,0.8,0.0,,
MXN,2015-02,1h,18.0,1.0,0.0,,
MXN,2015-02,1h,19.0,1.0,0.0,,
MXN,2015-02,1h,20.0,1.0,0.0,,
MXN,2015-02,1h,21.0,1.0,0.0,,
MXN,2015-02,1h,22.0,1.0,0.0,,
MXN,2015-02,1h,23.0,1.0,0.0,,
MXN,2015-08,1m,,0.9252946634136284,0.06461915549448509,29101.0,26927.0
MXN,2015-08,1m,0.0,0.9968253968253968,0.044585987261146494,,
MXN,2015-08,1m,1.0,0.9952380952380953,0.05741626794258373,,
MXN,2015-08,1m,2.0,0.996031746031746,0.04701195219123506,,
MXN,2015-08,1m,3.0,0.9984126984126984,0.018282988871224166,,
MXN,2015-08,1m,4.0,0.9992063492063492,0.006354249404289118,,
MXN,2015-08,1m,5.0,1.0,0.004761904761904762,,
MXN,2015-08,1m,6.0,1.0,0.002380952380952381,,
MXN,2015-08,1m,7.0,1.0,0.003968253968253968,,
MXN,2015-08,1m,8.0,1.0,0.011111111111111112,,
MXN,2015-08,1m,9.0,1.0,0.010317460317460317,,
MXN,2015-08,1m,10.0,0.9992063492063492,0.004765687053216839,,
MXN,2015-08,1m,11.0,1.0,0.010317460317460317,,
MXN,2015-08,1m,12.0,0.9865079365079366,0.06033789219629927,,
MXN,2015-08,1m,13.0,0.4992063492063492,0.17647058823529413,,
MXN,2015-08,1m,14.0,0.7492063492063492,0.13771186440677965,,
MXN,2015-08,1m,15.0,0.6888888888888889,0.13248847926267282,,
MXN,2015-08,1m,16.0,0.7222222222222222,0.17692307692307693,,
MXN,2015-08,1m,18.0,0.928030303030303,0.13387755102040816,,
MXN,2015-08,1m,19.0,0.9075757575757576,0.18948247078464106,,
MXN,2015-08,1m,20.0,0.9111816019032514,0.17754569190600522,,
MXN,2015-08,1m,21.0,0.9166666666666666,0.12727272727272726,,
MXN,2015-08,1m,22.0,0.9904761904761905,0.06490384615384616,,
MXN,2015-08,1m,23.0,0.9976190476190476,0.024661893396976928,,
MXN,2015-08,15m,,0.9685729005667182,0.005319148936170213,1941.0,1880.0
MXN,2015-08,15m,0.0,1.0,0.0,,
MXN,2015-08,15m,1.0,1.0,0.0,,
MXN,2015-08,15m,2.0,1.0,0.0,,
MXN,2015-08,15m,3.0,1.0,0.0,,
MXN,2015-08,15m,4.0,1.0,0.0,,
MXN,2015-08,15m,5.0,1.0,0.0,,
MXN,2015-08,15m,6.0,1.0,0.0,,
MXN,2015-08,15m,7.0,1.0,0.0,,
MXN,2015-08,15m,8.0,1.0,0.0,,
MXN,2015-08,15m,9.0,1.0,0.0,,
MXN,2015-08,15m,10.0,1.0,0.0,,
MXN,2015-08,15m,11.0,1.0,0.0,,
MXN,2015-08,15m,12.0,1.0,0.0,,
MXN,2015-08,15m,13.0,0.8452380952380952,0.028169014084507043,,
MXN,2015-08,15m,14.0,0.8095238095238095,0.0,,
MXN,2015-08,15m,15.0,0.8095238095238095,0.014705882352941176,,
MXN,2015-08,15m,16.0,0.8095238095238095,0.0,,
MXN,2015-08,15m,18.0,1.0,0.045454545454545456,,
MXN,2015-08,15m,19.0,1.0,0.03409090909090909,,
MXN,2015-08,15m,20.0,1.0,0.0,,
MXN,2015-08,15m,21.0,1.0,0.0,,
MXN,2015-08,15m,22.0,1.0,0.0,,
MXN,2015-08,15m,23.0,1.0,0.0,,
MXN,2015-08,1h,,0.9753086419753086,0.004219409282700422,486.0,474.0
MXN,2015-08,1h,0.0,1.0,0.0,,
MXN,2015-08,1h,1.0,1.0,0.0,,
MXN,2015-08,1h,2.0,1.0,0.0,,
MXN,2015-08,1h,3.0,1.0,0.0,,
MXN,2015-08,1h,4.0,1.0,0.0,,
MXN,2015-08,1h,5.0,1.0,0.0,,
MXN,2015-08,1h,6.0,1.0,0.0,,
MXN,2015-08,1h,7.0,1.0,0.0,,
MXN,2015-08,1h,8.0,1.0,0.0,,
MXN,2015-08,1h,9.0,1.0,0.0,,
MXN,2015-08,1h,10.0,1.0,0.0,,
MXN,2015-08,1h,11.0,1.0,0.0,,
MXN,2015-08,1h,12.0,1.0,0.0,,
MXN,2015-08,1h,13.0,1.0,0.0,,
MXN,2015-08,1h,14.0,0.8095238095238095,0.0,,
MXN,2015-08,1h,15.0,0.8095238095238095,0.0,,
MXN,2015-08,1h,16.0,0.8095238095238095,0.0,,
MXN,2015-08,1h,18.0,1.0,0.0,,
MXN,2015-08,1h,19.0,1.0,0.0,,
MXN,2015-08,1h,20.0,1.0,0.0,,
MXN,2015-08,1h,21.0,1.0,0.0,,
MXN,2015-08,1h,22.0,1.0,0.0,,
MXN,2015-08,1h,23.0,1.0,0.0,,
MXN,2020-02,1m,,0.9365942028985508,0.0625531914893617,27600.0,25850.0
MXN,2020-02,1m,0.0,0.9991666666666666,0.03836530442035029,,
MXN,2020-02,1m,1.0,0.9991666666666666,0.0408673894912427,,
MXN,2020-02,1m,2.0,1.0,0.024166666666666666,,
MXN,2020-02,1m,3.0,1.0,0.016666666666666666,,
MXN,2020-02,1m,4.0,1.0,0.0125,,
MXN,2020-02,1m,5.0,1.0,0.015,,
MXN,2020-02,1m,6.0,1.0,0.025833333333333333,,
MXN,2020-02,1m,7.0,1.0,0.023333333333333334,,
MXN,2020-02,1m,8.0,0.9991666666666666,0.029190992493744787,,
MXN,2020-02,1m,9.0,1.0,0.04,,
MXN,2020-02,1m,10.0,0.9966666666666667,0.04933110367892977,,
MXN,2020-02,1m,11.0,0.9891666666666666,0.08677337826453244,,
MXN,2020-02,1m,12.0,0.5816666666666667,0.27793696275071633,,
MXN,2020-02,1m,13.0,0.735,0.20294784580498867,,
MXN,2020-02,1m,14.0,0.78,0.06196581196581197,,
MXN,2020-02,1m,15.0,0.795,0.049266247379454925,,
MXN,2020-02,1m,16.0,0.7925,0.0946372239747634,,
MXN,2020-02,1m,18.0,0.9416666666666667,0.1504424778761062,,
MXN,2020-02,1m,19.0,0.96,0.11371527777777778,,
MXN,2020-02,1m,20.0,0.9758333333333333,0.11187019641332195,,
MXN,2020-02,1m,21.0,0.9975,0.03842940685045948,,
MXN,2020-02,1m,22.0,1.0,0.021666666666666667,,
MXN,2020-02,1m,23.0,0.9991666666666666,0.04420350291909925,,
MXN,2020-02,15m,,0.9586956521739131,0.007369614512471655,1840.0,1764.0
MXN,2020-02,15m,0.0,1.0,0.0,,
MXN,2020-02,15m,1.0,1.0,0.0,,
MXN,2020-02,15m,2.0,1.0,0.0125,,
MXN,2020-02,15m,3.0,1.0,0.0,,
MXN,2020-02,15m,4.0,1.0,0.0,,
MXN,2020-02,15m,5.0,1.0,0.0,,
MXN,2020-02,15m,6.0,1.0,0.0125,,
MXN,2020-02,15m,7.0,1.0,0.0,,
MXN,2020-02,15m,8.0,1.0,0.0,,
MXN,2020-02,15m,9.0,1.0,0.0125,,
MXN,2020-02,15m,10.0,1.0,0.0,,
MXN,2020-02,15m,11.0,1.0,0.0,,
MXN,2020-02,15m,12.0,0.85,0.014705882352941176,,
MXN,2020-02,15m,13.0,0.8,0.0,,
MXN,2020-02,15m,14.0,0.8,0.0,,
MXN,2020-02,15m,15.0,0.8,0.03125,,
MXN,2020-02,15m,16.0,0.8,0.015625,,
MXN,2020-02,15m,18.0,1.0,0.0125,,
MXN,2020-02,15m,19.0,1.0,0.0375,,
MXN,2020-02,15m,20.0,1.0,0.0,,
MXN,2020-02,15m,21.0,1.0,0.0,,
MXN,2020-02,15m,22.0,1.0,0.0,,
MXN,2020-02,15m,23.0,1.0,0.0125,,
MXN,2020-02,1h,,0.9652173913043478,0.006756756756756757,460.0,444.0
MXN,2020-02,1h,0.0,1.0,0.0,,
MXN,2020-02,1h,1.0,1.0,0.0,,
MXN,2020-02,1h,2.0,1.0,0.0,,
MXN,2020-02,1h,3.0,1.0,0.0,,
MXN,2020-02,1h,4.0,1.0,0.0,,
MXN,2020-02,1h,5.0,1.0,0.0,,
MXN,2020-02,1h,6.0,1.0,0.0,,
MXN,2020-02,1h,7.0,1.0,0.0,,
MXN,2020-02,1h,8.0,1.0,0.0,,
MXN,2020-02,1h,9.0,1.0,0.0,,
MXN,2020-02,1h,10.0,1.0,0.0,,
MXN,2020-02,1h,11.0,1.0,0.0,,
MXN,2020-02,1h,12.0,1.0,0.0,,
MXN,2020-02,1h,13.0,0.8,0.0,,
MXN,2020-02,1h,14.0,0.8,0.0,,
MXN,2020-02,1h,15.0,0.8,0.0,,
MXN,2020-02,1h,16.0,0.8,0.0,,
MXN,2020-02,1h,18.0,1.0,0.0,,
MXN,2020-02,1h,19.0,1.0,0.0,,
MXN,2020-02,1h,20.0,1.0,0.0,,
MXN,2020-02,1h,21.0,1.0,0.0,,
MXN,2020-02,1h,22.0,1.0,0.0,,
MXN,2020-02,1h,23.0,1.0,0.0,,
MXN,2025-02,1m,,0.9971739130434782,0.001344379042220769,27600.0,27522.0
MXN,2025-02,1m,0.0,1.0,0.0008333333333333334,,
MXN,2025-02,1m,1.0,1.0,0.0025,,
MXN,2025-02,1m,2.0,1.0,0.0008333333333333334,,
MXN,2025-02,1m,3.0,0.9991666666666666,0.0008340283569641367,,
MXN,2025-02,1m,4.0,0.9983333333333333,0.0025041736227045075,,
MXN,2025-02,1m,5.0,0.9983333333333333,0.001669449081803005,,
MXN,2025-02,1m,6.0,0.9975,0.0,,
MXN,2025-02,1m,7.0,0.9991666666666666,0.0025020850708924102,,
MXN,2025-02,1m,8.0,0.9991666666666666,0.0,,
MXN,2025-02,1m,9.0,0.9966666666666667,0.0008361204013377926,,
MXN,2025-02,1m,10.0,0.9925,0.0008396305625524769,,
MXN,2025-02,1m,11.0,0.995,0.0,,
MXN,2025-02,1m,12.0,0.9858333333333333,0.0,,
MXN,2025-02,1m,13.0,0.9916666666666667,0.0016806722689075631,,
MXN,2025-02,1m,14.0,0.9941666666666666,0.003352891869237217,,
MXN,2025-02,1m,15.0,0.9941666666666666,0.0016764459346186086,,
MXN,2025-02,1m,16.0,0.9933333333333333,0.0016778523489932886,,
MXN,2025-02,1m,18.0,1.0,0.0,,
MXN,2025-02,1m,19.0,1.0,0.0,,
MXN,2025-02,1m,20.0,1.0,0.0008333333333333334,,
MXN,2025-02,1m,21.0,1.0,0.0016666666666666668,,
MXN,2025-02,1m,22.0,1.0,0.004166666666666667,,
MXN,2025-02,1m,23.0,1.0,0.0016666666666666668,,
MXN,2025-02,15m,,1.0,0.0,1840.0,1840.0
MXN,2025-02,15m,0.0,1.0,0.0,,
MXN,2025-02,15m,1.0,1.0,0.0,,
MXN,2025-02,15m,2.0,1.0,0.0,,
MXN,2025-02,15m,3.0,1.0,0.0,,
MXN,2025-02,15m,4.0,1.0,0.0,,
MXN,2025-02,15m,5.0,1.0,0.0,,
MXN,2025-02,15m,6.0,1.0,0.0,,
MXN,2025-02,15m,7.0,1.0,0.0,,
MXN,2025-02,15m,8.0,1.0,0.0,,
MXN,2025-02,15m,9.0,1.0,0.0,,
MXN,2025-02,15m,10.0,1.0,0.0,,
MXN,2025-02,15m,11.0,1.0,0.0,,
MXN,2025-02,15m,12.0,1.0,0.0,,
MXN,2025-02,15m,13.0,1.0,0.0,,
MXN,2025-02,15m,14.0,1.0,0.0,,
MXN,2025-02,15m,15.0,1.0,0.0,,
MXN,2025-02,15m,16.0,1.0,0.0,,
MXN,2025-02,15m,18.0,1.0,0.0,,
MXN,2025-02,15m,19.0,1.0,0.0,,
MXN,2025-02,15m,20.0,1.0,0.0,,
MXN,2025-02,15m,21.0,1.0,0.0,,
MXN,2025-02,15m,22.0,1.0,0.0,,
MXN,2025-02,15m,23.0,1.0,0.0,,
MXN,2025-02,1h,,1.0,0.0,460.0,460.0
MXN,2025-02,1h,0.0,1.0,0.0,,
MXN,2025-02,1h,1.0,1.0,0.0,,
MXN,2025-02,1h,2.0,1.0,0.0,,
MXN,2025-02,1h,3.0,1.0,0.0,,
MXN,2025-02,1h,4.0,1.0,0.0,,
MXN,2025-02,1h,5.0,1.0,0.0,,
MXN,2025-02,1h,6.0,1.0,0.0,,
MXN,2025-02,1h,7.0,1.0,0.0,,
MXN,2025-02,1h,8.0,1.0,0.0,,
MXN,2025-02,1h,9.0,1.0,0.0,,
MXN,2025-02,1h,10.0,1.0,0.0,,
MXN,2025-02,1h,11.0,1.0,0.0,,
MXN,2025-02,1h,12.0,1.0,0.0,,
MXN,2025-02,1h,13.0,1.0,0.0,,
MXN,2025-02,1h,14.0,1.0,0.0,,
MXN,2025-02,1h,15.0,1.0,0.0,,
MXN,2025-02,1h,16.0,1.0,0.0,,
MXN,2025-02,1h,18.0,1.0,0.0,,
MXN,2025-02,1h,19.0,1.0,0.0,,
MXN,2025-02,1h,20.0,1.0,0.0,,
MXN,2025-02,1h,21.0,1.0,0.0,,
MXN,2025-02,1h,22.0,1.0,0.0,,
MXN,2025-02,1h,23.0,1.0,0.0,,
MXN,2025-08,1m,,0.998792270531401,0.0010709967179132838,28980.0,28945.0
MXN,2025-08,1m,0.0,0.9992063492063492,0.0015885623510722795,,
MXN,2025-08,1m,1.0,0.9984126984126984,0.0,,
MXN,2025-08,1m,2.0,1.0,0.0007936507936507937,,
MXN,2025-08,1m,3.0,0.9984126984126984,0.000794912559618442,,
MXN,2025-08,1m,4.0,1.0,0.002380952380952381,,
MXN,2025-08,1m,5.0,0.9984126984126984,0.000794912559618442,,
MXN,2025-08,1m,6.0,1.0,0.0007936507936507937,,
MXN,2025-08,1m,7.0,0.9992063492063492,0.0015885623510722795,,
MXN,2025-08,1m,8.0,0.9992063492063492,0.0015885623510722795,,
MXN,2025-08,1m,9.0,0.9992063492063492,0.0,,
MXN,2025-08,1m,10.0,0.9952380952380953,0.0,,
MXN,2025-08,1m,11.0,1.0,0.0015873015873015873,,
MXN,2025-08,1m,12.0,0.996031746031746,0.0015936254980079682,,
MXN,2025-08,1m,13.0,0.9992063492063492,0.0007942811755361397,,
MXN,2025-08,1m,14.0,1.0,0.0007936507936507937,,
MXN,2025-08,1m,15.0,0.9984126984126984,0.0023847376788553257,,
MXN,2025-08,1m,16.0,0.9984126984126984,0.001589825119236884,,
MXN,2025-08,1m,18.0,0.9968253968253968,0.0007961783439490446,,
MXN,2025-08,1m,19.0,0.996031746031746,0.0007968127490039841,,
MXN,2025-08,1m,20.0,1.0,0.0,,
MXN,2025-08,1m,21.0,1.0,0.0007936507936507937,,
MXN,2025-08,1m,22.0,1.0,0.0,,
MXN,2025-08,1m,23.0,1.0,0.002380952380952381,,
MXN,2025-08,15m,,1.0,0.0005175983436853002,1932.0,1932.0
MXN,2025-08,15m,0.0,1.0,0.0,,
MXN,2025-08,15m,1.0,1.0,0.0,,
MXN,2025-08,15m,2.0,1.0,0.0,,
MXN,2025-08,15m,3.0,1.0,0.0,,
MXN,2025-08,15m,4.0,1.0,0.0,,
MXN,2025-08,15m,5.0,1.0,0.0,,
MXN,2025-08,15m,6.0,1.0,0.0,,
MXN,2025-08,15m,7.0,1.0,0.0,,
MXN,2025-08,15m,8.0,1.0,0.0,,
MXN,2025-08,15m,9.0,1.0,0.0,,
MXN,2025-08,15m,10.0,1.0,0.0,,
MXN,2025-08,15m,11.0,1.0,0.0,,
MXN,2025-08,15m,12.0,1.0,0.0,,
MXN,2025-08,15m,13.0,1.0,0.0,,
MXN,2025-08,15m,14.0,1.0,0.0,,
MXN,2025-08,15m,15.0,1.0,0.0,,
MXN,2025-08,15m,16.0,1.0,0.0,,
MXN,2025-08,15m,18.0,1.0,0.0,,
MXN,2025-08,15m,19.0,1.0,0.0,,
MXN,2025-08,15m,20.0,1.0,0.0,,
MXN,2025-08,15m,21.0,1.0,0.0,,
MXN,2025-08,15m,22.0,1.0,0.0,,
MXN,2025-08,15m,23.0,1.0,0.0,,
MXN,2025-08,1h,,1.0,0.0,483.0,483.0
MXN,2025-08,1h,0.0,1.0,0.0,,
MXN,2025-08,1h,1.0,1.0,0.0,,
MXN,2025-08,1h,2.0,1.0,0.0,,
MXN,2025-08,1h,3.0,1.0,0.0,,
MXN,2025-08,1h,4.0,1.0,0.0,,
MXN,2025-08,1h,5.0,1.0,0.0,,
MXN,2025-08,1h,6.0,1.0,0.0,,
MXN,2025-08,1h,7.0,1.0,0.0,,
MXN,2025-08,1h,8.0,1.0,0.0,,
MXN,2025-08,1h,9.0,1.0,0.0,,
MXN,2025-08,1h,10.0,1.0,0.0,,
MXN,2025-08,1h,11.0,1.0,0.0,,
MXN,2025-08,1h,12.0,1.0,0.0,,
MXN,2025-08,1h,13.0,1.0,0.0,,
MXN,2025-08,1h,14.0,1.0,0.0,,
MXN,2025-08,1h,15.0,1.0,0.0,,
MXN,2025-08,1h,16.0,1.0,0.0,,
MXN,2025-08,1h,18.0,1.0,0.0,,
MXN,2025-08,1h,19.0,1.0,0.0,,
MXN,2025-08,1h,20.0,1.0,0.0,,
MXN,2025-08,1h,21.0,1.0,0.0,,
MXN,2025-08,1h,22.0,1.0,0.0,,
MXN,2025-08,1h,23.0,1.0,0.0,,
ZAR,2009-11,1m,,0.5613098722495782,0.07349242377768235,29041.0,16301.0
ZAR,2009-11,1m,0.0,0.7888888888888889,0.06338028169014084,,
ZAR,2009-11,1m,1.0,0.7888888888888889,0.07042253521126761,,
ZAR,2009-11,1m,2.0,0.85,0.06442577030812324,,
ZAR,2009-11,1m,3.0,0.9214285714285714,0.05598621877691645,,
ZAR,2009-11,1m,4.0,0.9603174603174603,0.0371900826446281,,
ZAR,2009-11,1m,5.0,0.9714285714285714,0.03104575163398693,,
ZAR,2009-11,1m,6.0,0.9182539682539682,0.037165082108902334,,
ZAR,2009-11,1m,7.0,0.6714285714285714,0.12174940898345153,,
ZAR,2009-11,1m,8.0,0.5190476190476191,0.13302752293577982,,
ZAR,2009-11,1m,9.0,0.42777777777777776,0.11131725417439703,,
ZAR,2009-11,1m,10.0,0.38095238095238093,0.0875,,
ZAR,2009-11,1m,11.0,0.24047619047619048,0.132013201320132,,
ZAR,2009-11,1m,12.0,0.15793650793650793,0.07537688442211055,,
ZAR,2009-11,1m,13.0,0.13095238095238096,0.07272727272727272,,
ZAR,2009-11,1m,14.0,0.18095238095238095,0.09649122807017543,,
ZAR,2009-11,1m,15.0,0.18412698412698414,0.08620689655172414,,
ZAR,2009-11,1m,16.0,0.1492063492063492,0.09042553191489362,,
ZAR,2009-11,1m,18.0,0.22196969696969698,0.15358361774744028,,
ZAR,2009-11,1m,19.0,0.3164155432196669,0.06015037593984962,,
ZAR,2009-11,1m,20.0,0.5317460317460317,0.11492537313432835,,
ZAR,2009-11,1m,21.0,0.8523809523809524,0.055865921787709494,,
ZAR,2009-11,1m,22.0,0.8984126984126984,0.05742049469964664,,
ZAR,2009-11,1m,23.0,0.8634920634920635,0.07996323529411764,,
ZAR,2009-11,15m,,0.903975219411461,0.01770416904625928,1937.0,1751.0
ZAR,2009-11,15m,0.0,1.0,0.0,,
ZAR,2009-11,15m,1.0,1.0,0.011904761904761904,,
ZAR,2009-11,15m,2.0,1.0,0.0,,
ZAR,2009-11,15m,3.0,1.0,0.0,,
ZAR,2009-11,15m,4.0,1.0,0.011904761904761904,,
ZAR,2009-11,15m,5.0,1.0,0.0,,
ZAR,2009-11,15m,6.0,1.0,0.0,,
ZAR,2009-11,15m,7.0,1.0,0.0,,
ZAR,2009-11,15m,8.0,0.9880952380952381,0.012048192771084338,,
ZAR,2009-11,15m,9.0,0.9642857142857143,0.012345679012345678,,
ZAR,2009-11,15m,10.0,0.9642857142857143,0.012345679012345678,,
ZAR,2009-11,15m,11.0,0.8095238095238095,0.04411764705882353,,
ZAR,2009-11,15m,12.0,0.7738095238095238,0.015384615384615385,,
ZAR,2009-11,15m,13.0,0.5595238095238095,0.02127659574468085,,
ZAR,2009-11,15m,14.0,0.6428571428571429,0.0,,
ZAR,2009-11,15m,15.0,0.7380952380952381,0.03225806451612903,,
ZAR,2009-11,15m,16.0,0.6428571428571429,0.018518518518518517,,
ZAR,2009-11,15m,18.0,0.8181818181818182,0.041666666666666664,,
ZAR,2009-11,15m,19.0,0.9058823529411765,0.025974025974025976,,
ZAR,2009-11,15m,20.0,0.9880952380952381,0.024096385542168676,,
ZAR,2009-11,15m,21.0,1.0,0.011904761904761904,,
ZAR,2009-11,15m,22.0,1.0,0.0,,
ZAR,2009-11,15m,23.0,1.0,0.023809523809523808,,
ZAR,2009-11,1h,,0.954639175257732,0.004319654427645789,485.0,463.0
ZAR,2009-11,1h,0.0,1.0,0.0,,
ZAR,2009-11,1h,1.0,1.0,0.0,,
ZAR,2009-11,1h,2.0,1.0,0.0,,
ZAR,2009-11,1h,3.0,1.0,0.0,,
ZAR,2009-11,1h,4.0,1.0,0.0,,
ZAR,2009-11,1h,5.0,1.0,0.0,,
ZAR,2009-11,1h,6.0,1.0,0.0,,
ZAR,2009-11,1h,7.0,1.0,0.0,,
ZAR,2009-11,1h,8.0,1.0,0.0,,
ZAR,2009-11,1h,9.0,1.0,0.0,,
ZAR,2009-11,1h,10.0,1.0,0.0,,
ZAR,2009-11,1h,11.0,1.0,0.0,,
ZAR,2009-11,1h,12.0,0.8095238095238095,0.0,,
ZAR,2009-11,1h,13.0,0.8095238095238095,0.0,,
ZAR,2009-11,1h,14.0,0.7619047619047619,0.0,,
ZAR,2009-11,1h,15.0,0.8095238095238095,0.0,,
ZAR,2009-11,1h,16.0,0.8095238095238095,0.0,,
ZAR,2009-11,1h,18.0,0.9545454545454546,0.0,,
ZAR,2009-11,1h,19.0,1.0,0.0,,
ZAR,2009-11,1h,20.0,1.0,0.0,,
ZAR,2009-11,1h,21.0,1.0,0.0,,
ZAR,2009-11,1h,22.0,1.0,0.0,,
ZAR,2009-11,1h,23.0,1.0,0.0,,
ZAR,2010-02,1m,,0.6340217391304348,0.11240642322418425,27600.0,17499.0
ZAR,2010-02,1m,0.0,0.915,0.07832422586520947,,
ZAR,2010-02,1m,1.0,0.9208333333333333,0.09049773755656108,,
ZAR,2010-02,1m,2.0,0.9358333333333333,0.06233303650934995,,
ZAR,2010-02,1m,3.0,0.96,0.04861111111111111,,
ZAR,2010-02,1m,4.0,0.98,0.030612244897959183,,
ZAR,2010-02,1m,5.0,0.99,0.017676767676767676,,
ZAR,2010-02,1m,6.0,0.9308333333333333,0.04118173679498657,,
ZAR,2010-02,1m,7.0,0.7258333333333333,0.09644087256027555,,
ZAR,2010-02,1m,8.0,0.5866666666666667,0.1377840909090909,,
ZAR,2010-02,1m,9.0,0.5483333333333333,0.1778115501519757,,
ZAR,2010-02,1m,10.0,0.5491666666666667,0.19878603945371776,,
ZAR,2010-02,1m,11.0,0.41833333333333333,0.2968127490039841,,
ZAR,2010-02,1m,12.0,0.26166666666666666,0.2802547770700637,,
ZAR,2010-02,1m,13.0,0.215,0.23255813953488372,,
ZAR,2010-02,1m,14.0,0.2425,0.21649484536082475,,
ZAR,2010-02,1m,15.0,0.2791666666666667,0.3074626865671642,,
ZAR,2010-02,1m,16.0,0.2658333333333333,0.4043887147335423,,
ZAR,2010-02,1m,18.0,0.24583333333333332,0.2711864406779661,,
ZAR,2010-02,1m,19.0,0.35833333333333334,0.22790697674418606,,
ZAR,2010-02,1m,20.0,0.53,0.1540880503144654,,
ZAR,2010-02,1m,21.0,0.8541666666666666,0.06731707317073171,,
ZAR,2010-02,1m,22.0,0.9425,0.058355437665782495,,
ZAR,2010-02,1m,23.0,0.9266666666666666,0.0737410071942446,,
ZAR,2010-02,15m,,0.9005434782608696,0.023536511768255886,1840.0,1657.0
ZAR,2010-02,15m,0.0,1.0,0.0,,
ZAR,2010-02,15m,1.0,1.0,0.0,,
ZAR,2010-02,15m,2.0,1.0,0.0,,
ZAR,2010-02,15m,3.0,1.0,0.0,,
ZAR,2010-02,15m,4.0,1.0,0.0,,
ZAR,2010-02,15m,5.0,1.0,0.0,,
ZAR,2010-02,15m,6.0,1.0,0.0,,
ZAR,2010-02,15m,7.0,1.0,0.0125,,
ZAR,2010-02,15m,8.0,0.9875,0.012658227848101266,,
ZAR,2010-02,15m,9.0,0.9625,0.025974025974025976,,
ZAR,2010-02,15m,10.0,0.975,0.0,,
ZAR,2010-02,15m,11.0,0.8375,0.014925373134328358,,
ZAR,2010-02,15m,12.0,0.7875,0.015873015873015872,,
ZAR,2010-02,15m,13.0,0.6375,0.0196078431372549,,
ZAR,2010-02,15m,14.0,0.65,0.0,,
ZAR,2010-02,15m,15.0,0.7,0.07142857142857142,,
ZAR,2010-02,15m,16.0,0.6625,0.11320754716981132,,
ZAR,2010-02,15m,18.0,0.7375,0.1016949152542373,,
ZAR,2010-02,15m,19.0,0.8125,0.046153846153846156,,
ZAR,2010-02,15m,20.0,0.9625,0.012987012987012988,,
ZAR,2010-02,15m,21.0,1.0,0.0,,
ZAR,2010-02,15m,22.0,1.0,0.025,,
ZAR,2010-02,15m,23.0,1.0,0.0,,
ZAR,2010-02,1h,,0.9565217391304348,0.00909090909090909,460.0,440.0
ZAR,2010-02,1h,0.0,1.0,0.0,,
ZAR,2010-02,1h,1.0,1.0,0.0,,
ZAR,2010-02,1h,2.0,1.0,0.0,,
ZAR,2010-02,1h,3.0,1.0,0.0,,
ZAR,2010-02,1h,4.0,1.0,0.0,,
ZAR,2010-02,1h,5.0,1.0,0.0,,
ZAR,2010-02,1h,6.0,1.0,0.0,,
ZAR,2010-02,1h,7.0,1.0,0.0,,
ZAR,2010-02,1h,8.0,1.0,0.0,,
ZAR,2010-02,1h,9.0,1.0,0.0,,
ZAR,2010-02,1h,10.0,1.0,0.0,,
ZAR,2010-02,1h,11.0,1.0,0.05,,
ZAR,2010-02,1h,12.0,0.85,0.0,,
ZAR,2010-02,1h,13.0,0.8,0.0,,
ZAR,2010-02,1h,14.0,0.8,0.0,,
ZAR,2010-02,1h,15.0,0.8,0.0,,
ZAR,2010-02,1h,16.0,0.8,0.0,,
ZAR,2010-02,1h,18.0,1.0,0.0,,
ZAR,2010-02,1h,19.0,1.0,0.0,,
ZAR,2010-02,1h,20.0,0.95,0.0,,
ZAR,2010-02,1h,21.0,1.0,0.0,,
ZAR,2010-02,1h,22.0,1.0,0.0,,
ZAR,2010-02,1h,23.0,1.0,0.0,,
ZAR,2010-08,1m,,0.6707785177651652,0.09248752812286022,30481.0,20446.0
ZAR,2010-08,1m,0.0,0.9818181818181818,0.06327160493827161,,
ZAR,2010-08,1m,1.0,0.9863636363636363,0.059907834101382486,,
ZAR,2010-08,1m,2.0,0.9795454545454545,0.06419180201082754,,
ZAR,2010-08,1m,3.0,0.9840909090909091,0.05234795996920708,,
ZAR,2010-08,1m,4.0,0.9931818181818182,0.04805491990846682,,
ZAR,2010-08,1m,5.0,0.9962121212121212,0.053231939163498096,,
ZAR,2010-08,1m,6.0,0.996969696969697,0.06003039513677812,,
ZAR,2010-08,1m,7.0,0.9962121212121212,0.0714828897338403,,
ZAR,2010-08,1m,8.0,0.8325757575757575,0.1191992720655141,,
ZAR,2010-08,1m,9.0,0.6462121212121212,0.12895662368112543,,
ZAR,2010-08,1m,10.0,0.6257575757575757,0.11259079903147699,,
ZAR,2010-08,1m,11.0,0.5545454545454546,0.1366120218579235,,
ZAR,2010-08,1m,12.0,0.46060606060606063,0.11842105263157894,,
ZAR,2010-08,1m,13.0,0.271969696969697,0.18662952646239556,,
ZAR,2010-08,1m,14.0,0.20984848484848484,0.2924187725631769,,
ZAR,2010-08,1m,15.0,0.21893939393939393,0.18339100346020762,,
ZAR,2010-08,1m,16.0,0.25075757575757573,0.1782477341389728,,
ZAR,2010-08,1m,18.0,0.29130434782608694,0.13432835820895522,,
ZAR,2010-08,1m,19.0,0.2818840579710145,0.20565552699228792,,
ZAR,2010-08,1m,20.0,0.3906131718395155,0.16279069767441862,,
ZAR,2010-08,1m,21.0,0.6090909090909091,0.10945273631840796,,
ZAR,2010-08,1m,22.0,0.9143939393939394,0.07290803645401822,,
ZAR,2010-08,1m,23.0,0.9901515151515151,0.06197398622800306,,
ZAR,2010-08,15m,,0.9026069847515986,0.06430517711171663,2033.0,1835.0
ZAR,2010-08,15m,0.0,1.0,0.0,,
ZAR,2010-08,15m,1.0,1.0,0.011363636363636364,,
ZAR,2010-08,15m,2.0,1.0,0.011363636363636364,,
ZAR,2010-08,15m,3.0,1.0,0.0,,
ZAR,2010-08,15m,4.0,1.0,0.0,,
ZAR,2010-08,15m,5.0,1.0,0.0,,
ZAR,2010-08,15m,6.0,1.0,0.0,,
ZAR,2010-08,15m,7.0,1.0,0.0,,
ZAR,2010-08,15m,8.0,1.0,0.011363636363636364,,
ZAR,2010-08,15m,9.0,1.0,0.056818181818181816,,
ZAR,2010-08,15m,10.0,0.9886363636363636,0.011494252873563218,,
ZAR,2010-08,15m,11.0,0.9545454545454546,0.047619047619047616,,
ZAR,2010-08,15m,12.0,0.8522727272727273,0.013333333333333334,,
ZAR,2010-08,15m,13.0,0.7613636363636364,0.11940298507462686,,
ZAR,2010-08,15m,14.0,0.6136363636363636,0.16666666666666666,,
ZAR,2010-08,15m,15.0,0.5340909090909091,0.14893617021276595,,
ZAR,2010-08,15m,16.0,0.6363636363636364,0.125,,
ZAR,2010-08,15m,18.0,0.782608695652174,0.1527777777777778,,
ZAR,2010-08,15m,19.0,0.8152173913043478,0.2,,
ZAR,2010-08,15m,20.0,0.8764044943820225,0.14102564102564102,,
ZAR,2010-08,15m,21.0,0.9545454545454546,0.047619047619047616,,
ZAR,2010-08,15m,22.0,1.0,0.011363636363636364,,
ZAR,2010-08,15m,23.0,1.0,0.0,,
ZAR,2010-08,1h,,0.9685658153241651,0.036511156186612576,509.0,493.0
ZAR,2010-08,1h,0.0,1.0,0.0,,
ZAR,2010-08,1h,1.0,1.0,0.0,,
ZAR,2010-08,1h,2.0,1.0,0.0,,
ZAR,2010-08,1h,3.0,1.0,0.0,,
ZAR,2010-08,1h,4.0,1.0,0.0,,
ZAR,2010-08,1h,5.0,1.0,0.0,,
ZAR,2010-08,1h,6.0,1.0,0.0,,
ZAR,2010-08,1h,7.0,1.0,0.0,,
ZAR,2010-08,1h,8.0,1.0,0.0,,
ZAR,2010-08,1h,9.0,1.0,0.0,,
ZAR,2010-08,1h,10.0,1.0,0.0,,
ZAR,2010-08,1h,11.0,1.0,0.0,,
ZAR,2010-08,1h,12.0,1.0,0.0,,
ZAR,2010-08,1h,13.0,0.8636363636363636,0.0,,
ZAR,2010-08,1h,14.0,0.8181818181818182,0.0,,
ZAR,2010-08,1h,15.0,0.7727272727272727,0.0,,
ZAR,2010-08,1h,16.0,0.8181818181818182,0.05555555555555555,,
ZAR,2010-08,1h,18.0,1.0,0.0,,
ZAR,2010-08,1h,19.0,1.0,0.0,,
ZAR,2010-08,1h,20.0,1.0,0.0,,
ZAR,2010-08,1h,21.0,1.0,0.0,,
ZAR,2010-08,1h,22.0,1.0,0.0,,
ZAR,2010-08,1h,23.0,1.0,0.0,,
ZAR,2015-02,1m,,0.8602536231884058,0.1400833930000421,27600.0,23743.0
ZAR,2015-02,1m,0.0,0.9858333333333333,0.07861369399830938,,
ZAR,2015-02,1m,1.0,0.9808333333333333,0.06032285471537808,,
ZAR,2015-02,1m,2.0,0.9958333333333333,0.03933054393305439,,
ZAR,2015-02,1m,3.0,0.9991666666666666,0.03502919099249374,,
ZAR,2015-02,1m,4.0,0.9941666666666666,0.03352891869237217,,
ZAR,2015-02,1m,5.0,0.9966666666666667,0.034280936454849496,,
ZAR,2015-02,1m,6.0,0.9933333333333333,0.06543624161073826,,
ZAR,2015-02,1m,7.0,0.9283333333333333,0.09784560143626571,,
ZAR,2015-02,1m,8.0,0.8833333333333333,0.10754716981132076,,
ZAR,2015-02,1m,9.0,0.7791666666666667,0.17647058823529413,,
ZAR,2015-02,1m,10.0,0.8033333333333333,0.19294605809128632,,
ZAR,2015-02,1m,11.0,0.7675,0.22041259500542887,,
ZAR,2015-02,1m,12.0,0.39666666666666667,0.2668067226890756,,
ZAR,2015-02,1m,13.0,0.5408333333333334,0.31587057010785824,,
ZAR,2015-02,1m,14.0,0.7333333333333333,0.22954545454545455,,
ZAR,2015-02,1m,15.0,0.7233333333333334,0.2960829493087558,,
ZAR,2015-02,1m,16.0,0.71,0.34976525821596244,,
ZAR,2015-02,1m,18.0,0.8166666666666667,0.3357142857142857,,
ZAR,2015-02,1m,19.0,0.8608333333333333,0.26621490803484993,,
ZAR,2015-02,1m,20.0,0.9625,0.1670995670995671,,
ZAR,2015-02,1m,21.0,0.975,0.06837606837606838,,
ZAR,2015-02,1m,22.0,0.9691666666666666,0.05417024935511608,,
ZAR,2015-02,1m,23.0,0.99,0.05723905723905724,,
ZAR,2015-02,15m,,0.9532608695652174,0.019384264538198404,1840.0,1754.0
ZAR,2015-02,15m,0.0,1.0,0.0125,,
ZAR,2015-02,15m,1.0,1.0,0.0,,
ZAR,2015-02,15m,2.0,1.0,0.0,,
ZAR,2015-02,15m,3.0,1.0,0.0,,
ZAR,2015-02,15m,4.0,1.0,0.0,,
ZAR,2015-02,15m,5.0,1.0,0.0,,
ZAR,2015-02,15m,6.0,1.0,0.0,,
ZAR,2015-02,15m,7.0,1.0,0.0,,
ZAR,2015-02,15m,8.0,1.0,0.0,,
ZAR,2015-02,15m,9.0,1.0,0.0375,,
ZAR,2015-02,15m,10.0,1.0,0.0,,
ZAR,2015-02,15m,11.0,1.0,0.0,,
ZAR,2015-02,15m,12.0,0.825,0.045454545454545456,,
ZAR,2015-02,15m,13.0,0.7625,0.06557377049180328,,
ZAR,2015-02,15m,14.0,0.8,0.046875,,
ZAR,2015-02,15m,15.0,0.8,0.03125,,
ZAR,2015-02,15m,16.0,0.8,0.03125,,
ZAR,2015-02,15m,18.0,0.975,0.07692307692307693,,
ZAR,2015-02,15m,19.0,0.9625,0.06493506493506493,,
ZAR,2015-02,15m,20.0,1.0,0.0,,
ZAR,2015-02,15m,21.0,1.0,0.0,,
ZAR,2015-02,15m,22.0,1.0,0.0,,
ZAR,2015-02,15m,23.0,1.0,0.0,,
ZAR,2015-02,1h,,0.9652173913043478,0.006756756756756757,460.0,444.0
ZAR,2015-02,1h,0.0,1.0,0.0,,
ZAR,2015-02,1h,1.0,1.0,0.0,,
ZAR,2015-02,1h,2.0,1.0,0.0,,
ZAR,2015-02,1h,3.0,1.0,0.0,,
ZAR,2015-02,1h,4.0,1.0,0.0,,
ZAR,2015-02,1h,5.0,1.0,0.0,,
ZAR,2015-02,1h,6.0,1.0,0.0,,
ZAR,2015-02,1h,7.0,1.0,0.0,,
ZAR,2015-02,1h,8.0,1.0,0.0,,
ZAR,2015-02,1h,9.0,1.0,0.0,,
ZAR,2015-02,1h,10.0,1.0,0.0,,
ZAR,2015-02,1h,11.0,1.0,0.0,,
ZAR,2015-02,1h,12.0,1.0,0.0,,
ZAR,2015-02,1h,13.0,0.8,0.0,,
ZAR,2015-02,1h,14.0,0.8,0.0,,
ZAR,2015-02,1h,15.0,0.8,0.0,,
ZAR,2015-02,1h,16.0,0.8,0.0,,
ZAR,2015-02,1h,18.0,1.0,0.0,,
ZAR,2015-02,1h,19.0,1.0,0.0,,
ZAR,2015-02,1h,20.0,1.0,0.0,,
ZAR,2015-02,1h,21.0,1.0,0.0,,
ZAR,2015-02,1h,22.0,1.0,0.0,,
ZAR,2015-02,1h,23.0,1.0,0.0,,
ZAR,2015-08,1m,,0.9178722380674204,0.0941559657070121,29101.0,26711.0
ZAR,2015-08,1m,0.0,0.9976190476190476,0.02386634844868735,,
ZAR,2015-08,1m,1.0,0.996031746031746,0.020717131474103586,,
ZAR,2015-08,1m,2.0,0.9936507936507937,0.027156549520766772,,
ZAR,2015-08,1m,3.0,0.9936507936507937,0.019968051118210862,,
ZAR,2015-08,1m,4.0,0.9992063492063492,0.007942811755361398,,
ZAR,2015-08,1m,5.0,1.0,0.006349206349206349,,
ZAR,2015-08,1m,6.0,1.0,0.005555555555555556,,
ZAR,2015-08,1m,7.0,0.9984126984126984,0.010333863275039745,,
ZAR,2015-08,1m,8.0,0.9873015873015873,0.04501607717041801,,
ZAR,2015-08,1m,9.0,0.9825396825396825,0.05896607431340872,,
ZAR,2015-08,1m,10.0,0.9595238095238096,0.062034739454094295,,
ZAR,2015-08,1m,11.0,0.9492063492063492,0.057692307692307696,,
ZAR,2015-08,1m,12.0,0.8626984126984127,0.140754369825207,,
ZAR,2015-08,1m,13.0,0.4396825396825397,0.2870036101083033,,
ZAR,2015-08,1m,14.0,0.7031746031746032,0.3544018058690745,,
ZAR,2015-08,1m,15.0,0.7246031746031746,0.3154435925520263,,
ZAR,2015-08,1m,16.0,0.7238095238095238,0.2905701754385965,,
ZAR,2015-08,1m,18.0,0.9613636363636363,0.16548463356973994,,
ZAR,2015-08,1m,19.0,0.9136363636363637,0.19817578772802655,,
ZAR,2015-08,1m,20.0,0.9627279936558287,0.17380560131795716,,
ZAR,2015-08,1m,21.0,0.9825396825396825,0.10016155088852989,,
ZAR,2015-08,1m,22.0,0.9825396825396825,0.05735056542810985,,
ZAR,2015-08,1m,23.0,0.9952380952380953,0.02073365231259968,,
ZAR,2015-08,15m,,0.9654817104585265,0.0144076840981857,1941.0,1874.0
ZAR,2015-08,15m,0.0,1.0,0.0,,
ZAR,2015-08,15m,1.0,1.0,0.0,,
ZAR,2015-08,15m,2.0,1.0,0.0,,
ZAR,2015-08,15m,3.0,1.0,0.0,,
ZAR,2015-08,15m,4.0,1.0,0.0,,
ZAR,2015-08,15m,5.0,1.0,0.0,,
ZAR,2015-08,15m,6.0,1.0,0.0,,
ZAR,2015-08,15m,7.0,1.0,0.0,,
ZAR,2015-08,15m,8.0,1.0,0.0,,
ZAR,2015-08,15m,9.0,1.0,0.0,,
ZAR,2015-08,15m,10.0,1.0,0.0,,
ZAR,2015-08,15m,11.0,1.0,0.0,,
ZAR,2015-08,15m,12.0,1.0,0.0,,
ZAR,2015-08,15m,13.0,0.8333333333333334,0.1,,
ZAR,2015-08,15m,14.0,0.7738095238095238,0.09230769230769231,,
ZAR,2015-08,15m,15.0,0.7976190476190477,0.05970149253731343,,
ZAR,2015-08,15m,16.0,0.8095238095238095,0.014705882352941176,,
ZAR,2015-08,15m,18.0,1.0,0.0,,
ZAR,2015-08,15m,19.0,1.0,0.011363636363636364,,
ZAR,2015-08,15m,20.0,0.9882352941176471,0.011904761904761904,,
ZAR,2015-08,15m,21.0,1.0,0.0,,
ZAR,2015-08,15m,22.0,1.0,0.0,,
ZAR,2015-08,15m,23.0,1.0,0.0,,
ZAR,2015-08,1h,,0.9753086419753086,0.004219409282700422,486.0,474.0
ZAR,2015-08,1h,0.0,1.0,0.0,,
ZAR,2015-08,1h,1.0,1.0,0.0,,
ZAR,2015-08,1h,2.0,1.0,0.0,,
ZAR,2015-08,1h,3.0,1.0,0.0,,
ZAR,2015-08,1h,4.0,1.0,0.0,,
ZAR,2015-08,1h,5.0,1.0,0.0,,
ZAR,2015-08,1h,6.0,1.0,0.0,,
ZAR,2015-08,1h,7.0,1.0,0.0,,
ZAR,2015-08,1h,8.0,1.0,0.0,,
ZAR,2015-08,1h,9.0,1.0,0.0,,
ZAR,2015-08,1h,10.0,1.0,0.0,,
ZAR,2015-08,1h,11.0,1.0,0.0,,
ZAR,2015-08,1h,12.0,1.0,0.0,,
ZAR,2015-08,1h,13.0,1.0,0.0,,
ZAR,2015-08,1h,14.0,0.8095238095238095,0.0,,
ZAR,2015-08,1h,15.0,0.8095238095238095,0.0,,
ZAR,2015-08,1h,16.0,0.8095238095238095,0.0,,
ZAR,2015-08,1h,18.0,1.0,0.0,,
ZAR,2015-08,1h,19.0,1.0,0.0,,
ZAR,2015-08,1h,20.0,1.0,0.0,,
ZAR,2015-08,1h,21.0,1.0,0.0,,
ZAR,2015-08,1h,22.0,1.0,0.0,,
ZAR,2015-08,1h,23.0,1.0,0.0,,
ZAR,2020-02,1m,,0.9315579710144928,0.07222589553109564,27600.0,25711.0
ZAR,2020-02,1m,0.0,1.0,0.021666666666666667,,
ZAR,2020-02,1m,1.0,0.9983333333333333,0.01335559265442404,,
ZAR,2020-02,1m,2.0,1.0,0.0175,,
ZAR,2020-02,1m,3.0,1.0,0.015,,
ZAR,2020-02,1m,4.0,1.0,0.008333333333333333,,
ZAR,2020-02,1m,5.0,1.0,0.011666666666666667,,
ZAR,2020-02,1m,6.0,1.0,0.025833333333333333,,
ZAR,2020-02,1m,7.0,0.9991666666666666,0.07089241034195162,,
ZAR,2020-02,1m,8.0,0.99,0.10185185185185185,,
ZAR,2020-02,1m,9.0,0.9941666666666666,0.09555741827326068,,
ZAR,2020-02,1m,10.0,0.9808333333333333,0.09175870858113849,,
ZAR,2020-02,1m,11.0,0.9583333333333334,0.12347826086956522,,
ZAR,2020-02,1m,12.0,0.5683333333333334,0.2565982404692082,,
ZAR,2020-02,1m,13.0,0.6825,0.21367521367521367,,
ZAR,2020-02,1m,14.0,0.7458333333333333,0.15195530726256984,,
ZAR,2020-02,1m,15.0,0.7916666666666666,0.08315789473684211,,
ZAR,2020-02,1m,16.0,0.7941666666666667,0.10598111227701994,,
ZAR,2020-02,1m,18.0,0.9425,0.16622458001768348,,
ZAR,2020-02,1m,19.0,0.9858333333333333,0.13102282333051563,,
ZAR,2020-02,1m,20.0,0.995,0.07956448911222781,,
ZAR,2020-02,1m,21.0,0.9991666666666666,0.015012510425354461,,
ZAR,2020-02,1m,22.0,1.0,0.005833333333333334,,
ZAR,2020-02,1m,23.0,1.0,0.011666666666666667,,
ZAR,2020-02,15m,,0.9586956521739131,0.011904761904761904,1840.0,1764.0
ZAR,2020-02,15m,0.0,1.0,0.0,,
ZAR,2020-02,15m,1.0,1.0,0.0,,
ZAR,2020-02,15m,2.0,1.0,0.0,,
ZAR,2020-02,15m,3.0,1.0,0.0,,
ZAR,2020-02,15m,4.0,1.0,0.0,,
ZAR,2020-02,15m,5.0,1.0,0.0,,
ZAR,2020-02,15m,6.0,1.0,0.0,,
ZAR,2020-02,15m,7.0,1.0,0.0,,
ZAR,2020-02,15m,8.0,1.0,0.0125,,
ZAR,2020-02,15m,9.0,1.0,0.0,,
ZAR,2020-02,15m,10.0,1.0,0.0375,,
ZAR,2020-02,15m,11.0,1.0,0.0,,
ZAR,2020-02,15m,12.0,0.85,0.014705882352941176,,
ZAR,2020-02,15m,13.0,0.8,0.03125,,
ZAR,2020-02,15m,14.0,0.8,0.0,,
ZAR,2020-02,15m,15.0,0.8,0.015625,,
ZAR,2020-02,15m,16.0,0.8,0.0,,
ZAR,2020-02,15m,18.0,1.0,0.0375,,
ZAR,2020-02,15m,19.0,1.0,0.0,,
ZAR,2020-02,15m,20.0,1.0,0.025,,
ZAR,2020-02,15m,21.0,1.0,0.0,,
ZAR,2020-02,15m,22.0,1.0,0.025,,
ZAR,2020-02,15m,23.0,1.0,0.0125,,
ZAR,2020-02,1h,,0.9652173913043478,0.0022522522522522522,460.0,444.0
ZAR,2020-02,1h,0.0,1.0,0.0,,
ZAR,2020-02,1h,1.0,1.0,0.0,,
ZAR,2020-02,1h,2.0,1.0,0.0,,
ZAR,2020-02,1h,3.0,1.0,0.0,,
ZAR,2020-02,1h,4.0,1.0,0.0,,
ZAR,2020-02,1h,5.0,1.0,0.0,,
ZAR,2020-02,1h,6.0,1.0,0.0,,
ZAR,2020-02,1h,7.0,1.0,0.0,,
ZAR,2020-02,1h,8.0,1.0,0.0,,
ZAR,2020-02,1h,9.0,1.0,0.0,,
ZAR,2020-02,1h,10.0,1.0,0.0,,
ZAR,2020-02,1h,11.0,1.0,0.0,,
ZAR,2020-02,1h,12.0,1.0,0.0,,
ZAR,2020-02,1h,13.0,0.8,0.0,,
ZAR,2020-02,1h,14.0,0.8,0.0,,
ZAR,2020-02,1h,15.0,0.8,0.0,,
ZAR,2020-02,1h,16.0,0.8,0.0,,
ZAR,2020-02,1h,18.0,1.0,0.0,,
ZAR,2020-02,1h,19.0,1.0,0.0,,
ZAR,2020-02,1h,20.0,1.0,0.0,,
ZAR,2020-02,1h,21.0,1.0,0.0,,
ZAR,2020-02,1h,22.0,1.0,0.0,,
ZAR,2020-02,1h,23.0,1.0,0.0,,
ZAR,2025-02,1m,,0.9958695652173913,0.001709961434912319,27600.0,27486.0
ZAR,2025-02,1m,0.0,0.9983333333333333,0.001669449081803005,,
ZAR,2025-02,1m,1.0,0.9941666666666666,0.003352891869237217,,
ZAR,2025-02,1m,2.0,0.9991666666666666,0.0008340283569641367,,
ZAR,2025-02,1m,3.0,0.9983333333333333,0.001669449081803005,,
ZAR,2025-02,1m,4.0,0.9975,0.001670843776106934,,
ZAR,2025-02,1m,5.0,0.9983333333333333,0.001669449081803005,,
ZAR,2025-02,1m,6.0,1.0,0.0025,,
ZAR,2025-02,1m,7.0,0.9983333333333333,0.0008347245409015025,,
ZAR,2025-02,1m,8.0,0.9975,0.002506265664160401,,
ZAR,2025-02,1m,9.0,0.9958333333333333,0.0033472803347280333,,
ZAR,2025-02,1m,10.0,0.9925,0.0,,
ZAR,2025-02,1m,11.0,0.995,0.0041876046901172526,,
ZAR,2025-02,1m,12.0,0.9833333333333333,0.001694915254237288,,
ZAR,2025-02,1m,13.0,0.9883333333333333,0.0016863406408094434,,
ZAR,2025-02,1m,14.0,0.9958333333333333,0.0008368200836820083,,
ZAR,2025-02,1m,15.0,0.9908333333333333,0.001682085786375105,,
ZAR,2025-02,1m,16.0,0.9941666666666666,0.003352891869237217,,
ZAR,2025-02,1m,18.0,1.0,0.0008333333333333334,,
ZAR,2025-02,1m,19.0,0.9983333333333333,0.001669449081803005,,
ZAR,2025-02,1m,20.0,0.9975,0.001670843776106934,,
ZAR,2025-02,1m,21.0,0.9975,0.0,,
ZAR,2025-02,1m,22.0,0.9975,0.0,,
ZAR,2025-02,1m,23.0,0.9966666666666667,0.0016722408026755853,,
ZAR,2025-02,15m,,1.0,0.0,1840.0,1840.0
ZAR,2025-02,15m,0.0,1.0,0.0,,
ZAR,2025-02,15m,1.0,1.0,0.0,,
ZAR,2025-02,15m,2.0,1.0,0.0,,
ZAR,2025-02,15m,3.0,1.0,0.0,,
ZAR,2025-02,15m,4.0,1.0,0.0,,
ZAR,2025-02,15m,5.0,1.0,0.0,,
ZAR,2025-02,15m,6.0,1.0,0.0,,
ZAR,2025-02,15m,7.0,1.0,0.0,,
ZAR,2025-02,15m,8.0,1.0,0.0,,
ZAR,2025-02,15m,9.0,1.0,0.0,,
ZAR,2025-02,15m,10.0,1.0,0.0,,
ZAR,2025-02,15m,11.0,1.0,0.0,,
ZAR,2025-02,15m,12.0,1.0,0.0,,
ZAR,2025-02,15m,13.0,1.0,0.0,,
ZAR,2025-02,15m,14.0,1.0,0.0,,
ZAR,2025-02,15m,15.0,1.0,0.0,,
ZAR,2025-02,15m,16.0,1.0,0.0,,
ZAR,2025-02,15m,18.0,1.0,0.0,,
ZAR,2025-02,15m,19.0,1.0,0.0,,
ZAR,2025-02,15m,20.0,1.0,0.0,,
ZAR,2025-02,15m,21.0,1.0,0.0,,
ZAR,2025-02,15m,22.0,1.0,0.0,,
ZAR,2025-02,15m,23.0,1.0,0.0,,
ZAR,2025-02,1h,,1.0,0.0,460.0,460.0
ZAR,2025-02,1h,0.0,1.0,0.0,,
ZAR,2025-02,1h,1.0,1.0,0.0,,
ZAR,2025-02,1h,2.0,1.0,0.0,,
ZAR,2025-02,1h,3.0,1.0,0.0,,
ZAR,2025-02,1h,4.0,1.0,0.0,,
ZAR,2025-02,1h,5.0,1.0,0.0,,
ZAR,2025-02,1h,6.0,1.0,0.0,,
ZAR,2025-02,1h,7.0,1.0,0.0,,
ZAR,2025-02,1h,8.0,1.0,0.0,,
ZAR,2025-02,1h,9.0,1.0,0.0,,
ZAR,2025-02,1h,10.0,1.0,0.0,,
ZAR,2025-02,1h,11.0,1.0,0.0,,
ZAR,2025-02,1h,12.0,1.0,0.0,,
ZAR,2025-02,1h,13.0,1.0,0.0,,
ZAR,2025-02,1h,14.0,1.0,0.0,,
ZAR,2025-02,1h,15.0,1.0,0.0,,
ZAR,2025-02,1h,16.0,1.0,0.0,,
ZAR,2025-02,1h,18.0,1.0,0.0,,
ZAR,2025-02,1h,19.0,1.0,0.0,,
ZAR,2025-02,1h,20.0,1.0,0.0,,
ZAR,2025-02,1h,21.0,1.0,0.0,,
ZAR,2025-02,1h,22.0,1.0,0.0,,
ZAR,2025-02,1h,23.0,1.0,0.0,,
ZAR,2025-08,1m,,0.9973775017253278,0.0012800996401882093,28980.0,28904.0
ZAR,2025-08,1m,0.0,1.0,0.0007936507936507937,,
ZAR,2025-08,1m,1.0,1.0,0.0007936507936507937,,
ZAR,2025-08,1m,2.0,1.0,0.0,,
ZAR,2025-08,1m,3.0,1.0,0.0007936507936507937,,
ZAR,2025-08,1m,4.0,1.0,0.0015873015873015873,,
ZAR,2025-08,1m,5.0,1.0,0.0015873015873015873,,
ZAR,2025-08,1m,6.0,1.0,0.002380952380952381,,
ZAR,2025-08,1m,7.0,0.9992063492063492,0.0007942811755361397,,
ZAR,2025-08,1m,8.0,0.9984126984126984,0.000794912559618442,,
ZAR,2025-08,1m,9.0,0.9976190476190476,0.0007955449482895784,,
ZAR,2025-08,1m,10.0,0.9952380952380953,0.0007974481658692185,,
ZAR,2025-08,1m,11.0,0.9984126984126984,0.0,,
ZAR,2025-08,1m,12.0,0.9984126984126984,0.0023847376788553257,,
ZAR,2025-08,1m,13.0,0.9968253968253968,0.0023885350318471337,,
ZAR,2025-08,1m,14.0,1.0,0.0015873015873015873,,
ZAR,2025-08,1m,15.0,0.9976190476190476,0.003977724741447892,,
ZAR,2025-08,1m,16.0,0.9992063492063492,0.0,,
ZAR,2025-08,1m,18.0,0.9658730158730159,0.0008216926869350862,,
ZAR,2025-08,1m,19.0,0.9952380952380953,0.0007974481658692185,,
ZAR,2025-08,1m,20.0,0.9992063492063492,0.0023828435266084196,,
ZAR,2025-08,1m,21.0,1.0,0.0015873015873015873,,
ZAR,2025-08,1m,22.0,1.0,0.0015873015873015873,,
ZAR,2025-08,1m,23.0,0.9984126984126984,0.0,,
ZAR,2025-08,15m,,1.0,0.0015527950310559005,1932.0,1932.0
ZAR,2025-08,15m,0.0,1.0,0.0,,
ZAR,2025-08,15m,1.0,1.0,0.0,,
ZAR,2025-08,15m,2.0,1.0,0.0,,
ZAR,2025-08,15m,3.0,1.0,0.0,,
ZAR,2025-08,15m,4.0,1.0,0.0,,
ZAR,2025-08,15m,5.0,1.0,0.0,,
ZAR,2025-08,15m,6.0,1.0,0.0,,
ZAR,2025-08,15m,7.0,1.0,0.0,,
ZAR,2025-08,15m,8.0,1.0,0.0,,
ZAR,2025-08,15m,9.0,1.0,0.0,,
ZAR,2025-08,15m,10.0,1.0,0.0,,
ZAR,2025-08,15m,11.0,1.0,0.0,,
ZAR,2025-08,15m,12.0,1.0,0.0,,
ZAR,2025-08,15m,13.0,1.0,0.0,,
ZAR,2025-08,15m,14.0,1.0,0.0,,
ZAR,2025-08,15m,15.0,1.0,0.0,,
ZAR,2025-08,15m,16.0,1.0,0.0,,
ZAR,2025-08,15m,18.0,1.0,0.0,,
ZAR,2025-08,15m,19.0,1.0,0.0,,
ZAR,2025-08,15m,20.0,1.0,0.0,,
ZAR,2025-08,15m,21.0,1.0,0.0,,
ZAR,2025-08,15m,22.0,1.0,0.011904761904761904,,
ZAR,2025-08,15m,23.0,1.0,0.0,,
ZAR,2025-08,1h,,1.0,0.0,483.0,483.0
ZAR,2025-08,1h,0.0,1.0,0.0,,
ZAR,2025-08,1h,1.0,1.0,0.0,,
ZAR,2025-08,1h,2.0,1.0,0.0,,
ZAR,2025-08,1h,3.0,1.0,0.0,,
ZAR,2025-08,1h,4.0,1.0,0.0,,
ZAR,2025-08,1h,5.0,1.0,0.0,,
ZAR,2025-08,1h,6.0,1.0,0.0,,
ZAR,2025-08,1h,7.0,1.0,0.0,,
ZAR,2025-08,1h,8.0,1.0,0.0,,
ZAR,2025-08,1h,9.0,1.0,0.0,,
ZAR,2025-08,1h,10.0,1.0,0.0,,
ZAR,2025-08,1h,11.0,1.0,0.0,,
ZAR,2025-08,1h,12.0,1.0,0.0,,
ZAR,2025-08,1h,13.0,1.0,0.0,,
ZAR,2025-08,1h,14.0,1.0,0.0,,
ZAR,2025-08,1h,15.0,1.0,0.0,,
ZAR,2025-08,1h,16.0,1.0,0.0,,
ZAR,2025-08,1h,18.0,1.0,0.0,,
ZAR,2025-08,1h,19.0,1.0,0.0,,
ZAR,2025-08,1h,20.0,1.0,0.0,,
ZAR,2025-08,1h,21.0,1.0,0.0,,
ZAR,2025-08,1h,22.0,1.0,0.0,,
ZAR,2025-08,1h,23.0,1.0,0.0,,
PLN,2009-11,1m,,0.947040391171103,0.07679162273206559,29041.0,27503.0
PLN,2009-11,1m,0.0,1.0,0.06111111111111111,,
PLN,2009-11,1m,1.0,0.9992063492063492,0.07069102462271644,,
PLN,2009-11,1m,2.0,1.0,0.05634920634920635,,
PLN,2009-11,1m,3.0,1.0,0.05,,
PLN,2009-11,1m,4.0,1.0,0.047619047619047616,,
PLN,2009-11,1m,5.0,1.0,0.050793650793650794,,
PLN,2009-11,1m,6.0,1.0,0.05238095238095238,,
PLN,2009-11,1m,7.0,1.0,0.05793650793650794,,
PLN,2009-11,1m,8.0,0.996031746031746,0.08605577689243028,,
PLN,2009-11,1m,9.0,0.9928571428571429,0.09272581934452438,,
PLN,2009-11,1m,10.0,0.9857142857142858,0.11191626409017713,,
PLN,2009-11,1m,11.0,0.9682539682539683,0.11967213114754098,,
PLN,2009-11,1m,12.0,0.7396825396825397,0.1223175965665236,,
PLN,2009-11,1m,13.0,0.7666666666666667,0.14285714285714285,,
PLN,2009-11,1m,14.0,0.8055555555555556,0.07980295566502463,,
PLN,2009-11,1m,15.0,0.7976190476190477,0.05572139303482587,,
PLN,2009-11,1m,16.0,0.7952380952380952,0.09181636726546906,,
PLN,2009-11,1m,18.0,0.9659090909090909,0.09411764705882353,,
PLN,2009-11,1m,19.0,0.9738302934179223,0.0985342019543974,,
PLN,2009-11,1m,20.0,0.9944444444444445,0.07741420590582601,,
PLN,2009-11,1m,21.0,1.0,0.049206349206349205,,
PLN,2009-11,1m,22.0,1.0,0.0380952380952381,,
PLN,2009-11,1m,23.0,1.0,0.0626984126984127,,
PLN,2009-11,15m,,0.9607640681466185,0.018269747447608814,1937.0,1861.0
PLN,2009-11,15m,0.0,1.0,0.0,,
PLN,2009-11,15m,1.0,1.0,0.0,,
PLN,2009-11,15m,2.0,1.0,0.011904761904761904,,
PLN,2009-11,15m,3.0,1.0,0.0,,
PLN,2009-11,15m,4.0,1.0,0.011904761904761904,,
PLN,2009-11,15m,5.0,1.0,0.0,,
PLN,2009-11,15m,6.0,1.0,0.011904761904761904,,
PLN,2009-11,15m,7.0,1.0,0.03571428571428571,,
PLN,2009-11,15m,8.0,1.0,0.0,,
PLN,2009-11,15m,9.0,1.0,0.011904761904761904,,
PLN,2009-11,15m,10.0,1.0,0.011904761904761904,,
PLN,2009-11,15m,11.0,1.0,0.03571428571428571,,
PLN,2009-11,15m,12.0,0.8571428571428571,0.05555555555555555,,
PLN,2009-11,15m,13.0,0.8095238095238095,0.014705882352941176,,
PLN,2009-11,15m,14.0,0.8095238095238095,0.0,,
PLN,2009-11,15m,15.0,0.8095238095238095,0.029411764705882353,,
PLN,2009-11,15m,16.0,0.8095238095238095,0.029411764705882353,,
PLN,2009-11,15m,18.0,1.0,0.022727272727272728,,
PLN,2009-11,15m,19.0,1.0,0.023529411764705882,,
PLN,2009-11,15m,20.0,1.0,0.011904761904761904,,
PLN,2009-11,15m,21.0,1.0,0.0,,
PLN,2009-11,15m,22.0,1.0,0.0,,
PLN,2009-11,15m,23.0,1.0,0.0,,
PLN,2009-11,1h,,0.9670103092783505,0.0021321961620469083,485.0,469.0
PLN,2009-11,1h,0.0,1.0,0.0,,
PLN,2009-11,1h,1.0,1.0,0.0,,
PLN,2009-11,1h,2.0,1.0,0.0,,
PLN,2009-11,1h,3.0,1.0,0.0,,
PLN,2009-11,1h,4.0,1.0,0.0,,
PLN,2009-11,1h,5.0,1.0,0.0,,
PLN,2009-11,1h,6.0,1.0,0.0,,
PLN,2009-11,1h,7.0,1.0,0.0,,
PLN,2009-11,1h,8.0,1.0,0.0,,
PLN,2009-11,1h,9.0,1.0,0.0,,
PLN,2009-11,1h,10.0,1.0,0.0,,
PLN,2009-11,1h,11.0,1.0,0.0,,
PLN,2009-11,1h,12.0,1.0,0.0,,
PLN,2009-11,1h,13.0,0.8095238095238095,0.0,,
PLN,2009-11,1h,14.0,0.8095238095238095,0.0,,
PLN,2009-11,1h,15.0,0.8095238095238095,0.0,,
PLN,2009-11,1h,16.0,0.8095238095238095,0.0,,
PLN,2009-11,1h,18.0,1.0,0.0,,
PLN,2009-11,1h,19.0,1.0,0.0,,
PLN,2009-11,1h,20.0,1.0,0.0,,
PLN,2009-11,1h,21.0,1.0,0.0,,
PLN,2009-11,1h,22.0,1.0,0.0,,
PLN,2009-11,1h,23.0,1.0,0.0,,
PLN,2010-02,1m,,0.9503623188405798,0.0707586732748761,27600.0,26230.0
PLN,2010-02,1m,0.0,1.0,0.04583333333333333,,
PLN,2010-02,1m,1.0,1.0,0.05,,
PLN,2010-02,1m,2.0,1.0,0.050833333333333335,,
PLN,2010-02,1m,3.0,1.0,0.0425,,
PLN,2010-02,1m,4.0,1.0,0.043333333333333335,,
PLN,2010-02,1m,5.0,1.0,0.03166666666666667,,
PLN,2010-02,1m,6.0,1.0,0.0325,,
PLN,2010-02,1m,7.0,0.9983333333333333,0.0667779632721202,,
PLN,2010-02,1m,8.0,0.9975,0.07602339181286549,,
PLN,2010-02,1m,9.0,0.9925,0.07976490344248531,,
PLN,2010-02,1m,10.0,0.9916666666666667,0.09663865546218488,,
PLN,2010-02,1m,11.0,0.9841666666666666,0.12701100762066045,,
PLN,2010-02,1m,12.0,0.7658333333333334,0.10337323177366703,,
PLN,2010-02,1m,13.0,0.7841666666666667,0.11902231668437832,,
PLN,2010-02,1m,14.0,0.795,0.09958071278825996,,
PLN,2010-02,1m,15.0,0.7933333333333333,0.07668067226890757,,
PLN,2010-02,1m,16.0,0.79,0.10654008438818566,,
PLN,2010-02,1m,18.0,0.9833333333333333,0.09915254237288136,,
PLN,2010-02,1m,19.0,0.9866666666666667,0.0945945945945946,,
PLN,2010-02,1m,20.0,0.9958333333333333,0.07447698744769875,,
PLN,2010-02,1m,21.0,1.0,0.03,,
PLN,2010-02,1m,22.0,1.0,0.04833333333333333,,
PLN,2010-02,1m,23.0,1.0,0.05,,
PLN,2010-02,15m,,0.9586956521739131,0.021541950113378686,1840.0,1764.0
PLN,2010-02,15m,0.0,1.0,0.0,,
PLN,2010-02,15m,1.0,1.0,0.0,,
PLN,2010-02,15m,2.0,1.0,0.0,,
PLN,2010-02,15m,3.0,1.0,0.0,,
PLN,2010-02,15m,4.0,1.0,0.025,,
PLN,2010-02,15m,5.0,1.0,0.0,,
PLN,2010-02,15m,6.0,1.0,0.0,,
PLN,2010-02,15m,7.0,1.0,0.0,,
PLN,2010-02,15m,8.0,1.0,0.0,,
PLN,2010-02,15m,9.0,1.0,0.0125,,
PLN,2010-02,15m,10.0,1.0,0.025,,
PLN,2010-02,15m,11.0,1.0,0.05,,
PLN,2010-02,15m,12.0,0.85,0.014705882352941176,,
PLN,2010-02,15m,13.0,0.8,0.0625,,
PLN,2010-02,15m,14.0,0.8,0.015625,,
PLN,2010-02,15m,15.0,0.8,0.0,,
PLN,2010-02,15m,16.0,0.8,0.015625,,
PLN,2010-02,15m,18.0,1.0,0.025,,
PLN,2010-02,15m,19.0,1.0,0.0375,,
PLN,2010-02,15m,20.0,1.0,0.0,,
PLN,2010-02,15m,21.0,1.0,0.0125,,
PLN,2010-02,15m,22.0,1.0,0.0,,
PLN,2010-02,15m,23.0,1.0,0.0125,,
PLN,2010-02,1h,,0.9652173913043478,0.013513513513513514,460.0,444.0
PLN,2010-02,1h,0.0,1.0,0.0,,
PLN,2010-02,1h,1.0,1.0,0.0,,
PLN,2010-02,1h,2.0,1.0,0.0,,
PLN,2010-02,1h,3.0,1.0,0.0,,
PLN,2010-02,1h,4.0,1.0,0.0,,
PLN,2010-02,1h,5.0,1.0,0.0,,
PLN,2010-02,1h,6.0,1.0,0.0,,
PLN,2010-02,1h,7.0,1.0,0.0,,
PLN,2010-02,1h,8.0,1.0,0.0,,
PLN,2010-02,1h,9.0,1.0,0.0,,
PLN,2010-02,1h,10.0,1.0,0.0,,
PLN,2010-02,1h,11.0,1.0,0.0,,
PLN,2010-02,1h,12.0,1.0,0.0,,
PLN,2010-02,1h,13.0,0.8,0.0,,
PLN,2010-02,1h,14.0,0.8,0.0,,
PLN,2010-02,1h,15.0,0.8,0.0,,
PLN,2010-02,1h,16.0,0.8,0.0,,
PLN,2010-02,1h,18.0,1.0,0.0,,
PLN,2010-02,1h,19.0,1.0,0.0,,
PLN,2010-02,1h,20.0,1.0,0.0,,
PLN,2010-02,1h,21.0,1.0,0.0,,
PLN,2010-02,1h,22.0,1.0,0.0,,
PLN,2010-02,1h,23.0,1.0,0.0,,
PLN,2010-08,1m,,0.9654538893080936,0.07017126546146527,30481.0,29428.0
PLN,2010-08,1m,0.0,0.9977272727272727,0.058466211085801065,,
PLN,2010-08,1m,1.0,1.0,0.04242424242424243,,
PLN,2010-08,1m,2.0,1.0,0.05,,
PLN,2010-08,1m,3.0,1.0,0.06287878787878788,,
PLN,2010-08,1m,4.0,1.0,0.038636363636363635,,
PLN,2010-08,1m,5.0,1.0,0.041666666666666664,,
PLN,2010-08,1m,6.0,1.0,0.035606060606060606,,
PLN,2010-08,1m,7.0,1.0,0.056818181818181816,,
PLN,2010-08,1m,8.0,1.0,0.08409090909090909,,
PLN,2010-08,1m,9.0,1.0,0.08181818181818182,,
PLN,2010-08,1m,10.0,0.9992424242424243,0.09097801364670205,,
PLN,2010-08,1m,11.0,1.0,0.09090909090909091,,
PLN,2010-08,1m,12.0,0.9954545454545455,0.0974124809741248,,
PLN,2010-08,1m,13.0,0.796969696969697,0.08745247148288973,,
PLN,2010-08,1m,14.0,0.803030303030303,0.11037735849056604,,
PLN,2010-08,1m,15.0,0.8151515151515152,0.07434944237918216,,
PLN,2010-08,1m,16.0,0.8151515151515152,0.05390334572490706,,
PLN,2010-08,1m,18.0,0.9942028985507246,0.08527696793002916,,
PLN,2010-08,1m,19.0,0.994927536231884,0.08958485069191552,,
PLN,2010-08,1m,20.0,0.9977289931869796,0.09787556904400607,,
PLN,2010-08,1m,21.0,0.9977272727272727,0.06150341685649203,,
PLN,2010-08,1m,22.0,0.9954545454545455,0.05098934550989345,,
PLN,2010-08,1m,23.0,1.0,0.05378787878787879,,
PLN,2010-08,15m,,0.970486965076242,0.01926001013684744,2033.0,1973.0
PLN,2010-08,15m,0.0,1.0,0.011363636363636364,,
PLN,2010-08,15m,1.0,1.0,0.022727272727272728,,
PLN,2010-08,15m,2.0,1.0,0.011363636363636364,,
PLN,2010-08,15m,3.0,1.0,0.022727272727272728,,
PLN,2010-08,15m,4.0,1.0,0.011363636363636364,,
PLN,2010-08,15m,5.0,1.0,0.011363636363636364,,
PLN,2010-08,15m,6.0,1.0,0.0,,
PLN,2010-08,15m,7.0,1.0,0.011363636363636364,,
PLN,2010-08,15m,8.0,1.0,0.011363636363636364,,
PLN,2010-08,15m,9.0,1.0,0.011363636363636364,,
PLN,2010-08,15m,10.0,1.0,0.011363636363636364,,
PLN,2010-08,15m,11.0,1.0,0.011363636363636364,,
PLN,2010-08,15m,12.0,1.0,0.022727272727272728,,
PLN,2010-08,15m,13.0,0.8636363636363636,0.039473684210526314,,
PLN,2010-08,15m,14.0,0.8181818181818182,0.013888888888888888,,
PLN,2010-08,15m,15.0,0.8181818181818182,0.041666666666666664,,
PLN,2010-08,15m,16.0,0.8181818181818182,0.0,,
PLN,2010-08,15m,18.0,1.0,0.021739130434782608,,
PLN,2010-08,15m,19.0,1.0,0.03260869565217391,,
PLN,2010-08,15m,20.0,1.0,0.011235955056179775,,
PLN,2010-08,15m,21.0,1.0,0.0,,
PLN,2010-08,15m,22.0,1.0,0.0,,
PLN,2010-08,15m,23.0,1.0,0.0,,
PLN,2010-08,1h,,0.9764243614931237,0.008048289738430584,509.0,497.0
PLN,2010-08,1h,0.0,1.0,0.0,,
PLN,2010-08,1h,1.0,1.0,0.0,,
PLN,2010-08,1h,2.0,1.0,0.0,,
PLN,2010-08,1h,3.0,1.0,0.0,,
PLN,2010-08,1h,4.0,1.0,0.0,,
PLN,2010-08,1h,5.0,1.0,0.0,,
PLN,2010-08,1h,6.0,1.0,0.0,,
PLN,2010-08,1h,7.0,1.0,0.045454545454545456,,
PLN,2010-08,1h,8.0,1.0,0.0,,
PLN,2010-08,1h,9.0,1.0,0.0,,
PLN,2010-08,1h,10.0,1.0,0.0,,
PLN,2010-08,1h,11.0,1.0,0.0,,
PLN,2010-08,1h,12.0,1.0,0.0,,
PLN,2010-08,1h,13.0,1.0,0.0,,
PLN,2010-08,1h,14.0,0.8181818181818182,0.0,,
PLN,2010-08,1h,15.0,0.8181818181818182,0.0,,
PLN,2010-08,1h,16.0,0.8181818181818182,0.05555555555555555,,
PLN,2010-08,1h,18.0,1.0,0.0,,
PLN,2010-08,1h,19.0,1.0,0.0,,
PLN,2010-08,1h,20.0,1.0,0.0,,
PLN,2010-08,1h,21.0,1.0,0.0,,
PLN,2010-08,1h,22.0,1.0,0.0,,
PLN,2010-08,1h,23.0,1.0,0.0,,
PLN,2015-02,1m,,0.9564130434782608,0.012728719172633254,27600.0,26397.0
PLN,2015-02,1m,0.0,1.0,0.0075,,
PLN,2015-02,1m,1.0,1.0,0.006666666666666667,,
PLN,2015-02,1m,2.0,1.0,0.009166666666666667,,
PLN,2015-02,1m,3.0,1.0,0.0075,,
PLN,2015-02,1m,4.0,0.9991666666666666,0.006672226855713094,,
PLN,2015-02,1m,5.0,1.0,0.005,,
PLN,2015-02,1m,6.0,1.0,0.011666666666666667,,
PLN,2015-02,1m,7.0,1.0,0.005833333333333334,,
PLN,2015-02,1m,8.0,1.0,0.01,,
PLN,2015-02,1m,9.0,1.0,0.0075,,
PLN,2015-02,1m,10.0,1.0,0.015833333333333335,,
PLN,2015-02,1m,11.0,0.9991666666666666,0.015012510425354461,,
PLN,2015-02,1m,12.0,0.7991666666666667,0.021897810218978103,,
PLN,2015-02,1m,13.0,0.8,0.020833333333333332,,
PLN,2015-02,1m,14.0,0.8,0.01875,,
PLN,2015-02,1m,15.0,0.8,0.019791666666666666,,
PLN,2015-02,1m,16.0,0.8,0.027083333333333334,,
PLN,2015-02,1m,18.0,1.0,0.016666666666666666,,
PLN,2015-02,1m,19.0,1.0,0.0275,,
PLN,2015-02,1m,20.0,1.0,0.0175,,
PLN,2015-02,1m,21.0,1.0,0.005833333333333334,,
PLN,2015-02,1m,22.0,1.0,0.005833333333333334,,
PLN,2015-02,1m,23.0,1.0,0.009166666666666667,,
PLN,2015-02,15m,,0.9586956521739131,0.00510204081632653,1840.0,1764.0
PLN,2015-02,15m,0.0,1.0,0.0125,,
PLN,2015-02,15m,1.0,1.0,0.0,,
PLN,2015-02,15m,2.0,1.0,0.0,,
PLN,2015-02,15m,3.0,1.0,0.0,,
PLN,2015-02,15m,4.0,1.0,0.0,,
PLN,2015-02,15m,5.0,1.0,0.0,,
PLN,2015-02,15m,6.0,1.0,0.0125,,
PLN,2015-02,15m,7.0,1.0,0.0,,
PLN,2015-02,15m,8.0,1.0,0.0,,
PLN,2015-02,15m,9.0,1.0,0.0,,
PLN,2015-02,15m,10.0,1.0,0.0125,,
PLN,2015-02,15m,11.0,1.0,0.0125,,
PLN,2015-02,15m,12.0,0.85,0.0,,
PLN,2015-02,15m,13.0,0.8,0.0,,
PLN,2015-02,15m,14.0,0.8,0.0,,
PLN,2015-02,15m,15.0,0.8,0.0,,
PLN,2015-02,15m,16.0,0.8,0.015625,,
PLN,2015-02,15m,18.0,1.0,0.0,,
PLN,2015-02,15m,19.0,1.0,0.0125,,
PLN,2015-02,15m,20.0,1.0,0.0,,
PLN,2015-02,15m,21.0,1.0,0.0125,,
PLN,2015-02,15m,22.0,1.0,0.0,,
PLN,2015-02,15m,23.0,1.0,0.0,,
PLN,2015-02,1h,,0.9652173913043478,0.0,460.0,444.0
PLN,2015-02,1h,0.0,1.0,0.0,,
PLN,2015-02,1h,1.0,1.0,0.0,,
PLN,2015-02,1h,2.0,1.0,0.0,,
PLN,2015-02,1h,3.0,1.0,0.0,,
PLN,2015-02,1h,4.0,1.0,0.0,,
PLN,2015-02,1h,5.0,1.0,0.0,,
PLN,2015-02,1h,6.0,1.0,0.0,,
PLN,2015-02,1h,7.0,1.0,0.0,,
PLN,2015-02,1h,8.0,1.0,0.0,,
PLN,2015-02,1h,9.0,1.0,0.0,,
PLN,2015-02,1h,10.0,1.0,0.0,,
PLN,2015-02,1h,11.0,1.0,0.0,,
PLN,2015-02,1h,12.0,1.0,0.0,,
PLN,2015-02,1h,13.0,0.8,0.0,,
PLN,2015-02,1h,14.0,0.8,0.0,,
PLN,2015-02,1h,15.0,0.8,0.0,,
PLN,2015-02,1h,16.0,0.8,0.0,,
PLN,2015-02,1h,18.0,1.0,0.0,,
PLN,2015-02,1h,19.0,1.0,0.0,,
PLN,2015-02,1h,20.0,1.0,0.0,,
PLN,2015-02,1h,21.0,1.0,0.0,,
PLN,2015-02,1h,22.0,1.0,0.0,,
PLN,2015-02,1h,23.0,1.0,0.0,,
PLN,2015-08,1m,,0.9668052644239029,0.011906877554647236,29101.0,28135.0
PLN,2015-08,1m,0.0,0.9992063492063492,0.007148530579825258,,
PLN,2015-08,1m,1.0,1.0,0.004761904761904762,,
PLN,2015-08,1m,2.0,1.0,0.007936507936507936,,
PLN,2015-08,1m,3.0,1.0,0.003968253968253968,,
PLN,2015-08,1m,4.0,1.0,0.002380952380952381,,
PLN,2015-08,1m,5.0,1.0,0.006349206349206349,,
PLN,2015-08,1m,6.0,1.0,0.0031746031746031746,,
PLN,2015-08,1m,7.0,1.0,0.007142857142857143,,
PLN,2015-08,1m,8.0,1.0,0.00873015873015873,,
PLN,2015-08,1m,9.0,1.0,0.011111111111111112,,
PLN,2015-08,1m,10.0,1.0,0.010317460317460317,,
PLN,2015-08,1m,11.0,1.0,0.01507936507936508,,
PLN,2015-08,1m,12.0,0.9976190476190476,0.015115354017501989,,
PLN,2015-08,1m,13.0,0.807936507936508,0.026522593320235755,,
PLN,2015-08,1m,14.0,0.8095238095238095,0.021568627450980392,,
PLN,2015-08,1m,15.0,0.8095238095238095,0.025490196078431372,,
PLN,2015-08,1m,16.0,0.8095238095238095,0.016666666666666666,,
PLN,2015-08,1m,18.0,1.0,0.020454545454545454,,
PLN,2015-08,1m,19.0,1.0,0.017424242424242425,,
PLN,2015-08,1m,20.0,1.0,0.01506740681998414,,
PLN,2015-08,1m,21.0,1.0,0.016666666666666666,,
PLN,2015-08,1m,22.0,1.0,0.00873015873015873,,
PLN,2015-08,1m,23.0,1.0,0.004761904761904762,,
PLN,2015-08,15m,,0.9690880989180835,0.003721424774056353,1941.0,1881.0
PLN,2015-08,15m,0.0,1.0,0.0,,
PLN,2015-08,15m,1.0,1.0,0.0,,
PLN,2015-08,15m,2.0,1.0,0.011904761904761904,,
PLN,2015-08,15m,3.0,1.0,0.0,,
PLN,2015-08,15m,4.0,1.0,0.0,,
PLN,2015-08,15m,5.0,1.0,0.0,,
PLN,2015-08,15m,6.0,1.0,0.0,,
PLN,2015-08,15m,7.0,1.0,0.0,,
PLN,2015-08,15m,8.0,1.0,0.0,,
PLN,2015-08,15m,9.0,1.0,0.0,,
PLN,2015-08,15m,10.0,1.0,0.011904761904761904,,
PLN,2015-08,15m,11.0,1.0,0.0,,
PLN,2015-08,15m,12.0,1.0,0.0,,
PLN,2015-08,15m,13.0,0.8571428571428571,0.0,,
PLN,2015-08,15m,14.0,0.8095238095238095,0.014705882352941176,,
PLN,2015-08,15m,15.0,0.8095238095238095,0.014705882352941176,,
PLN,2015-08,15m,16.0,0.8095238095238095,0.014705882352941176,,
PLN,2015-08,15m,18.0,1.0,0.011363636363636364,,
PLN,2015-08,15m,19.0,1.0,0.0,,
PLN,2015-08,15m,20.0,1.0,0.0,,
PLN,2015-08,15m,21.0,1.0,0.0,,
PLN,2015-08,15m,22.0,1.0,0.011904761904761904,,
PLN,2015-08,15m,23.0,1.0,0.0,,
PLN,2015-08,1h,,0.9753086419753086,0.002109704641350211,486.0,474.0
PLN,2015-08,1h,0.0,1.0,0.0,,
PLN,2015-08,1h,1.0,1.0,0.0,,
PLN,2015-08,1h,2.0,1.0,0.0,,
PLN,2015-08,1h,3.0,1.0,0.0,,
PLN,2015-08,1h,4.0,1.0,0.0,,
PLN,2015-08,1h,5.0,1.0,0.0,,
PLN,2015-08,1h,6.0,1.0,0.0,,
PLN,2015-08,1h,7.0,1.0,0.0,,
PLN,2015-08,1h,8.0,1.0,0.0,,
PLN,2015-08,1h,9.0,1.0,0.0,,
PLN,2015-08,1h,10.0,1.0,0.0,,
PLN,2015-08,1h,11.0,1.0,0.0,,
PLN,2015-08,1h,12.0,1.0,0.0,,
PLN,2015-08,1h,13.0,1.0,0.0,,
PLN,2015-08,1h,14.0,0.8095238095238095,0.0,,
PLN,2015-08,1h,15.0,0.8095238095238095,0.0,,
PLN,2015-08,1h,16.0,0.8095238095238095,0.0,,
PLN,2015-08,1h,18.0,1.0,0.0,,
PLN,2015-08,1h,19.0,1.0,0.0,,
PLN,2015-08,1h,20.0,1.0,0.0,,
PLN,2015-08,1h,21.0,1.0,0.0,,
PLN,2015-08,1h,22.0,1.0,0.0,,
PLN,2015-08,1h,23.0,1.0,0.0,,
PLN,2020-02,1m,,0.9223188405797101,0.03154462602137021,27600.0,25456.0
PLN,2020-02,1m,0.0,1.0,0.010833333333333334,,
PLN,2020-02,1m,1.0,1.0,0.018333333333333333,,
PLN,2020-02,1m,2.0,1.0,0.011666666666666667,,
PLN,2020-02,1m,3.0,1.0,0.01,,
PLN,2020-02,1m,4.0,1.0,0.0075,,
PLN,2020-02,1m,5.0,1.0,0.0033333333333333335,,
PLN,2020-02,1m,6.0,1.0,0.009166666666666667,,
PLN,2020-02,1m,7.0,0.9716666666666667,0.026586620926243566,,
PLN,2020-02,1m,8.0,0.95,0.03245614035087719,,
PLN,2020-02,1m,9.0,0.95,0.027192982456140352,,
PLN,2020-02,1m,10.0,0.95,0.021929824561403508,,
PLN,2020-02,1m,11.0,0.9466666666666667,0.02640845070422535,,
PLN,2020-02,1m,12.0,0.7458333333333333,0.05921787709497207,,
PLN,2020-02,1m,13.0,0.7466666666666667,0.09598214285714286,,
PLN,2020-02,1m,14.0,0.75,0.04777777777777778,,
PLN,2020-02,1m,15.0,0.75,0.051111111111111114,,
PLN,2020-02,1m,16.0,0.7483333333333333,0.060133630289532294,,
PLN,2020-02,1m,18.0,0.9483333333333334,0.09402460456942004,,
PLN,2020-02,1m,19.0,0.9483333333333334,0.07996485061511424,,
PLN,2020-02,1m,20.0,0.95,0.039473684210526314,,
PLN,2020-02,1m,21.0,0.95,0.014035087719298246,,
PLN,2020-02,1m,22.0,0.95,0.010526315789473684,,
PLN,2020-02,1m,23.0,0.9575,0.006962576153176675,,
PLN,2020-02,15m,,0.9255434782608696,0.008220786846741044,1840.0,1703.0
PLN,2020-02,15m,0.0,1.0,0.0,,
PLN,2020-02,15m,1.0,1.0,0.0,,
PLN,2020-02,15m,2.0,1.0,0.0125,,
PLN,2020-02,15m,3.0,1.0,0.0,,
PLN,2020-02,15m,4.0,1.0,0.0,,
PLN,2020-02,15m,5.0,1.0,0.0,,
PLN,2020-02,15m,6.0,1.0,0.0,,
PLN,2020-02,15m,7.0,0.9875,0.0,,
PLN,2020-02,15m,8.0,0.95,0.013157894736842105,,
PLN,2020-02,15m,9.0,0.95,0.0,,
PLN,2020-02,15m,10.0,0.95,0.013157894736842105,,
PLN,2020-02,15m,11.0,0.95,0.0,,
PLN,2020-02,15m,12.0,0.8,0.0,,
PLN,2020-02,15m,13.0,0.75,0.03333333333333333,,
PLN,2020-02,15m,14.0,0.75,0.0,,
PLN,2020-02,15m,15.0,0.75,0.05,,
PLN,2020-02,15m,16.0,0.75,0.016666666666666666,,
PLN,2020-02,15m,18.0,0.95,0.0,,
PLN,2020-02,15m,19.0,0.95,0.0,,
PLN,2020-02,15m,20.0,0.95,0.0,,
PLN,2020-02,15m,21.0,0.95,0.013157894736842105,,
PLN,2020-02,15m,22.0,0.95,0.0,,
PLN,2020-02,15m,23.0,0.95,0.0,,
PLN,2020-02,1h,,0.9347826086956522,0.002325581395348837,460.0,430.0
PLN,2020-02,1h,0.0,1.0,0.0,,
PLN,2020-02,1h,1.0,1.0,0.0,,
PLN,2020-02,1h,2.0,1.0,0.0,,
PLN,2020-02,1h,3.0,1.0,0.0,,
PLN,2020-02,1h,4.0,1.0,0.0,,
PLN,2020-02,1h,5.0,1.0,0.0,,
PLN,2020-02,1h,6.0,1.0,0.0,,
PLN,2020-02,1h,7.0,1.0,0.0,,
PLN,2020-02,1h,8.0,1.0,0.0,,
PLN,2020-02,1h,9.0,0.95,0.0,,
PLN,2020-02,1h,10.0,0.95,0.0,,
PLN,2020-02,1h,11.0,0.95,0.0,,
PLN,2020-02,1h,12.0,0.95,0.0,,
PLN,2020-02,1h,13.0,0.75,0.0,,
PLN,2020-02,1h,14.0,0.75,0.0,,
PLN,2020-02,1h,15.0,0.75,0.0,,
PLN,2020-02,1h,16.0,0.75,0.0,,
PLN,2020-02,1h,18.0,0.95,0.0,,
PLN,2020-02,1h,19.0,0.95,0.0,,
PLN,2020-02,1h,20.0,0.95,0.0,,
PLN,2020-02,1h,21.0,0.95,0.0,,
PLN,2020-02,1h,22.0,0.95,0.0,,
PLN,2020-02,1h,23.0,0.95,0.0,,
PLN,2020-08,1m,,0.9649840211676575,0.018588419628231607,29101.0,28082.0
PLN,2020-08,1m,0.0,1.0,0.007936507936507936,,
PLN,2020-08,1m,1.0,1.0,0.010317460317460317,,
PLN,2020-08,1m,2.0,1.0,0.011111111111111112,,
PLN,2020-08,1m,3.0,1.0,0.013492063492063493,,
PLN,2020-08,1m,4.0,1.0,0.007936507936507936,,
PLN,2020-08,1m,5.0,1.0,0.007142857142857143,,
PLN,2020-08,1m,6.0,1.0,0.0015873015873015873,,
PLN,2020-08,1m,7.0,1.0,0.004761904761904762,,
PLN,2020-08,1m,8.0,1.0,0.011111111111111112,,
PLN,2020-08,1m,9.0,0.9992063492063492,0.011119936457505957,,
PLN,2020-08,1m,10.0,0.9984126984126984,0.012718600953895072,,
PLN,2020-08,1m,11.0,0.9904761904761905,0.015224358974358974,,
PLN,2020-08,1m,12.0,0.9976190476190476,0.021479713603818614,,
PLN,2020-08,1m,13.0,0.7992063492063493,0.09235352532274081,,
PLN,2020-08,1m,14.0,0.8087301587301587,0.05103042198233562,,
PLN,2020-08,1m,15.0,0.8095238095238095,0.04019607843137255,,
PLN,2020-08,1m,16.0,0.8095238095238095,0.0196078431372549,,
PLN,2020-08,1m,18.0,0.9833333333333333,0.020030816640986132,,
PLN,2020-08,1m,19.0,0.9962121212121212,0.026615969581749048,,
PLN,2020-08,1m,20.0,1.0,0.02696272799365583,,
PLN,2020-08,1m,21.0,1.0,0.02142857142857143,,
PLN,2020-08,1m,22.0,1.0,0.011904761904761904,,
PLN,2020-08,1m,23.0,1.0,0.003968253968253968,,
PLN,2020-08,15m,,0.9690880989180835,0.00531632110579479,1941.0,1881.0
PLN,2020-08,15m,0.0,1.0,0.0,,
PLN,2020-08,15m,1.0,1.0,0.0,,
PLN,2020-08,15m,2.0,1.0,0.0,,
PLN,2020-08,15m,3.0,1.0,0.0,,
PLN,2020-08,15m,4.0,1.0,0.0,,
PLN,2020-08,15m,5.0,1.0,0.0,,
PLN,2020-08,15m,6.0,1.0,0.0,,
PLN,2020-08,15m,7.0,1.0,0.0,,
PLN,2020-08,15m,8.0,1.0,0.0,,
PLN,2020-08,15m,9.0,1.0,0.0,,
PLN,2020-08,15m,10.0,1.0,0.0,,
PLN,2020-08,15m,11.0,1.0,0.011904761904761904,,
PLN,2020-08,15m,12.0,1.0,0.0,,
PLN,2020-08,15m,13.0,0.8571428571428571,0.027777777777777776,,
PLN,2020-08,15m,14.0,0.8095238095238095,0.029411764705882353,,
PLN,2020-08,15m,15.0,0.8095238095238095,0.0,,
PLN,2020-08,15m,16.0,0.8095238095238095,0.014705882352941176,,
PLN,2020-08,15m,18.0,1.0,0.0,,
PLN,2020-08,15m,19.0,1.0,0.022727272727272728,,
PLN,2020-08,15m,20.0,1.0,0.0,,
PLN,2020-08,15m,21.0,1.0,0.011904761904761904,,
PLN,2020-08,15m,22.0,1.0,0.0,,
PLN,2020-08,15m,23.0,1.0,0.0,,
PLN,2020-08,1h,,0.9753086419753086,0.0,486.0,474.0
PLN,2020-08,1h,0.0,1.0,0.0,,
PLN,2020-08,1h,1.0,1.0,0.0,,
PLN,2020-08,1h,2.0,1.0,0.0,,
PLN,2020-08,1h,3.0,1.0,0.0,,
PLN,2020-08,1h,4.0,1.0,0.0,,
PLN,2020-08,1h,5.0,1.0,0.0,,
PLN,2020-08,1h,6.0,1.0,0.0,,
PLN,2020-08,1h,7.0,1.0,0.0,,
PLN,2020-08,1h,8.0,1.0,0.0,,
PLN,2020-08,1h,9.0,1.0,0.0,,
PLN,2020-08,1h,10.0,1.0,0.0,,
PLN,2020-08,1h,11.0,1.0,0.0,,
PLN,2020-08,1h,12.0,1.0,0.0,,
PLN,2020-08,1h,13.0,1.0,0.0,,
PLN,2020-08,1h,14.0,0.8095238095238095,0.0,,
PLN,2020-08,1h,15.0,0.8095238095238095,0.0,,
PLN,2020-08,1h,16.0,0.8095238095238095,0.0,,
PLN,2020-08,1h,18.0,1.0,0.0,,
PLN,2020-08,1h,19.0,1.0,0.0,,
PLN,2020-08,1h,20.0,1.0,0.0,,
PLN,2020-08,1h,21.0,1.0,0.0,,
PLN,2020-08,1h,22.0,1.0,0.0,,
PLN,2020-08,1h,23.0,1.0,0.0,,
PLN,2025-02,1m,,0.9965217391304347,0.0049447353112274574,27600.0,27504.0
PLN,2025-02,1m,0.0,0.9983333333333333,0.001669449081803005,,
PLN,2025-02,1m,1.0,0.9958333333333333,0.0066945606694560665,,
PLN,2025-02,1m,2.0,0.9991666666666666,0.006672226855713094,,
PLN,2025-02,1m,3.0,1.0,0.004166666666666667,,
PLN,2025-02,1m,4.0,1.0,0.0025,,
PLN,2025-02,1m,5.0,0.9983333333333333,0.007512520868113523,,
PLN,2025-02,1m,6.0,0.9983333333333333,0.005843071786310518,,
PLN,2025-02,1m,7.0,0.9983333333333333,0.005008347245409015,,
PLN,2025-02,1m,8.0,0.9983333333333333,0.00667779632721202,,
PLN,2025-02,1m,9.0,0.9966666666666667,0.005016722408026756,,
PLN,2025-02,1m,10.0,0.9925,0.005877413937867338,,
PLN,2025-02,1m,11.0,0.9941666666666666,0.002514668901927913,,
PLN,2025-02,1m,12.0,0.985,0.005076142131979695,,
PLN,2025-02,1m,13.0,0.9891666666666666,0.0016849199663016006,,
PLN,2025-02,1m,14.0,0.9966666666666667,0.006688963210702341,,
PLN,2025-02,1m,15.0,0.9925,0.0041981528127623844,,
PLN,2025-02,1m,16.0,0.9941666666666666,0.006705783738474434,,
PLN,2025-02,1m,18.0,1.0,0.004166666666666667,,
PLN,2025-02,1m,19.0,1.0,0.005,,
PLN,2025-02,1m,20.0,0.9975,0.004177109440267335,,
PLN,2025-02,1m,21.0,0.9991666666666666,0.0025020850708924102,,
PLN,2025-02,1m,22.0,0.9975,0.005012531328320802,,
PLN,2025-02,1m,23.0,0.9983333333333333,0.005843071786310518,,
PLN,2025-02,15m,,1.0,0.0,1840.0,1840.0
PLN,2025-02,15m,0.0,1.0,0.0,,
PLN,2025-02,15m,1.0,1.0,0.0,,
PLN,2025-02,15m,2.0,1.0,0.0,,
PLN,2025-02,15m,3.0,1.0,0.0,,
PLN,2025-02,15m,4.0,1.0,0.0,,
PLN,2025-02,15m,5.0,1.0,0.0,,
PLN,2025-02,15m,6.0,1.0,0.0,,
PLN,2025-02,15m,7.0,1.0,0.0,,
PLN,2025-02,15m,8.0,1.0,0.0,,
PLN,2025-02,15m,9.0,1.0,0.0,,
PLN,2025-02,15m,10.0,1.0,0.0,,
PLN,2025-02,15m,11.0,1.0,0.0,,
PLN,2025-02,15m,12.0,1.0,0.0,,
PLN,2025-02,15m,13.0,1.0,0.0,,
PLN,2025-02,15m,14.0,1.0,0.0,,
PLN,2025-02,15m,15.0,1.0,0.0,,
PLN,2025-02,15m,16.0,1.0,0.0,,
PLN,2025-02,15m,18.0,1.0,0.0,,
PLN,2025-02,15m,19.0,1.0,0.0,,
PLN,2025-02,15m,20.0,1.0,0.0,,
PLN,2025-02,15m,21.0,1.0,0.0,,
PLN,2025-02,15m,22.0,1.0,0.0,,
PLN,2025-02,15m,23.0,1.0,0.0,,
PLN,2025-02,1h,,1.0,0.004347826086956522,460.0,460.0
PLN,2025-02,1h,0.0,1.0,0.0,,
PLN,2025-02,1h,1.0,1.0,0.0,,
PLN,2025-02,1h,2.0,1.0,0.0,,
PLN,2025-02,1h,3.0,1.0,0.0,,
PLN,2025-02,1h,4.0,1.0,0.0,,
PLN,2025-02,1h,5.0,1.0,0.0,,
PLN,2025-02,1h,6.0,1.0,0.0,,
PLN,2025-02,1h,7.0,1.0,0.0,,
PLN,2025-02,1h,8.0,1.0,0.0,,
PLN,2025-02,1h,9.0,1.0,0.0,,
PLN,2025-02,1h,10.0,1.0,0.0,,
PLN,2025-02,1h,11.0,1.0,0.0,,
PLN,2025-02,1h,12.0,1.0,0.0,,
PLN,2025-02,1h,13.0,1.0,0.0,,
PLN,2025-02,1h,14.0,1.0,0.0,,
PLN,2025-02,1h,15.0,1.0,0.0,,
PLN,2025-02,1h,16.0,1.0,0.0,,
PLN,2025-02,1h,18.0,1.0,0.0,,
PLN,2025-02,1h,19.0,1.0,0.0,,
PLN,2025-02,1h,20.0,1.0,0.0,,
PLN,2025-02,1h,21.0,1.0,0.0,,
PLN,2025-02,1h,22.0,1.0,0.0,,
PLN,2025-02,1h,23.0,1.0,0.0,,
PLN,2025-08,1m,,0.9985852311939268,0.005148761187325063,28980.0,28939.0
PLN,2025-08,1m,0.0,1.0,0.0031746031746031746,,
PLN,2025-08,1m,1.0,0.9992063492063492,0.003971405877680699,,
PLN,2025-08,1m,2.0,0.9992063492063492,0.007942811755361398,,
PLN,2025-08,1m,3.0,0.9992063492063492,0.003971405877680699,,
PLN,2025-08,1m,4.0,0.9984126984126984,0.005564387917329093,,
PLN,2025-08,1m,5.0,1.0,0.005555555555555556,,
PLN,2025-08,1m,6.0,0.9968253968253968,0.006369426751592357,,
PLN,2025-08,1m,7.0,1.0,0.0031746031746031746,,
PLN,2025-08,1m,8.0,0.9976190476190476,0.0031821797931583136,,
PLN,2025-08,1m,9.0,1.0,0.006349206349206349,,
PLN,2025-08,1m,10.0,0.9968253968253968,0.005573248407643312,,
PLN,2025-08,1m,11.0,1.0,0.0031746031746031746,,
PLN,2025-08,1m,12.0,0.9976190476190476,0.0031821797931583136,,
PLN,2025-08,1m,13.0,0.9992063492063492,0.003971405877680699,,
PLN,2025-08,1m,14.0,0.9968253968253968,0.009554140127388535,,
PLN,2025-08,1m,15.0,0.9984126984126984,0.006359300476947536,,
PLN,2025-08,1m,16.0,0.9992063492063492,0.005559968228752979,,
PLN,2025-08,1m,18.0,0.996031746031746,0.005577689243027889,,
PLN,2025-08,1m,19.0,0.9952380952380953,0.003987240829346092,,
PLN,2025-08,1m,20.0,0.9984126984126984,0.005564387917329093,,
PLN,2025-08,1m,21.0,0.9992063492063492,0.004765687053216839,,
PLN,2025-08,1m,22.0,1.0,0.004761904761904762,,
PLN,2025-08,1m,23.0,1.0,0.005555555555555556,,
PLN,2025-08,15m,,1.0,0.002587991718426501,1932.0,1932.0
PLN,2025-08,15m,0.0,1.0,0.0,,
PLN,2025-08,15m,1.0,1.0,0.0,,
PLN,2025-08,15m,2.0,1.0,0.011904761904761904,,
PLN,2025-08,15m,3.0,1.0,0.0,,
PLN,2025-08,15m,4.0,1.0,0.0,,
PLN,2025-08,15m,5.0,1.0,0.0,,
PLN,2025-08,15m,6.0,1.0,0.0,,
PLN,2025-08,15m,7.0,1.0,0.0,,
PLN,2025-08,15m,8.0,1.0,0.0,,
PLN,2025-08,15m,9.0,1.0,0.0,,
PLN,2025-08,15m,10.0,1.0,0.0,,
PLN,2025-08,15m,11.0,1.0,0.0,,
PLN,2025-08,15m,12.0,1.0,0.0,,
PLN,2025-08,15m,13.0,1.0,0.0,,
PLN,2025-08,15m,14.0,1.0,0.0,,
PLN,2025-08,15m,15.0,1.0,0.0,,
PLN,2025-08,15m,16.0,1.0,0.0,,
PLN,2025-08,15m,18.0,1.0,0.0,,
PLN,2025-08,15m,19.0,1.0,0.0,,
PLN,2025-08,15m,20.0,1.0,0.023809523809523808,,
PLN,2025-08,15m,21.0,1.0,0.0,,
PLN,2025-08,15m,22.0,1.0,0.0,,
PLN,2025-08,15m,23.0,1.0,0.011904761904761904,,
PLN,2025-08,1h,,1.0,0.0,483.0,483.0
PLN,2025-08,1h,0.0,1.0,0.0,,
PLN,2025-08,1h,1.0,1.0,0.0,,
PLN,2025-08,1h,2.0,1.0,0.0,,
PLN,2025-08,1h,3.0,1.0,0.0,,
PLN,2025-08,1h,4.0,1.0,0.0,,
PLN,2025-08,1h,5.0,1.0,0.0,,
PLN,2025-08,1h,6.0,1.0,0.0,,
PLN,2025-08,1h,7.0,1.0,0.0,,
PLN,2025-08,1h,8.0,1.0,0.0,,
PLN,2025-08,1h,9.0,1.0,0.0,,
PLN,2025-08,1h,10.0,1.0,0.0,,
PLN,2025-08,1h,11.0,1.0,0.0,,
PLN,2025-08,1h,12.0,1.0,0.0,,
PLN,2025-08,1h,13.0,1.0,0.0,,
PLN,2025-08,1h,14.0,1.0,0.0,,
PLN,2025-08,1h,15.0,1.0,0.0,,
PLN,2025-08,1h,16.0,1.0,0.0,,
PLN,2025-08,1h,18.0,1.0,0.0,,
PLN,2025-08,1h,19.0,1.0,0.0,,
PLN,2025-08,1h,20.0,1.0,0.0,,
PLN,2025-08,1h,21.0,1.0,0.0,,
PLN,2025-08,1h,22.0,1.0,0.0,,
PLN,2025-08,1h,23.0,1.0,0.0,,
HUF,2009-11,1m,,0.9481422816018732,0.07681133103323043,29041.0,27535.0
HUF,2009-11,1m,0.0,0.9992063492063492,0.06910246227164417,,
HUF,2009-11,1m,1.0,1.0,0.06349206349206349,,
HUF,2009-11,1m,2.0,1.0,0.05555555555555555,,
HUF,2009-11,1m,3.0,1.0,0.05952380952380952,,
HUF,2009-11,1m,4.0,1.0,0.03968253968253968,,
HUF,2009-11,1m,5.0,1.0,0.046825396825396826,,
HUF,2009-11,1m,6.0,1.0,0.05476190476190476,,
HUF,2009-11,1m,7.0,1.0,0.0761904761904762,,
HUF,2009-11,1m,8.0,0.9888888888888889,0.07945425361155699,,
HUF,2009-11,1m,9.0,0.9888888888888889,0.07624398073836276,,
HUF,2009-11,1m,10.0,0.9833333333333333,0.08232445520581114,,
HUF,2009-11,1m,11.0,0.9603174603174603,0.1446280991735537,,
HUF,2009-11,1m,12.0,0.7547619047619047,0.10199789695057834,,
HUF,2009-11,1m,13.0,0.7698412698412699,0.1309278350515464,,
HUF,2009-11,1m,14.0,0.8071428571428572,0.08062930186823992,,
HUF,2009-11,1m,15.0,0.8023809523809524,0.08506429277942631,,
HUF,2009-11,1m,16.0,0.8,0.09722222222222222,,
HUF,2009-11,1m,18.0,0.9772727272727273,0.07906976744186046,,
HUF,2009-11,1m,19.0,0.9770023790642347,0.08928571428571429,,
HUF,2009-11,1m,20.0,0.9968253968253968,0.09394904458598727,,
HUF,2009-11,1m,21.0,1.0,0.048412698412698414,,
HUF,2009-11,1m,22.0,1.0,0.05714285714285714,,
HUF,2009-11,1m,23.0,1.0,0.05634920634920635,,
HUF,2009-11,15m,,0.9607640681466185,0.03170338527673294,1937.0,1861.0
HUF,2009-11,15m,0.0,1.0,0.011904761904761904,,
HUF,2009-11,15m,1.0,1.0,0.023809523809523808,,
HUF,2009-11,15m,2.0,1.0,0.047619047619047616,,
HUF,2009-11,15m,3.0,1.0,0.023809523809523808,,
HUF,2009-11,15m,4.0,1.0,0.03571428571428571,,
HUF,2009-11,15m,5.0,1.0,0.023809523809523808,,
HUF,2009-11,15m,6.0,1.0,0.011904761904761904,,
HUF,2009-11,15m,7.0,1.0,0.023809523809523808,,
HUF,2009-11,15m,8.0,1.0,0.011904761904761904,,
HUF,2009-11,15m,9.0,1.0,0.03571428571428571,,
HUF,2009-11,15m,10.0,1.0,0.0,,
HUF,2009-11,15m,11.0,1.0,0.047619047619047616,,
HUF,2009-11,15m,12.0,0.8571428571428571,0.027777777777777776,,
HUF,2009-11,15m,13.0,0.8095238095238095,0.07352941176470588,,
HUF,2009-11,15m,14.0,0.8095238095238095,0.058823529411764705,,
HUF,2009-11,15m,15.0,0.8095238095238095,0.04411764705882353,,
HUF,2009-11,15m,16.0,0.8095238095238095,0.04411764705882353,,
HUF,2009-11,15m,18.0,1.0,0.011363636363636364,,
HUF,2009-11,15m,19.0,1.0,0.011764705882352941,,
HUF,2009-11,15m,20.0,1.0,0.0,,
HUF,2009-11,15m,21.0,1.0,0.011904761904761904,,
HUF,2009-11,15m,22.0,1.0,0.011904761904761904,,
HUF,2009-11,15m,23.0,1.0,0.03571428571428571,,
HUF,2009-11,1h,,0.9670103092783505,0.006396588486140725,485.0,469.0
HUF,2009-11,1h,0.0,1.0,0.0,,
HUF,2009-11,1h,1.0,1.0,0.0,,
HUF,2009-11,1h,2.0,1.0,0.0,,
HUF,2009-11,1h,3.0,1.0,0.0,,
HUF,2009-11,1h,4.0,1.0,0.047619047619047616,,
HUF,2009-11,1h,5.0,1.0,0.0,,
HUF,2009-11,1h,6.0,1.0,0.0,,
HUF,2009-11,1h,7.0,1.0,0.0,,
HUF,2009-11,1h,8.0,1.0,0.0,,
HUF,2009-11,1h,9.0,1.0,0.0,,
HUF,2009-11,1h,10.0,1.0,0.0,,
HUF,2009-11,1h,11.0,1.0,0.0,,
HUF,2009-11,1h,12.0,1.0,0.0,,
HUF,2009-11,1h,13.0,0.8095238095238095,0.0,,
HUF,2009-11,1h,14.0,0.8095238095238095,0.0,,
HUF,2009-11,1h,15.0,0.8095238095238095,0.0,,
HUF,2009-11,1h,16.0,0.8095238095238095,0.0,,
HUF,2009-11,1h,18.0,1.0,0.0,,
HUF,2009-11,1h,19.0,1.0,0.0,,
HUF,2009-11,1h,20.0,1.0,0.0,,
HUF,2009-11,1h,21.0,1.0,0.0,,
HUF,2009-11,1h,22.0,1.0,0.0,,
HUF,2009-11,1h,23.0,1.0,0.0,,
HUF,2010-02,1m,,0.9444927536231884,0.08926653368114162,27600.0,26068.0
HUF,2010-02,1m,0.0,1.0,0.06166666666666667,,
HUF,2010-02,1m,1.0,1.0,0.08166666666666667,,
HUF,2010-02,1m,2.0,1.0,0.07083333333333333,,
HUF,2010-02,1m,3.0,1.0,0.06583333333333333,,
HUF,2010-02,1m,4.0,1.0,0.04416666666666667,,
HUF,2010-02,1m,5.0,1.0,0.04416666666666667,,
HUF,2010-02,1m,6.0,1.0,0.04583333333333333,,
HUF,2010-02,1m,7.0,0.9991666666666666,0.07839866555462886,,
HUF,2010-02,1m,8.0,0.9933333333333333,0.07718120805369127,,
HUF,2010-02,1m,9.0,0.9816666666666667,0.09847198641765705,,
HUF,2010-02,1m,10.0,0.9708333333333333,0.12360515021459227,,
HUF,2010-02,1m,11.0,0.955,0.13961605584642234,,
HUF,2010-02,1m,12.0,0.745,0.15324384787472037,,
HUF,2010-02,1m,13.0,0.7583333333333333,0.14395604395604394,,
HUF,2010-02,1m,14.0,0.7933333333333333,0.10504201680672269,,
HUF,2010-02,1m,15.0,0.7941666666666667,0.1049317943336831,,
HUF,2010-02,1m,16.0,0.7816666666666666,0.11087420042643924,,
HUF,2010-02,1m,18.0,0.9725,0.10882604970008569,,
HUF,2010-02,1m,19.0,0.9816666666666667,0.13157894736842105,,
HUF,2010-02,1m,20.0,0.9966666666666667,0.09866220735785954,,
HUF,2010-02,1m,21.0,1.0,0.06,,
HUF,2010-02,1m,22.0,1.0,0.06916666666666667,,
HUF,2010-02,1m,23.0,1.0,0.0525,,
HUF,2010-02,15m,,0.9586956521739131,0.024943310657596373,1840.0,1764.0
HUF,2010-02,15m,0.0,1.0,0.0375,,
HUF,2010-02,15m,1.0,1.0,0.0125,,
HUF,2010-02,15m,2.0,1.0,0.0125,,
HUF,2010-02,15m,3.0,1.0,0.0125,,
HUF,2010-02,15m,4.0,1.0,0.0,,
HUF,2010-02,15m,5.0,1.0,0.0,,
HUF,2010-02,15m,6.0,1.0,0.0125,,
HUF,2010-02,15m,7.0,1.0,0.0125,,
HUF,2010-02,15m,8.0,1.0,0.025,,
HUF,2010-02,15m,9.0,1.0,0.0125,,
HUF,2010-02,15m,10.0,1.0,0.0125,,
HUF,2010-02,15m,11.0,1.0,0.0625,,
HUF,2010-02,15m,12.0,0.85,0.029411764705882353,,
HUF,2010-02,15m,13.0,0.8,0.015625,,
HUF,2010-02,15m,14.0,0.8,0.03125,,
HUF,2010-02,15m,15.0,0.8,0.0,,
HUF,2010-02,15m,16.0,0.8,0.0,,
HUF,2010-02,15m,18.0,1.0,0.0125,,
HUF,2010-02,15m,19.0,1.0,0.05,,
HUF,2010-02,15m,20.0,1.0,0.025,,
HUF,2010-02,15m,21.0,1.0,0.0375,,
HUF,2010-02,15m,22.0,1.0,0.0,,
HUF,2010-02,15m,23.0,1.0,0.0,,
HUF,2010-02,1h,,0.9652173913043478,0.015765765765765764,460.0,444.0
HUF,2010-02,1h,0.0,1.0,0.0,,
HUF,2010-02,1h,1.0,1.0,0.0,,
HUF,2010-02,1h,2.0,1.0,0.0,,
HUF,2010-02,1h,3.0,1.0,0.0,,
HUF,2010-02,1h,4.0,1.0,0.05,,
HUF,2010-02,1h,5.0,1.0,0.0,,
HUF,2010-02,1h,6.0,1.0,0.0,,
HUF,2010-02,1h,7.0,1.0,0.0,,
HUF,2010-02,1h,8.0,1.0,0.0,,
HUF,2010-02,1h,9.0,1.0,0.0,,
HUF,2010-02,1h,10.0,1.0,0.0,,
HUF,2010-02,1h,11.0,1.0,0.0,,
HUF,2010-02,1h,12.0,1.0,0.0,,
HUF,2010-02,1h,13.0,0.8,0.0,,
HUF,2010-02,1h,14.0,0.8,0.0,,
HUF,2010-02,1h,15.0,0.8,0.0,,
HUF,2010-02,1h,16.0,0.8,0.0,,
HUF,2010-02,1h,18.0,1.0,0.0,,
HUF,2010-02,1h,19.0,1.0,0.0,,
HUF,2010-02,1h,20.0,1.0,0.0,,
HUF,2010-02,1h,21.0,1.0,0.0,,
HUF,2010-02,1h,22.0,1.0,0.0,,
HUF,2010-02,1h,23.0,1.0,0.0,,
HUF,2010-08,1m,,0.9619763131130868,0.06854921219562103,30481.0,29322.0
HUF,2010-08,1m,0.0,0.9977272727272727,0.0387243735763098,,
HUF,2010-08,1m,1.0,1.0,0.038636363636363635,,
HUF,2010-08,1m,2.0,1.0,0.05075757575757576,,
HUF,2010-08,1m,3.0,1.0,0.03939393939393939,,
HUF,2010-08,1m,4.0,1.0,0.0446969696969697,,
HUF,2010-08,1m,5.0,1.0,0.05075757575757576,,
HUF,2010-08,1m,6.0,1.0,0.03939393939393939,,
HUF,2010-08,1m,7.0,1.0,0.04015151515151515,,
HUF,2010-08,1m,8.0,0.9977272727272727,0.06681852695520121,,
HUF,2010-08,1m,9.0,1.0,0.07651515151515151,,
HUF,2010-08,1m,10.0,0.9992424242424243,0.07657316148597422,,
HUF,2010-08,1m,11.0,0.9984848484848485,0.08725341426403642,,
HUF,2010-08,1m,12.0,0.9825757575757575,0.16037008481110254,,
HUF,2010-08,1m,13.0,0.7848484848484848,0.10424710424710425,,
HUF,2010-08,1m,14.0,0.7840909090909091,0.09082125603864734,,
HUF,2010-08,1m,15.0,0.8037878787878788,0.08011310084825636,,
HUF,2010-08,1m,16.0,0.8143939393939394,0.07906976744186046,,
HUF,2010-08,1m,18.0,0.9891304347826086,0.08351648351648351,,
HUF,2010-08,1m,19.0,0.9891304347826086,0.08644688644688645,,
HUF,2010-08,1m,20.0,0.9924299772899319,0.07475209763539283,,
HUF,2010-08,1m,21.0,0.9939393939393939,0.07698170731707317,,
HUF,2010-08,1m,22.0,0.9954545454545455,0.04033485540334855,,
HUF,2010-08,1m,23.0,1.0,0.04242424242424243,,
HUF,2010-08,15m,,0.970486965076242,0.016725798276735936,2033.0,1973.0
HUF,2010-08,15m,0.0,1.0,0.011363636363636364,,
HUF,2010-08,15m,1.0,1.0,0.0,,
HUF,2010-08,15m,2.0,1.0,0.011363636363636364,,
HUF,2010-08,15m,3.0,1.0,0.011363636363636364,,
HUF,2010-08,15m,4.0,1.0,0.0,,
HUF,2010-08,15m,5.0,1.0,0.011363636363636364,,
HUF,2010-08,15m,6.0,1.0,0.011363636363636364,,
HUF,2010-08,15m,7.0,1.0,0.0,,
HUF,2010-08,15m,8.0,1.0,0.0,,
HUF,2010-08,15m,9.0,1.0,0.0,,
HUF,2010-08,15m,10.0,1.0,0.045454545454545456,,
HUF,2010-08,15m,11.0,1.0,0.011363636363636364,,
HUF,2010-08,15m,12.0,1.0,0.06818181818181818,,
HUF,2010-08,15m,13.0,0.8636363636363636,0.02631578947368421,,
HUF,2010-08,15m,14.0,0.8181818181818182,0.041666666666666664,,
HUF,2010-08,15m,15.0,0.8181818181818182,0.013888888888888888,,
HUF,2010-08,15m,16.0,0.8181818181818182,0.0,,
HUF,2010-08,15m,18.0,1.0,0.043478260869565216,,
HUF,2010-08,15m,19.0,1.0,0.010869565217391304,,
HUF,2010-08,15m,20.0,1.0,0.02247191011235955,,
HUF,2010-08,15m,21.0,1.0,0.0,,
HUF,2010-08,15m,22.0,1.0,0.011363636363636364,,
HUF,2010-08,15m,23.0,1.0,0.0,,
HUF,2010-08,1h,,0.9764243614931237,0.008048289738430584,509.0,497.0
HUF,2010-08,1h,0.0,1.0,0.0,,
HUF,2010-08,1h,1.0,1.0,0.0,,
HUF,2010-08,1h,2.0,1.0,0.0,,
HUF,2010-08,1h,3.0,1.0,0.0,,
HUF,2010-08,1h,4.0,1.0,0.0,,
HUF,2010-08,1h,5.0,1.0,0.0,,
HUF,2010-08,1h,6.0,1.0,0.0,,
HUF,2010-08,1h,7.0,1.0,0.045454545454545456,,
HUF,2010-08,1h,8.0,1.0,0.0,,
HUF,2010-08,1h,9.0,1.0,0.0,,
HUF,2010-08,1h,10.0,1.0,0.0,,
HUF,2010-08,1h,11.0,1.0,0.0,,
HUF,2010-08,1h,12.0,1.0,0.0,,
HUF,2010-08,1h,13.0,1.0,0.0,,
HUF,2010-08,1h,14.0,0.8181818181818182,0.0,,
HUF,2010-08,1h,15.0,0.8181818181818182,0.0,,
HUF,2010-08,1h,16.0,0.8181818181818182,0.0,,
HUF,2010-08,1h,18.0,1.0,0.0,,
HUF,2010-08,1h,19.0,1.0,0.0,,
HUF,2010-08,1h,20.0,1.0,0.043478260869565216,,
HUF,2010-08,1h,21.0,1.0,0.0,,
HUF,2010-08,1h,22.0,1.0,0.0,,
HUF,2010-08,1h,23.0,1.0,0.0,,
HUF,2015-02,1m,,0.956268115942029,0.08051377259121736,27600.0,26393.0
HUF,2015-02,1m,0.0,1.0,0.020833333333333332,,
HUF,2015-02,1m,1.0,1.0,0.0225,,
HUF,2015-02,1m,2.0,1.0,0.021666666666666667,,
HUF,2015-02,1m,3.0,1.0,0.0225,,
HUF,2015-02,1m,4.0,0.9991666666666666,0.02335279399499583,,
HUF,2015-02,1m,5.0,1.0,0.015,,
HUF,2015-02,1m,6.0,1.0,0.019166666666666665,,
HUF,2015-02,1m,7.0,1.0,0.025,,
HUF,2015-02,1m,8.0,1.0,0.03833333333333333,,
HUF,2015-02,1m,9.0,1.0,0.05,,
HUF,2015-02,1m,10.0,1.0,0.07583333333333334,,
HUF,2015-02,1m,11.0,0.9983333333333333,0.12186978297161936,,
HUF,2015-02,1m,12.0,0.7983333333333333,0.1931106471816284,,
HUF,2015-02,1m,13.0,0.8,0.15104166666666666,,
HUF,2015-02,1m,14.0,0.7991666666666667,0.13034410844629823,,
HUF,2015-02,1m,15.0,0.8,0.11875,,
HUF,2015-02,1m,16.0,0.8,0.20520833333333333,,
HUF,2015-02,1m,18.0,1.0,0.22416666666666665,,
HUF,2015-02,1m,19.0,0.9991666666666666,0.23019182652210174,,
HUF,2015-02,1m,20.0,1.0,0.12916666666666668,,
HUF,2015-02,1m,21.0,1.0,0.0325,,
HUF,2015-02,1m,22.0,1.0,0.02,,
HUF,2015-02,1m,23.0,1.0,0.0275,,
HUF,2015-02,15m,,0.9586956521739131,0.007936507936507936,1840.0,1764.0
HUF,2015-02,15m,0.0,1.0,0.025,,
HUF,2015-02,15m,1.0,1.0,0.0,,
HUF,2015-02,15m,2.0,1.0,0.0,,
HUF,2015-02,15m,3.0,1.0,0.0,,
HUF,2015-02,15m,4.0,1.0,0.0125,,
HUF,2015-02,15m,5.0,1.0,0.0125,,
HUF,2015-02,15m,6.0,1.0,0.0,,
HUF,2015-02,15m,7.0,1.0,0.0,,
HUF,2015-02,15m,8.0,1.0,0.0,,
HUF,2015-02,15m,9.0,1.0,0.0,,
HUF,2015-02,15m,10.0,1.0,0.0,,
HUF,2015-02,15m,11.0,1.0,0.0,,
HUF,2015-02,15m,12.0,0.85,0.014705882352941176,,
HUF,2015-02,15m,13.0,0.8,0.0,,
HUF,2015-02,15m,14.0,0.8,0.0,,
HUF,2015-02,15m,15.0,0.8,0.015625,,
HUF,2015-02,15m,16.0,0.8,0.0,,
HUF,2015-02,15m,18.0,1.0,0.0375,,
HUF,2015-02,15m,19.0,1.0,0.0125,,
HUF,2015-02,15m,20.0,1.0,0.0,,
HUF,2015-02,15m,21.0,1.0,0.0,,
HUF,2015-02,15m,22.0,1.0,0.0125,,
HUF,2015-02,15m,23.0,1.0,0.0,,
HUF,2015-02,1h,,0.9652173913043478,0.01126126126126126,460.0,444.0
HUF,2015-02,1h,0.0,1.0,0.0,,
HUF,2015-02,1h,1.0,1.0,0.0,,
HUF,2015-02,1h,2.0,1.0,0.0,,
HUF,2015-02,1h,3.0,1.0,0.0,,
HUF,2015-02,1h,4.0,1.0,0.0,,
HUF,2015-02,1h,5.0,1.0,0.0,,
HUF,2015-02,1h,6.0,1.0,0.0,,
HUF,2015-02,1h,7.0,1.0,0.0,,
HUF,2015-02,1h,8.0,1.0,0.0,,
HUF,2015-02,1h,9.0,1.0,0.0,,
HUF,2015-02,1h,10.0,1.0,0.0,,
HUF,2015-02,1h,11.0,1.0,0.0,,
HUF,2015-02,1h,12.0,1.0,0.0,,
HUF,2015-02,1h,13.0,0.8,0.0,,
HUF,2015-02,1h,14.0,0.8,0.0,,
HUF,2015-02,1h,15.0,0.8,0.0,,
HUF,2015-02,1h,16.0,0.8,0.0,,
HUF,2015-02,1h,18.0,1.0,0.0,,
HUF,2015-02,1h,19.0,1.0,0.0,,
HUF,2015-02,1h,20.0,1.0,0.0,,
HUF,2015-02,1h,21.0,1.0,0.0,,
HUF,2015-02,1h,22.0,1.0,0.0,,
HUF,2015-02,1h,23.0,1.0,0.0,,
HUF,2015-08,1m,,0.9667709013435964,0.03980948318760219,29101.0,28134.0
HUF,2015-08,1m,0.0,0.9992063492063492,0.018268467037331215,,
HUF,2015-08,1m,1.0,1.0,0.01904761904761905,,
HUF,2015-08,1m,2.0,1.0,0.02619047619047619,,
HUF,2015-08,1m,3.0,1.0,0.016666666666666666,,
HUF,2015-08,1m,4.0,1.0,0.014285714285714285,,
HUF,2015-08,1m,5.0,1.0,0.011111111111111112,,
HUF,2015-08,1m,6.0,1.0,0.011904761904761904,,
HUF,2015-08,1m,7.0,1.0,0.018253968253968255,,
HUF,2015-08,1m,8.0,1.0,0.01904761904761905,,
HUF,2015-08,1m,9.0,1.0,0.027777777777777776,,
HUF,2015-08,1m,10.0,1.0,0.02857142857142857,,
HUF,2015-08,1m,11.0,1.0,0.022222222222222223,,
HUF,2015-08,1m,12.0,0.9992063492063492,0.056393963463065924,,
HUF,2015-08,1m,13.0,0.807936507936508,0.1512770137524558,,
HUF,2015-08,1m,14.0,0.8087301587301587,0.08635917566241413,,
HUF,2015-08,1m,15.0,0.8087301587301587,0.07556427870461237,,
HUF,2015-08,1m,16.0,0.8095238095238095,0.054901960784313725,,
HUF,2015-08,1m,18.0,1.0,0.04393939393939394,,
HUF,2015-08,1m,19.0,0.9992424242424243,0.0667172100075815,,
HUF,2015-08,1m,20.0,1.0,0.07216494845360824,,
HUF,2015-08,1m,21.0,1.0,0.06746031746031746,,
HUF,2015-08,1m,22.0,1.0,0.01904761904761905,,
HUF,2015-08,1m,23.0,1.0,0.01746031746031746,,
HUF,2015-08,15m,,0.9690880989180835,0.007442849548112706,1941.0,1881.0
HUF,2015-08,15m,0.0,1.0,0.0,,
HUF,2015-08,15m,1.0,1.0,0.0,,
HUF,2015-08,15m,2.0,1.0,0.011904761904761904,,
HUF,2015-08,15m,3.0,1.0,0.011904761904761904,,
HUF,2015-08,15m,4.0,1.0,0.0,,
HUF,2015-08,15m,5.0,1.0,0.0,,
HUF,2015-08,15m,6.0,1.0,0.0,,
HUF,2015-08,15m,7.0,1.0,0.011904761904761904,,
HUF,2015-08,15m,8.0,1.0,0.0,,
HUF,2015-08,15m,9.0,1.0,0.0,,
HUF,2015-08,15m,10.0,1.0,0.0,,
HUF,2015-08,15m,11.0,1.0,0.011904761904761904,,
HUF,2015-08,15m,12.0,1.0,0.0,,
HUF,2015-08,15m,13.0,0.8571428571428571,0.0,,
HUF,2015-08,15m,14.0,0.8095238095238095,0.0,,
HUF,2015-08,15m,15.0,0.8095238095238095,0.0,,
HUF,2015-08,15m,16.0,0.8095238095238095,0.014705882352941176,,
HUF,2015-08,15m,18.0,1.0,0.022727272727272728,,
HUF,2015-08,15m,19.0,1.0,0.011363636363636364,,
HUF,2015-08,15m,20.0,1.0,0.011764705882352941,,
HUF,2015-08,15m,21.0,1.0,0.03571428571428571,,
HUF,2015-08,15m,22.0,1.0,0.0,,
HUF,2015-08,15m,23.0,1.0,0.0,,
HUF,2015-08,1h,,0.9753086419753086,0.004219409282700422,486.0,474.0
HUF,2015-08,1h,0.0,1.0,0.0,,
HUF,2015-08,1h,1.0,1.0,0.0,,
HUF,2015-08,1h,2.0,1.0,0.0,,
HUF,2015-08,1h,3.0,1.0,0.0,,
HUF,2015-08,1h,4.0,1.0,0.0,,
HUF,2015-08,1h,5.0,1.0,0.0,,
HUF,2015-08,1h,6.0,1.0,0.0,,
HUF,2015-08,1h,7.0,1.0,0.0,,
HUF,2015-08,1h,8.0,1.0,0.0,,
HUF,2015-08,1h,9.0,1.0,0.0,,
HUF,2015-08,1h,10.0,1.0,0.0,,
HUF,2015-08,1h,11.0,1.0,0.0,,
HUF,2015-08,1h,12.0,1.0,0.0,,
HUF,2015-08,1h,13.0,1.0,0.0,,
HUF,2015-08,1h,14.0,0.8095238095238095,0.0,,
HUF,2015-08,1h,15.0,0.8095238095238095,0.0,,
HUF,2015-08,1h,16.0,0.8095238095238095,0.0,,
HUF,2015-08,1h,18.0,1.0,0.0,,
HUF,2015-08,1h,19.0,1.0,0.0,,
HUF,2015-08,1h,20.0,1.0,0.0,,
HUF,2015-08,1h,21.0,1.0,0.0,,
HUF,2015-08,1h,22.0,1.0,0.0,,
HUF,2015-08,1h,23.0,1.0,0.0,,
HUF,2020-02,1m,,0.9544202898550724,0.04669349328069243,27600.0,26342.0
HUF,2020-02,1m,0.0,1.0,0.02,,
HUF,2020-02,1m,1.0,1.0,0.020833333333333332,,
HUF,2020-02,1m,2.0,1.0,0.028333333333333332,,
HUF,2020-02,1m,3.0,1.0,0.024166666666666666,,
HUF,2020-02,1m,4.0,1.0,0.0175,,
HUF,2020-02,1m,5.0,1.0,0.0175,,
HUF,2020-02,1m,6.0,1.0,0.010833333333333334,,
HUF,2020-02,1m,7.0,1.0,0.025,,
HUF,2020-02,1m,8.0,1.0,0.03333333333333333,,
HUF,2020-02,1m,9.0,1.0,0.03833333333333333,,
HUF,2020-02,1m,10.0,1.0,0.04416666666666667,,
HUF,2020-02,1m,11.0,0.9975,0.04093567251461988,,
HUF,2020-02,1m,12.0,0.7925,0.0935856992639327,,
HUF,2020-02,1m,13.0,0.7858333333333334,0.11240721102863202,,
HUF,2020-02,1m,14.0,0.7983333333333333,0.06680584551148225,,
HUF,2020-02,1m,15.0,0.7983333333333333,0.08455114822546973,,
HUF,2020-02,1m,16.0,0.7983333333333333,0.059498956158663886,,
HUF,2020-02,1m,18.0,0.9908333333333333,0.1328847771236333,,
HUF,2020-02,1m,19.0,0.9916666666666667,0.10084033613445378,,
HUF,2020-02,1m,20.0,0.9983333333333333,0.0667779632721202,,
HUF,2020-02,1m,21.0,1.0,0.025,,
HUF,2020-02,1m,22.0,1.0,0.02,,
HUF,2020-02,1m,23.0,1.0,0.0175,,
HUF,2020-02,15m,,0.9586956521739131,0.016439909297052153,1840.0,1764.0
HUF,2020-02,15m,0.0,1.0,0.0,,
HUF,2020-02,15m,1.0,1.0,0.025,,
HUF,2020-02,15m,2.0,1.0,0.0125,,
HUF,2020-02,15m,3.0,1.0,0.0,,
HUF,2020-02,15m,4.0,1.0,0.0,,
HUF,2020-02,15m,5.0,1.0,0.0,,
HUF,2020-02,15m,6.0,1.0,0.0,,
HUF,2020-02,15m,7.0,1.0,0.0,,
HUF,2020-02,15m,8.0,1.0,0.0,,
HUF,2020-02,15m,9.0,1.0,0.0125,,
HUF,2020-02,15m,10.0,1.0,0.0,,
HUF,2020-02,15m,11.0,1.0,0.0,,
HUF,2020-02,15m,12.0,0.85,0.04411764705882353,,
HUF,2020-02,15m,13.0,0.8,0.046875,,
HUF,2020-02,15m,14.0,0.8,0.015625,,
HUF,2020-02,15m,15.0,0.8,0.03125,,
HUF,2020-02,15m,16.0,0.8,0.046875,,
HUF,2020-02,15m,18.0,1.0,0.0375,,
HUF,2020-02,15m,19.0,1.0,0.0375,,
HUF,2020-02,15m,20.0,1.0,0.0125,,
HUF,2020-02,15m,21.0,1.0,0.0,,
HUF,2020-02,15m,22.0,1.0,0.0125,,
HUF,2020-02,15m,23.0,1.0,0.0125,,
HUF,2020-02,1h,,0.9652173913043478,0.0045045045045045045,460.0,444.0
HUF,2020-02,1h,0.0,1.0,0.0,,
HUF,2020-02,1h,1.0,1.0,0.0,,
HUF,2020-02,1h,2.0,1.0,0.0,,
HUF,2020-02,1h,3.0,1.0,0.0,,
HUF,2020-02,1h,4.0,1.0,0.0,,
HUF,2020-02,1h,5.0,1.0,0.0,,
HUF,2020-02,1h,6.0,1.0,0.0,,
HUF,2020-02,1h,7.0,1.0,0.0,,
HUF,2020-02,1h,8.0,1.0,0.0,,
HUF,2020-02,1h,9.0,1.0,0.0,,
HUF,2020-02,1h,10.0,1.0,0.0,,
HUF,2020-02,1h,11.0,1.0,0.0,,
HUF,2020-02,1h,12.0,1.0,0.0,,
HUF,2020-02,1h,13.0,0.8,0.0,,
HUF,2020-02,1h,14.0,0.8,0.0,,
HUF,2020-02,1h,15.0,0.8,0.0,,
HUF,2020-02,1h,16.0,0.8,0.0,,
HUF,2020-02,1h,18.0,1.0,0.0,,
HUF,2020-02,1h,19.0,1.0,0.0,,
HUF,2020-02,1h,20.0,1.0,0.0,,
HUF,2020-02,1h,21.0,1.0,0.0,,
HUF,2020-02,1h,22.0,1.0,0.0,,
HUF,2020-02,1h,23.0,1.0,0.0,,
HUF,2020-08,1m,,0.3186144806020412,0.035806729939603106,29101.0,9272.0
HUF,2020-08,1m,0.0,0.3333333333333333,0.016666666666666666,,
HUF,2020-08,1m,1.0,0.3333333333333333,0.030952380952380953,,
HUF,2020-08,1m,2.0,0.3333333333333333,0.011904761904761904,,
HUF,2020-08,1m,3.0,0.3333333333333333,0.03571428571428571,,
HUF,2020-08,1m,4.0,0.3333333333333333,0.009523809523809525,,
HUF,2020-08,1m,5.0,0.3333333333333333,0.02142857142857143,,
HUF,2020-08,1m,6.0,0.3333333333333333,0.002380952380952381,,
HUF,2020-08,1m,7.0,0.3333333333333333,0.02619047619047619,,
HUF,2020-08,1m,8.0,0.3333333333333333,0.014285714285714285,,
HUF,2020-08,1m,9.0,0.3333333333333333,0.02142857142857143,,
HUF,2020-08,1m,10.0,0.3333333333333333,0.02619047619047619,,
HUF,2020-08,1m,11.0,0.3333333333333333,0.014285714285714285,,
HUF,2020-08,1m,12.0,0.33174603174603173,0.0215311004784689,,
HUF,2020-08,1m,13.0,0.21825396825396826,0.08,,
HUF,2020-08,1m,14.0,0.2373015873015873,0.046822742474916385,,
HUF,2020-08,1m,15.0,0.23809523809523808,0.1,,
HUF,2020-08,1m,16.0,0.23809523809523808,0.04666666666666667,,
HUF,2020-08,1m,18.0,0.36363636363636365,0.05416666666666667,,
HUF,2020-08,1m,19.0,0.36363636363636365,0.07291666666666667,,
HUF,2020-08,1m,20.0,0.3330689928628073,0.0761904761904762,,
HUF,2020-08,1m,21.0,0.3333333333333333,0.09523809523809523,,
HUF,2020-08,1m,22.0,0.3333333333333333,0.011904761904761904,,
HUF,2020-08,1m,23.0,0.3333333333333333,0.01904761904761905,,
HUF,2020-08,15m,,0.321483771251932,0.00641025641025641,1941.0,624.0
HUF,2020-08,15m,0.0,0.3333333333333333,0.0,,
HUF,2020-08,15m,1.0,0.3333333333333333,0.0,,
HUF,2020-08,15m,2.0,0.3333333333333333,0.0,,
HUF,2020-08,15m,3.0,0.3333333333333333,0.0,,
HUF,2020-08,15m,4.0,0.3333333333333333,0.0,,
HUF,2020-08,15m,5.0,0.3333333333333333,0.0,,
HUF,2020-08,15m,6.0,0.3333333333333333,0.0,,
HUF,2020-08,15m,7.0,0.3333333333333333,0.0,,
HUF,2020-08,15m,8.0,0.3333333333333333,0.0,,
HUF,2020-08,15m,9.0,0.3333333333333333,0.0,,
HUF,2020-08,15m,10.0,0.3333333333333333,0.0,,
HUF,2020-08,15m,11.0,0.3333333333333333,0.0,,
HUF,2020-08,15m,12.0,0.3333333333333333,0.0,,
HUF,2020-08,15m,13.0,0.2619047619047619,0.0,,
HUF,2020-08,15m,14.0,0.23809523809523808,0.0,,
HUF,2020-08,15m,15.0,0.23809523809523808,0.0,,
HUF,2020-08,15m,16.0,0.23809523809523808,0.0,,
HUF,2020-08,15m,18.0,0.36363636363636365,0.03125,,
HUF,2020-08,15m,19.0,0.36363636363636365,0.0,,
HUF,2020-08,15m,20.0,0.35294117647058826,0.03333333333333333,,
HUF,2020-08,15m,21.0,0.3333333333333333,0.03571428571428571,,
HUF,2020-08,15m,22.0,0.3333333333333333,0.0,,
HUF,2020-08,15m,23.0,0.3333333333333333,0.0,,
HUF,2020-08,1h,,0.3271604938271605,0.0,486.0,159.0
HUF,2020-08,1h,0.0,0.3333333333333333,0.0,,
HUF,2020-08,1h,1.0,0.3333333333333333,0.0,,
HUF,2020-08,1h,2.0,0.3333333333333333,0.0,,
HUF,2020-08,1h,3.0,0.3333333333333333,0.0,,
HUF,2020-08,1h,4.0,0.3333333333333333,0.0,,
HUF,2020-08,1h,5.0,0.3333333333333333,0.0,,
HUF,2020-08,1h,6.0,0.3333333333333333,0.0,,
HUF,2020-08,1h,7.0,0.3333333333333333,0.0,,
HUF,2020-08,1h,8.0,0.3333333333333333,0.0,,
HUF,2020-08,1h,9.0,0.3333333333333333,0.0,,
HUF,2020-08,1h,10.0,0.3333333333333333,0.0,,
HUF,2020-08,1h,11.0,0.3333333333333333,0.0,,
HUF,2020-08,1h,12.0,0.3333333333333333,0.0,,
HUF,2020-08,1h,13.0,0.3333333333333333,0.0,,
HUF,2020-08,1h,14.0,0.23809523809523808,0.0,,
HUF,2020-08,1h,15.0,0.23809523809523808,0.0,,
HUF,2020-08,1h,16.0,0.23809523809523808,0.0,,
HUF,2020-08,1h,18.0,0.36363636363636365,0.0,,
HUF,2020-08,1h,19.0,0.36363636363636365,0.0,,
HUF,2020-08,1h,20.0,0.4090909090909091,0.1111111111111111,,
HUF,2020-08,1h,21.0,0.3333333333333333,0.0,,
HUF,2020-08,1h,22.0,0.3333333333333333,0.0,,
HUF,2020-08,1h,23.0,0.3333333333333333,0.0,,
HUF,2025-02,1m,,0.9964492753623189,3.6360991927859794e-05,27600.0,27502.0
HUF,2025-02,1m,0.0,0.9983333333333333,0.0,,
HUF,2025-02,1m,1.0,0.9983333333333333,0.0,,
HUF,2025-02,1m,2.0,0.9983333333333333,0.0,,
HUF,2025-02,1m,3.0,0.9975,0.0,,
HUF,2025-02,1m,4.0,0.9991666666666666,0.0,,
HUF,2025-02,1m,5.0,0.9983333333333333,0.0,,
HUF,2025-02,1m,6.0,1.0,0.0,,
HUF,2025-02,1m,7.0,0.9991666666666666,0.0,,
HUF,2025-02,1m,8.0,0.9958333333333333,0.0,,
HUF,2025-02,1m,9.0,0.9941666666666666,0.0,,
HUF,2025-02,1m,10.0,0.9933333333333333,0.0,,
HUF,2025-02,1m,11.0,0.9933333333333333,0.0,,
HUF,2025-02,1m,12.0,0.9866666666666667,0.0,,
HUF,2025-02,1m,13.0,0.9883333333333333,0.0,,
HUF,2025-02,1m,14.0,0.995,0.0,,
HUF,2025-02,1m,15.0,0.995,0.0,,
HUF,2025-02,1m,16.0,0.9941666666666666,0.0,,
HUF,2025-02,1m,18.0,0.9991666666666666,0.0,,
HUF,2025-02,1m,19.0,0.9966666666666667,0.0,,
HUF,2025-02,1m,20.0,1.0,0.0008333333333333334,,
HUF,2025-02,1m,21.0,0.9983333333333333,0.0,,
HUF,2025-02,1m,22.0,1.0,0.0,,
HUF,2025-02,1m,23.0,0.9991666666666666,0.0,,
HUF,2025-02,15m,,1.0,0.0,1840.0,1840.0
HUF,2025-02,15m,0.0,1.0,0.0,,
HUF,2025-02,15m,1.0,1.0,0.0,,
HUF,2025-02,15m,2.0,1.0,0.0,,
HUF,2025-02,15m,3.0,1.0,0.0,,
HUF,2025-02,15m,4.0,1.0,0.0,,
HUF,2025-02,15m,5.0,1.0,0.0,,
HUF,2025-02,15m,6.0,1.0,0.0,,
HUF,2025-02,15m,7.0,1.0,0.0,,
HUF,2025-02,15m,8.0,1.0,0.0,,
HUF,2025-02,15m,9.0,1.0,0.0,,
HUF,2025-02,15m,10.0,1.0,0.0,,
HUF,2025-02,15m,11.0,1.0,0.0,,
HUF,2025-02,15m,12.0,1.0,0.0,,
HUF,2025-02,15m,13.0,1.0,0.0,,
HUF,2025-02,15m,14.0,1.0,0.0,,
HUF,2025-02,15m,15.0,1.0,0.0,,
HUF,2025-02,15m,16.0,1.0,0.0,,
HUF,2025-02,15m,18.0,1.0,0.0,,
HUF,2025-02,15m,19.0,1.0,0.0,,
HUF,2025-02,15m,20.0,1.0,0.0,,
HUF,2025-02,15m,21.0,1.0,0.0,,
HUF,2025-02,15m,22.0,1.0,0.0,,
HUF,2025-02,15m,23.0,1.0,0.0,,
HUF,2025-02,1h,,1.0,0.0,460.0,460.0
HUF,2025-02,1h,0.0,1.0,0.0,,
HUF,2025-02,1h,1.0,1.0,0.0,,
HUF,2025-02,1h,2.0,1.0,0.0,,
HUF,2025-02,1h,3.0,1.0,0.0,,
HUF,2025-02,1h,4.0,1.0,0.0,,
HUF,2025-02,1h,5.0,1.0,0.0,,
HUF,2025-02,1h,6.0,1.0,0.0,,
HUF,2025-02,1h,7.0,1.0,0.0,,
HUF,2025-02,1h,8.0,1.0,0.0,,
HUF,2025-02,1h,9.0,1.0,0.0,,
HUF,2025-02,1h,10.0,1.0,0.0,,
HUF,2025-02,1h,11.0,1.0,0.0,,
HUF,2025-02,1h,12.0,1.0,0.0,,
HUF,2025-02,1h,13.0,1.0,0.0,,
HUF,2025-02,1h,14.0,1.0,0.0,,
HUF,2025-02,1h,15.0,1.0,0.0,,
HUF,2025-02,1h,16.0,1.0,0.0,,
HUF,2025-02,1h,18.0,1.0,0.0,,
HUF,2025-02,1h,19.0,1.0,0.0,,
HUF,2025-02,1h,20.0,1.0,0.0,,
HUF,2025-02,1h,21.0,1.0,0.0,,
HUF,2025-02,1h,22.0,1.0,0.0,,
HUF,2025-02,1h,23.0,1.0,0.0,,
HUF,2025-08,1m,,0.99824016563147,3.456738912509938e-05,28980.0,28929.0
HUF,2025-08,1m,0.0,1.0,0.0,,
HUF,2025-08,1m,1.0,0.9984126984126984,0.0,,
HUF,2025-08,1m,2.0,0.9968253968253968,0.0,,
HUF,2025-08,1m,3.0,0.9976190476190476,0.0,,
HUF,2025-08,1m,4.0,0.9984126984126984,0.0,,
HUF,2025-08,1m,5.0,0.9992063492063492,0.0,,
HUF,2025-08,1m,6.0,0.9992063492063492,0.0,,
HUF,2025-08,1m,7.0,0.9976190476190476,0.0,,
HUF,2025-08,1m,8.0,0.9992063492063492,0.0,,
HUF,2025-08,1m,9.0,0.9992063492063492,0.0,,
HUF,2025-08,1m,10.0,0.996031746031746,0.0,,
HUF,2025-08,1m,11.0,0.9984126984126984,0.0,,
HUF,2025-08,1m,12.0,0.9992063492063492,0.0,,
HUF,2025-08,1m,13.0,1.0,0.0,,
HUF,2025-08,1m,14.0,0.9968253968253968,0.0,,
HUF,2025-08,1m,15.0,0.9976190476190476,0.0,,
HUF,2025-08,1m,16.0,0.9984126984126984,0.0,,
HUF,2025-08,1m,18.0,0.9944444444444445,0.0007980845969672786,,
HUF,2025-08,1m,19.0,0.9952380952380953,0.0,,
HUF,2025-08,1m,20.0,0.9992063492063492,0.0,,
HUF,2025-08,1m,21.0,0.9992063492063492,0.0,,
HUF,2025-08,1m,22.0,0.9992063492063492,0.0,,
HUF,2025-08,1m,23.0,1.0,0.0,,
HUF,2025-08,15m,,1.0,0.0,1932.0,1932.0
HUF,2025-08,15m,0.0,1.0,0.0,,
HUF,2025-08,15m,1.0,1.0,0.0,,
HUF,2025-08,15m,2.0,1.0,0.0,,
HUF,2025-08,15m,3.0,1.0,0.0,,
HUF,2025-08,15m,4.0,1.0,0.0,,
HUF,2025-08,15m,5.0,1.0,0.0,,
HUF,2025-08,15m,6.0,1.0,0.0,,
HUF,2025-08,15m,7.0,1.0,0.0,,
HUF,2025-08,15m,8.0,1.0,0.0,,
HUF,2025-08,15m,9.0,1.0,0.0,,
HUF,2025-08,15m,10.0,1.0,0.0,,
HUF,2025-08,15m,11.0,1.0,0.0,,
HUF,2025-08,15m,12.0,1.0,0.0,,
HUF,2025-08,15m,13.0,1.0,0.0,,
HUF,2025-08,15m,14.0,1.0,0.0,,
HUF,2025-08,15m,15.0,1.0,0.0,,
HUF,2025-08,15m,16.0,1.0,0.0,,
HUF,2025-08,15m,18.0,1.0,0.0,,
HUF,2025-08,15m,19.0,1.0,0.0,,
HUF,2025-08,15m,20.0,1.0,0.0,,
HUF,2025-08,15m,21.0,1.0,0.0,,
HUF,2025-08,15m,22.0,1.0,0.0,,
HUF,2025-08,15m,23.0,1.0,0.0,,
HUF,2025-08,1h,,1.0,0.0,483.0,483.0
HUF,2025-08,1h,0.0,1.0,0.0,,
HUF,2025-08,1h,1.0,1.0,0.0,,
HUF,2025-08,1h,2.0,1.0,0.0,,
HUF,2025-08,1h,3.0,1.0,0.0,,
HUF,2025-08,1h,4.0,1.0,0.0,,
HUF,2025-08,1h,5.0,1.0,0.0,,
HUF,2025-08,1h,6.0,1.0,0.0,,
HUF,2025-08,1h,7.0,1.0,0.0,,
HUF,2025-08,1h,8.0,1.0,0.0,,
HUF,2025-08,1h,9.0,1.0,0.0,,
HUF,2025-08,1h,10.0,1.0,0.0,,
HUF,2025-08,1h,11.0,1.0,0.0,,
HUF,2025-08,1h,12.0,1.0,0.0,,
HUF,2025-08,1h,13.0,1.0,0.0,,
HUF,2025-08,1h,14.0,1.0,0.0,,
HUF,2025-08,1h,15.0,1.0,0.0,,
HUF,2025-08,1h,16.0,1.0,0.0,,
HUF,2025-08,1h,18.0,1.0,0.0,,
HUF,2025-08,1h,19.0,1.0,0.0,,
HUF,2025-08,1h,20.0,1.0,0.0,,
HUF,2025-08,1h,21.0,1.0,0.0,,
HUF,2025-08,1h,22.0,1.0,0.0,,
HUF,2025-08,1h,23.0,1.0,0.0,,
CZK,2009-11,1m,,0.9515168210461072,0.04501863713675678,29041.0,27633.0
CZK,2009-11,1m,0.0,1.0,0.046031746031746035,,
CZK,2009-11,1m,1.0,1.0,0.03650793650793651,,
CZK,2009-11,1m,2.0,1.0,0.031746031746031744,,
CZK,2009-11,1m,3.0,1.0,0.030952380952380953,,
CZK,2009-11,1m,4.0,1.0,0.02857142857142857,,
CZK,2009-11,1m,5.0,1.0,0.024603174603174603,,
CZK,2009-11,1m,6.0,1.0,0.02857142857142857,,
CZK,2009-11,1m,7.0,0.9992063492063492,0.03415409054805401,,
CZK,2009-11,1m,8.0,0.9873015873015873,0.04180064308681672,,
CZK,2009-11,1m,9.0,0.9920634920634921,0.0488,,
CZK,2009-11,1m,10.0,0.9928571428571429,0.06554756195043965,,
CZK,2009-11,1m,11.0,0.969047619047619,0.09746109746109746,,
CZK,2009-11,1m,12.0,0.746031746031746,0.1276595744680851,,
CZK,2009-11,1m,13.0,0.7928571428571428,0.06006006006006006,,
CZK,2009-11,1m,14.0,0.8087301587301587,0.0323846908734053,,
CZK,2009-11,1m,15.0,0.8031746031746032,0.042490118577075096,,
CZK,2009-11,1m,16.0,0.8047619047619048,0.046351084812623275,,
CZK,2009-11,1m,18.0,0.9931818181818182,0.04576659038901602,,
CZK,2009-11,1m,19.0,0.9936558287073751,0.041500399042298484,,
CZK,2009-11,1m,20.0,1.0,0.04206349206349207,,
CZK,2009-11,1m,21.0,1.0,0.023015873015873017,,
CZK,2009-11,1m,22.0,1.0,0.027777777777777776,,
CZK,2009-11,1m,23.0,1.0,0.04047619047619048,,
CZK,2009-11,15m,,0.9607640681466185,0.015583019881783988,1937.0,1861.0
CZK,2009-11,15m,0.0,1.0,0.011904761904761904,,
CZK,2009-11,15m,1.0,1.0,0.0,,
CZK,2009-11,15m,2.0,1.0,0.023809523809523808,,
CZK,2009-11,15m,3.0,1.0,0.011904761904761904,,
CZK,2009-11,15m,4.0,1.0,0.0,,
CZK,2009-11,15m,5.0,1.0,0.011904761904761904,,
CZK,2009-11,15m,6.0,1.0,0.0,,
CZK,2009-11,15m,7.0,1.0,0.011904761904761904,,
CZK,2009-11,15m,8.0,1.0,0.023809523809523808,,
CZK,2009-11,15m,9.0,1.0,0.011904761904761904,,
CZK,2009-11,15m,10.0,1.0,0.011904761904761904,,
CZK,2009-11,15m,11.0,1.0,0.011904761904761904,,
CZK,2009-11,15m,12.0,0.8571428571428571,0.027777777777777776,,
CZK,2009-11,15m,13.0,0.8095238095238095,0.0,,
CZK,2009-11,15m,14.0,0.8095238095238095,0.014705882352941176,,
CZK,2009-11,15m,15.0,0.8095238095238095,0.0,,
CZK,2009-11,15m,16.0,0.8095238095238095,0.014705882352941176,,
CZK,2009-11,15m,18.0,1.0,0.011363636363636364,,
CZK,2009-11,15m,19.0,1.0,0.023529411764705882,,
CZK,2009-11,15m,20.0,1.0,0.023809523809523808,,
CZK,2009-11,15m,21.0,1.0,0.0,,
CZK,2009-11,15m,22.0,1.0,0.011904761904761904,,
CZK,2009-11,15m,23.0,1.0,0.011904761904761904,,
CZK,2009-11,1h,,0.9670103092783505,0.006396588486140725,485.0,469.0
CZK,2009-11,1h,0.0,1.0,0.0,,
CZK,2009-11,1h,1.0,1.0,0.0,,
CZK,2009-11,1h,2.0,1.0,0.0,,
CZK,2009-11,1h,3.0,1.0,0.0,,
CZK,2009-11,1h,4.0,1.0,0.0,,
CZK,2009-11,1h,5.0,1.0,0.0,,
CZK,2009-11,1h,6.0,1.0,0.0,,
CZK,2009-11,1h,7.0,1.0,0.0,,
CZK,2009-11,1h,8.0,1.0,0.0,,
CZK,2009-11,1h,9.0,1.0,0.0,,
CZK,2009-11,1h,10.0,1.0,0.0,,
CZK,2009-11,1h,11.0,1.0,0.0,,
CZK,2009-11,1h,12.0,1.0,0.0,,
CZK,2009-11,1h,13.0,0.8095238095238095,0.0,,
CZK,2009-11,1h,14.0,0.8095238095238095,0.0,,
CZK,2009-11,1h,15.0,0.8095238095238095,0.0,,
CZK,2009-11,1h,16.0,0.8095238095238095,0.0,,
CZK,2009-11,1h,18.0,1.0,0.0,,
CZK,2009-11,1h,19.0,1.0,0.0,,
CZK,2009-11,1h,20.0,1.0,0.0,,
CZK,2009-11,1h,21.0,1.0,0.0,,
CZK,2009-11,1h,22.0,1.0,0.0,,
CZK,2009-11,1h,23.0,1.0,0.0,,
CZK,2010-02,1m,,0.9480434782608695,0.04119850187265917,27600.0,26166.0
CZK,2010-02,1m,0.0,1.0,0.0225,,
CZK,2010-02,1m,1.0,1.0,0.020833333333333332,,
CZK,2010-02,1m,2.0,1.0,0.025,,
CZK,2010-02,1m,3.0,1.0,0.0175,,
CZK,2010-02,1m,4.0,1.0,0.005833333333333334,,
CZK,2010-02,1m,5.0,1.0,0.0125,,
CZK,2010-02,1m,6.0,1.0,0.014166666666666666,,
CZK,2010-02,1m,7.0,1.0,0.03166666666666667,,
CZK,2010-02,1m,8.0,0.9958333333333333,0.032635983263598324,,
CZK,2010-02,1m,9.0,0.9858333333333333,0.030431107354184278,,
CZK,2010-02,1m,10.0,0.9825,0.05937234944868533,,
CZK,2010-02,1m,11.0,0.9725,0.09511568123393316,,
CZK,2010-02,1m,12.0,0.7466666666666667,0.12388392857142858,,
CZK,2010-02,1m,13.0,0.7691666666666667,0.09100758396533044,,
CZK,2010-02,1m,14.0,0.7958333333333333,0.05235602094240838,,
CZK,2010-02,1m,15.0,0.7975,0.05642633228840126,,
CZK,2010-02,1m,16.0,0.795,0.0660377358490566,,
CZK,2010-02,1m,18.0,0.9783333333333334,0.06643952299829642,,
CZK,2010-02,1m,19.0,0.9866666666666667,0.06418918918918919,,
CZK,2010-02,1m,20.0,0.9991666666666666,0.0408673894912427,,
CZK,2010-02,1m,21.0,1.0,0.019166666666666665,,
CZK,2010-02,1m,22.0,1.0,0.018333333333333333,,
CZK,2010-02,1m,23.0,1.0,0.015833333333333335,,
CZK,2010-02,15m,,0.9586956521739131,0.015873015873015872,1840.0,1764.0
CZK,2010-02,15m,0.0,1.0,0.0125,,
CZK,2010-02,15m,1.0,1.0,0.0,,
CZK,2010-02,15m,2.0,1.0,0.0125,,
CZK,2010-02,15m,3.0,1.0,0.0,,
CZK,2010-02,15m,4.0,1.0,0.025,,
CZK,2010-02,15m,5.0,1.0,0.0,,
CZK,2010-02,15m,6.0,1.0,0.0,,
CZK,2010-02,15m,7.0,1.0,0.0,,
CZK,2010-02,15m,8.0,1.0,0.025,,
CZK,2010-02,15m,9.0,1.0,0.0,,
CZK,2010-02,15m,10.0,1.0,0.025,,
CZK,2010-02,15m,11.0,1.0,0.0,,
CZK,2010-02,15m,12.0,0.85,0.029411764705882353,,
CZK,2010-02,15m,13.0,0.8,0.03125,,
CZK,2010-02,15m,14.0,0.8,0.03125,,
CZK,2010-02,15m,15.0,0.8,0.015625,,
CZK,2010-02,15m,16.0,0.8,0.03125,,
CZK,2010-02,15m,18.0,1.0,0.0375,,
CZK,2010-02,15m,19.0,1.0,0.0125,,
CZK,2010-02,15m,20.0,1.0,0.0,,
CZK,2010-02,15m,21.0,1.0,0.0125,,
CZK,2010-02,15m,22.0,1.0,0.0125,,
CZK,2010-02,15m,23.0,1.0,0.0125,,
CZK,2010-02,1h,,0.9652173913043478,0.006756756756756757,460.0,444.0
CZK,2010-02,1h,0.0,1.0,0.0,,
CZK,2010-02,1h,1.0,1.0,0.0,,
CZK,2010-02,1h,2.0,1.0,0.0,,
CZK,2010-02,1h,3.0,1.0,0.0,,
CZK,2010-02,1h,4.0,1.0,0.0,,
CZK,2010-02,1h,5.0,1.0,0.0,,
CZK,2010-02,1h,6.0,1.0,0.0,,
CZK,2010-02,1h,7.0,1.0,0.0,,
CZK,2010-02,1h,8.0,1.0,0.0,,
CZK,2010-02,1h,9.0,1.0,0.0,,
CZK,2010-02,1h,10.0,1.0,0.0,,
CZK,2010-02,1h,11.0,1.0,0.0,,
CZK,2010-02,1h,12.0,1.0,0.0,,
CZK,2010-02,1h,13.0,0.8,0.0,,
CZK,2010-02,1h,14.0,0.8,0.0,,
CZK,2010-02,1h,15.0,0.8,0.0,,
CZK,2010-02,1h,16.0,0.8,0.0,,
CZK,2010-02,1h,18.0,1.0,0.0,,
CZK,2010-02,1h,19.0,1.0,0.0,,
CZK,2010-02,1h,20.0,1.0,0.0,,
CZK,2010-02,1h,21.0,1.0,0.0,,
CZK,2010-02,1h,22.0,1.0,0.0,,
CZK,2010-02,1h,23.0,1.0,0.0,,
CZK,2010-08,1m,,0.9602703323381779,0.05093952852750256,30481.0,29270.0
CZK,2010-08,1m,0.0,0.9977272727272727,0.02050113895216401,,
CZK,2010-08,1m,1.0,1.0,0.025,,
CZK,2010-08,1m,2.0,1.0,0.03484848484848485,,
CZK,2010-08,1m,3.0,1.0,0.022727272727272728,,
CZK,2010-08,1m,4.0,1.0,0.014393939393939395,,
CZK,2010-08,1m,5.0,1.0,0.016666666666666666,,
CZK,2010-08,1m,6.0,1.0,0.009848484848484848,,
CZK,2010-08,1m,7.0,1.0,0.03409090909090909,,
CZK,2010-08,1m,8.0,0.9992424242424243,0.04397270659590599,,
CZK,2010-08,1m,9.0,0.9992424242424243,0.0576194086429113,,
CZK,2010-08,1m,10.0,0.9977272727272727,0.044798785117691725,,
CZK,2010-08,1m,11.0,0.9984848484848485,0.05842185128983308,,
CZK,2010-08,1m,12.0,0.9833333333333333,0.1325115562403698,,
CZK,2010-08,1m,13.0,0.781060606060606,0.0979631425800194,,
CZK,2010-08,1m,14.0,0.7674242424242425,0.10365251727541955,,
CZK,2010-08,1m,15.0,0.8,0.07196969696969698,,
CZK,2010-08,1m,16.0,0.8151515151515152,0.055762081784386616,,
CZK,2010-08,1m,18.0,0.9826086956521739,0.08775811209439528,,
CZK,2010-08,1m,19.0,0.991304347826087,0.06725146198830409,,
CZK,2010-08,1m,20.0,0.987887963663891,0.08582375478927202,,
CZK,2010-08,1m,21.0,0.9871212121212121,0.05372217958557176,,
CZK,2010-08,1m,22.0,0.9954545454545455,0.02207001522070015,,
CZK,2010-08,1m,23.0,1.0,0.024242424242424242,,
CZK,2010-08,15m,,0.970486965076242,0.022301064368981247,2033.0,1973.0
CZK,2010-08,15m,0.0,1.0,0.0,,
CZK,2010-08,15m,1.0,1.0,0.011363636363636364,,
CZK,2010-08,15m,2.0,1.0,0.0,,
CZK,2010-08,15m,3.0,1.0,0.056818181818181816,,
CZK,2010-08,15m,4.0,1.0,0.0,,
CZK,2010-08,15m,5.0,1.0,0.011363636363636364,,
CZK,2010-08,15m,6.0,1.0,0.0,,
CZK,2010-08,15m,7.0,1.0,0.011363636363636364,,
CZK,2010-08,15m,8.0,1.0,0.0,,
CZK,2010-08,15m,9.0,1.0,0.0,,
CZK,2010-08,15m,10.0,1.0,0.0,,
CZK,2010-08,15m,11.0,1.0,0.03409090909090909,,
CZK,2010-08,15m,12.0,1.0,0.06818181818181818,,
CZK,2010-08,15m,13.0,0.8636363636363636,0.02631578947368421,,
CZK,2010-08,15m,14.0,0.8181818181818182,0.041666666666666664,,
CZK,2010-08,15m,15.0,0.8181818181818182,0.041666666666666664,,
CZK,2010-08,15m,16.0,0.8181818181818182,0.013888888888888888,,
CZK,2010-08,15m,18.0,1.0,0.010869565217391304,,
CZK,2010-08,15m,19.0,1.0,0.043478260869565216,,
CZK,2010-08,15m,20.0,1.0,0.0449438202247191,,
CZK,2010-08,15m,21.0,1.0,0.011363636363636364,,
CZK,2010-08,15m,22.0,1.0,0.0,,
CZK,2010-08,15m,23.0,1.0,0.0,,
CZK,2010-08,1h,,0.9764243614931237,0.004024144869215292,509.0,497.0
CZK,2010-08,1h,0.0,1.0,0.0,,
CZK,2010-08,1h,1.0,1.0,0.0,,
CZK,2010-08,1h,2.0,1.0,0.0,,
CZK,2010-08,1h,3.0,1.0,0.0,,
CZK,2010-08,1h,4.0,1.0,0.0,,
CZK,2010-08,1h,5.0,1.0,0.0,,
CZK,2010-08,1h,6.0,1.0,0.0,,
CZK,2010-08,1h,7.0,1.0,0.0,,
CZK,2010-08,1h,8.0,1.0,0.0,,
CZK,2010-08,1h,9.0,1.0,0.0,,
CZK,2010-08,1h,10.0,1.0,0.0,,
CZK,2010-08,1h,11.0,1.0,0.0,,
CZK,2010-08,1h,12.0,1.0,0.0,,
CZK,2010-08,1h,13.0,1.0,0.0,,
CZK,2010-08,1h,14.0,0.8181818181818182,0.0,,
CZK,2010-08,1h,15.0,0.8181818181818182,0.0,,
CZK,2010-08,1h,16.0,0.8181818181818182,0.0,,
CZK,2010-08,1h,18.0,1.0,0.0,,
CZK,2010-08,1h,19.0,1.0,0.0,,
CZK,2010-08,1h,20.0,1.0,0.0,,
CZK,2010-08,1h,21.0,1.0,0.0,,
CZK,2010-08,1h,22.0,1.0,0.0,,
CZK,2010-08,1h,23.0,1.0,0.0,,
CZK,2015-02,1m,,0.9561594202898551,0.05718075028419856,27600.0,26390.0
CZK,2015-02,1m,0.0,1.0,0.025833333333333333,,
CZK,2015-02,1m,1.0,1.0,0.0225,,
CZK,2015-02,1m,2.0,1.0,0.023333333333333334,,
CZK,2015-02,1m,3.0,1.0,0.016666666666666666,,
CZK,2015-02,1m,4.0,0.9991666666666666,0.022518765638031693,,
CZK,2015-02,1m,5.0,1.0,0.013333333333333334,,
CZK,2015-02,1m,6.0,1.0,0.015,,
CZK,2015-02,1m,7.0,1.0,0.030833333333333334,,
CZK,2015-02,1m,8.0,1.0,0.035,,
CZK,2015-02,1m,9.0,1.0,0.0425,,
CZK,2015-02,1m,10.0,1.0,0.06916666666666667,,
CZK,2015-02,1m,11.0,0.9983333333333333,0.11435726210350584,,
CZK,2015-02,1m,12.0,0.7991666666666667,0.11261730969760167,,
CZK,2015-02,1m,13.0,0.7983333333333333,0.0918580375782881,,
CZK,2015-02,1m,14.0,0.8,0.08645833333333333,,
CZK,2015-02,1m,15.0,0.8,0.09270833333333334,,
CZK,2015-02,1m,16.0,0.8,0.109375,,
CZK,2015-02,1m,18.0,0.9975,0.14703425229741018,,
CZK,2015-02,1m,19.0,0.9991666666666666,0.16180150125104253,,
CZK,2015-02,1m,20.0,1.0,0.06166666666666667,,
CZK,2015-02,1m,21.0,1.0,0.02,,
CZK,2015-02,1m,22.0,1.0,0.013333333333333334,,
CZK,2015-02,1m,23.0,1.0,0.015,,
CZK,2015-02,15m,,0.9586956521739131,0.006802721088435374,1840.0,1764.0
CZK,2015-02,15m,0.0,1.0,0.0125,,
CZK,2015-02,15m,1.0,1.0,0.0,,
CZK,2015-02,15m,2.0,1.0,0.0125,,
CZK,2015-02,15m,3.0,1.0,0.0,,
CZK,2015-02,15m,4.0,1.0,0.0,,
CZK,2015-02,15m,5.0,1.0,0.0,,
CZK,2015-02,15m,6.0,1.0,0.0,,
CZK,2015-02,15m,7.0,1.0,0.0,,
CZK,2015-02,15m,8.0,1.0,0.0,,
CZK,2015-02,15m,9.0,1.0,0.0,,
CZK,2015-02,15m,10.0,1.0,0.0,,
CZK,2015-02,15m,11.0,1.0,0.0125,,
CZK,2015-02,15m,12.0,0.85,0.0,,
CZK,2015-02,15m,13.0,0.8,0.0,,
CZK,2015-02,15m,14.0,0.8,0.015625,,
CZK,2015-02,15m,15.0,0.8,0.03125,,
CZK,2015-02,15m,16.0,0.8,0.0,,
CZK,2015-02,15m,18.0,1.0,0.0125,,
CZK,2015-02,15m,19.0,1.0,0.025,,
CZK,2015-02,15m,20.0,1.0,0.0,,
CZK,2015-02,15m,21.0,1.0,0.0125,,
CZK,2015-02,15m,22.0,1.0,0.0,,
CZK,2015-02,15m,23.0,1.0,0.0,,
CZK,2015-02,1h,,0.9652173913043478,0.0022522522522522522,460.0,444.0
CZK,2015-02,1h,0.0,1.0,0.0,,
CZK,2015-02,1h,1.0,1.0,0.0,,
CZK,2015-02,1h,2.0,1.0,0.0,,
CZK,2015-02,1h,3.0,1.0,0.0,,
CZK,2015-02,1h,4.0,1.0,0.0,,
CZK,2015-02,1h,5.0,1.0,0.0,,
CZK,2015-02,1h,6.0,1.0,0.0,,
CZK,2015-02,1h,7.0,1.0,0.0,,
CZK,2015-02,1h,8.0,1.0,0.0,,
CZK,2015-02,1h,9.0,1.0,0.0,,
CZK,2015-02,1h,10.0,1.0,0.0,,
CZK,2015-02,1h,11.0,1.0,0.0,,
CZK,2015-02,1h,12.0,1.0,0.0,,
CZK,2015-02,1h,13.0,0.8,0.0,,
CZK,2015-02,1h,14.0,0.8,0.0,,
CZK,2015-02,1h,15.0,0.8,0.0,,
CZK,2015-02,1h,16.0,0.8,0.0,,
CZK,2015-02,1h,18.0,1.0,0.0,,
CZK,2015-02,1h,19.0,1.0,0.0,,
CZK,2015-02,1h,20.0,1.0,0.0,,
CZK,2015-02,1h,21.0,1.0,0.0,,
CZK,2015-02,1h,22.0,1.0,0.0,,
CZK,2015-02,1h,23.0,1.0,0.0,,
CZK,2015-08,1m,,0.9645029380433662,0.05896394470571469,29101.0,28068.0
CZK,2015-08,1m,0.0,0.9992063492063492,0.026211278792692614,,
CZK,2015-08,1m,1.0,1.0,0.034126984126984124,,
CZK,2015-08,1m,2.0,1.0,0.030952380952380953,,
CZK,2015-08,1m,3.0,1.0,0.03253968253968254,,
CZK,2015-08,1m,4.0,1.0,0.020634920634920634,,
CZK,2015-08,1m,5.0,1.0,0.03253968253968254,,
CZK,2015-08,1m,6.0,1.0,0.024603174603174603,,
CZK,2015-08,1m,7.0,1.0,0.02619047619047619,,
CZK,2015-08,1m,8.0,1.0,0.02619047619047619,,
CZK,2015-08,1m,9.0,1.0,0.02619047619047619,,
CZK,2015-08,1m,10.0,1.0,0.044444444444444446,,
CZK,2015-08,1m,11.0,1.0,0.04047619047619048,,
CZK,2015-08,1m,12.0,0.996031746031746,0.09163346613545817,,
CZK,2015-08,1m,13.0,0.803968253968254,0.19743336623889438,,
CZK,2015-08,1m,14.0,0.8007936507936508,0.1288404360753221,,
CZK,2015-08,1m,15.0,0.7912698412698412,0.13640922768304914,,
CZK,2015-08,1m,16.0,0.8063492063492064,0.07677165354330709,,
CZK,2015-08,1m,18.0,0.9931818181818182,0.06178489702517163,,
CZK,2015-08,1m,19.0,0.9939393939393939,0.08765243902439024,,
CZK,2015-08,1m,20.0,0.9960348929421095,0.10191082802547771,,
CZK,2015-08,1m,21.0,1.0,0.07063492063492063,,
CZK,2015-08,1m,22.0,1.0,0.051587301587301584,,
CZK,2015-08,1m,23.0,1.0,0.030952380952380953,,
CZK,2015-08,15m,,0.9690880989180835,0.009037745879851143,1941.0,1881.0
CZK,2015-08,15m,0.0,1.0,0.0,,
CZK,2015-08,15m,1.0,1.0,0.0,,
CZK,2015-08,15m,2.0,1.0,0.011904761904761904,,
CZK,2015-08,15m,3.0,1.0,0.011904761904761904,,
CZK,2015-08,15m,4.0,1.0,0.0,,
CZK,2015-08,15m,5.0,1.0,0.011904761904761904,,
CZK,2015-08,15m,6.0,1.0,0.0,,
CZK,2015-08,15m,7.0,1.0,0.0,,
CZK,2015-08,15m,8.0,1.0,0.0,,
CZK,2015-08,15m,9.0,1.0,0.011904761904761904,,
CZK,2015-08,15m,10.0,1.0,0.011904761904761904,,
CZK,2015-08,15m,11.0,1.0,0.023809523809523808,,
CZK,2015-08,15m,12.0,1.0,0.011904761904761904,,
CZK,2015-08,15m,13.0,0.8571428571428571,0.0,,
CZK,2015-08,15m,14.0,0.8095238095238095,0.029411764705882353,,
CZK,2015-08,15m,15.0,0.8095238095238095,0.0,,
CZK,2015-08,15m,16.0,0.8095238095238095,0.029411764705882353,,
CZK,2015-08,15m,18.0,1.0,0.0,,
CZK,2015-08,15m,19.0,1.0,0.0,,
CZK,2015-08,15m,20.0,1.0,0.011764705882352941,,
CZK,2015-08,15m,21.0,1.0,0.0,,
CZK,2015-08,15m,22.0,1.0,0.023809523809523808,,
CZK,2015-08,15m,23.0,1.0,0.0,,
CZK,2015-08,1h,,0.9753086419753086,0.002109704641350211,486.0,474.0
CZK,2015-08,1h,0.0,1.0,0.0,,
CZK,2015-08,1h,1.0,1.0,0.0,,
CZK,2015-08,1h,2.0,1.0,0.0,,
CZK,2015-08,1h,3.0,1.0,0.0,,
CZK,2015-08,1h,4.0,1.0,0.0,,
CZK,2015-08,1h,5.0,1.0,0.0,,
CZK,2015-08,1h,6.0,1.0,0.0,,
CZK,2015-08,1h,7.0,1.0,0.0,,
CZK,2015-08,1h,8.0,1.0,0.0,,
CZK,2015-08,1h,9.0,1.0,0.0,,
CZK,2015-08,1h,10.0,1.0,0.0,,
CZK,2015-08,1h,11.0,1.0,0.0,,
CZK,2015-08,1h,12.0,1.0,0.0,,
CZK,2015-08,1h,13.0,1.0,0.0,,
CZK,2015-08,1h,14.0,0.8095238095238095,0.0,,
CZK,2015-08,1h,15.0,0.8095238095238095,0.0,,
CZK,2015-08,1h,16.0,0.8095238095238095,0.0,,
CZK,2015-08,1h,18.0,1.0,0.0,,
CZK,2015-08,1h,19.0,1.0,0.0,,
CZK,2015-08,1h,20.0,1.0,0.0,,
CZK,2015-08,1h,21.0,1.0,0.0,,
CZK,2015-08,1h,22.0,1.0,0.0,,
CZK,2015-08,1h,23.0,1.0,0.0,,
CZK,2020-02,1m,,0.9561594202898551,0.03937097385373248,27600.0,26390.0
CZK,2020-02,1m,0.0,1.0,0.0225,,
CZK,2020-02,1m,1.0,1.0,0.028333333333333332,,
CZK,2020-02,1m,2.0,1.0,0.023333333333333334,,
CZK,2020-02,1m,3.0,1.0,0.0225,,
CZK,2020-02,1m,4.0,1.0,0.025,,
CZK,2020-02,1m,5.0,1.0,0.018333333333333333,,
CZK,2020-02,1m,6.0,1.0,0.0225,,
CZK,2020-02,1m,7.0,1.0,0.04416666666666667,,
CZK,2020-02,1m,8.0,1.0,0.04083333333333333,,
CZK,2020-02,1m,9.0,1.0,0.030833333333333334,,
CZK,2020-02,1m,10.0,1.0,0.055,,
CZK,2020-02,1m,11.0,0.9975,0.03508771929824561,,
CZK,2020-02,1m,12.0,0.7975,0.07001044932079414,,
CZK,2020-02,1m,13.0,0.7991666666666667,0.07507820646506778,,
CZK,2020-02,1m,14.0,0.8,0.06770833333333333,,
CZK,2020-02,1m,15.0,0.8,0.05,,
CZK,2020-02,1m,16.0,0.7975,0.04179728317659352,,
CZK,2020-02,1m,18.0,1.0,0.07083333333333333,,
CZK,2020-02,1m,19.0,1.0,0.056666666666666664,,
CZK,2020-02,1m,20.0,1.0,0.0475,,
CZK,2020-02,1m,21.0,1.0,0.020833333333333332,,
CZK,2020-02,1m,22.0,1.0,0.02,,
CZK,2020-02,1m,23.0,1.0,0.030833333333333334,,
CZK,2020-02,15m,,0.9586956521739131,0.007369614512471655,1840.0,1764.0
CZK,2020-02,15m,0.0,1.0,0.0125,,
CZK,2020-02,15m,1.0,1.0,0.0,,
CZK,2020-02,15m,2.0,1.0,0.0,,
CZK,2020-02,15m,3.0,1.0,0.0,,
CZK,2020-02,15m,4.0,1.0,0.0,,
CZK,2020-02,15m,5.0,1.0,0.0125,,
CZK,2020-02,15m,6.0,1.0,0.0,,
CZK,2020-02,15m,7.0,1.0,0.0,,
CZK,2020-02,15m,8.0,1.0,0.0,,
CZK,2020-02,15m,9.0,1.0,0.0,,
CZK,2020-02,15m,10.0,1.0,0.025,,
CZK,2020-02,15m,11.0,1.0,0.0,,
CZK,2020-02,15m,12.0,0.85,0.014705882352941176,,
CZK,2020-02,15m,13.0,0.8,0.03125,,
CZK,2020-02,15m,14.0,0.8,0.0,,
CZK,2020-02,15m,15.0,0.8,0.015625,,
CZK,2020-02,15m,16.0,0.8,0.0,,
CZK,2020-02,15m,18.0,1.0,0.025,,
CZK,2020-02,15m,19.0,1.0,0.0125,,
CZK,2020-02,15m,20.0,1.0,0.0,,
CZK,2020-02,15m,21.0,1.0,0.0,,
CZK,2020-02,15m,22.0,1.0,0.0,,
CZK,2020-02,15m,23.0,1.0,0.0,,
CZK,2020-02,1h,,0.9652173913043478,0.0,460.0,444.0
CZK,2020-02,1h,0.0,1.0,0.0,,
CZK,2020-02,1h,1.0,1.0,0.0,,
CZK,2020-02,1h,2.0,1.0,0.0,,
CZK,2020-02,1h,3.0,1.0,0.0,,
CZK,2020-02,1h,4.0,1.0,0.0,,
CZK,2020-02,1h,5.0,1.0,0.0,,
CZK,2020-02,1h,6.0,1.0,0.0,,
CZK,2020-02,1h,7.0,1.0,0.0,,
CZK,2020-02,1h,8.0,1.0,0.0,,
CZK,2020-02,1h,9.0,1.0,0.0,,
CZK,2020-02,1h,10.0,1.0,0.0,,
CZK,2020-02,1h,11.0,1.0,0.0,,
CZK,2020-02,1h,12.0,1.0,0.0,,
CZK,2020-02,1h,13.0,0.8,0.0,,
CZK,2020-02,1h,14.0,0.8,0.0,,
CZK,2020-02,1h,15.0,0.8,0.0,,
CZK,2020-02,1h,16.0,0.8,0.0,,
CZK,2020-02,1h,18.0,1.0,0.0,,
CZK,2020-02,1h,19.0,1.0,0.0,,
CZK,2020-02,1h,20.0,1.0,0.0,,
CZK,2020-02,1h,21.0,1.0,0.0,,
CZK,2020-02,1h,22.0,1.0,0.0,,
CZK,2020-02,1h,23.0,1.0,0.0,,
CZK,2020-08,1m,,0.9627160578674272,0.02984009137635637,29101.0,28016.0
CZK,2020-08,1m,0.0,1.0,0.03492063492063492,,
CZK,2020-08,1m,1.0,1.0,0.027777777777777776,,
CZK,2020-08,1m,2.0,1.0,0.025396825396825397,,
CZK,2020-08,1m,3.0,1.0,0.027777777777777776,,
CZK,2020-08,1m,4.0,1.0,0.031746031746031744,,
CZK,2020-08,1m,5.0,1.0,0.024603174603174603,,
CZK,2020-08,1m,6.0,1.0,0.03888888888888889,,
CZK,2020-08,1m,7.0,1.0,0.023809523809523808,,
CZK,2020-08,1m,8.0,1.0,0.029365079365079365,,
CZK,2020-08,1m,9.0,0.9992063492063492,0.023034154090548053,,
CZK,2020-08,1m,10.0,0.9984126984126984,0.018282988871224166,,
CZK,2020-08,1m,11.0,0.9904761904761905,0.02403846153846154,,
CZK,2020-08,1m,12.0,0.9968253968253968,0.020700636942675158,,
CZK,2020-08,1m,13.0,0.7492063492063492,0.09745762711864407,,
CZK,2020-08,1m,14.0,0.8087301587301587,0.047105004906771344,,
CZK,2020-08,1m,15.0,0.8087301587301587,0.03140333660451423,,
CZK,2020-08,1m,16.0,0.8095238095238095,0.03137254901960784,,
CZK,2020-08,1m,18.0,0.9833333333333333,0.02234206471494607,,
CZK,2020-08,1m,19.0,0.9954545454545455,0.0273972602739726,,
CZK,2020-08,1m,20.0,1.0,0.02775574940523394,,
CZK,2020-08,1m,21.0,1.0,0.025396825396825397,,
CZK,2020-08,1m,22.0,1.0,0.01746031746031746,,
CZK,2020-08,1m,23.0,1.0,0.024603174603174603,,
CZK,2020-08,15m,,0.9690880989180835,0.006911217437533227,1941.0,1881.0
CZK,2020-08,15m,0.0,1.0,0.0,,
CZK,2020-08,15m,1.0,1.0,0.0,,
CZK,2020-08,15m,2.0,1.0,0.0,,
CZK,2020-08,15m,3.0,1.0,0.011904761904761904,,
CZK,2020-08,15m,4.0,1.0,0.011904761904761904,,
CZK,2020-08,15m,5.0,1.0,0.0,,
CZK,2020-08,15m,6.0,1.0,0.023809523809523808,,
CZK,2020-08,15m,7.0,1.0,0.0,,
CZK,2020-08,15m,8.0,1.0,0.0,,
CZK,2020-08,15m,9.0,1.0,0.023809523809523808,,
CZK,2020-08,15m,10.0,1.0,0.0,,
CZK,2020-08,15m,11.0,1.0,0.0,,
CZK,2020-08,15m,12.0,1.0,0.0,,
CZK,2020-08,15m,13.0,0.8571428571428571,0.0,,
CZK,2020-08,15m,14.0,0.8095238095238095,0.029411764705882353,,
CZK,2020-08,15m,15.0,0.8095238095238095,0.0,,
CZK,2020-08,15m,16.0,0.8095238095238095,0.014705882352941176,,
CZK,2020-08,15m,18.0,1.0,0.0,,
CZK,2020-08,15m,19.0,1.0,0.011363636363636364,,
CZK,2020-08,15m,20.0,1.0,0.0,,
CZK,2020-08,15m,21.0,1.0,0.011904761904761904,,
CZK,2020-08,15m,22.0,1.0,0.0,,
CZK,2020-08,15m,23.0,1.0,0.0,,
CZK,2020-08,1h,,0.9753086419753086,0.004219409282700422,486.0,474.0
CZK,2020-08,1h,0.0,1.0,0.0,,
CZK,2020-08,1h,1.0,1.0,0.0,,
CZK,2020-08,1h,2.0,1.0,0.0,,
CZK,2020-08,1h,3.0,1.0,0.0,,
CZK,2020-08,1h,4.0,1.0,0.0,,
CZK,2020-08,1h,5.0,1.0,0.0,,
CZK,2020-08,1h,6.0,1.0,0.0,,
CZK,2020-08,1h,7.0,1.0,0.0,,
CZK,2020-08,1h,8.0,1.0,0.0,,
CZK,2020-08,1h,9.0,1.0,0.0,,
CZK,2020-08,1h,10.0,1.0,0.0,,
CZK,2020-08,1h,11.0,1.0,0.0,,
CZK,2020-08,1h,12.0,1.0,0.0,,
CZK,2020-08,1h,13.0,1.0,0.0,,
CZK,2020-08,1h,14.0,0.8095238095238095,0.0,,
CZK,2020-08,1h,15.0,0.8095238095238095,0.0,,
CZK,2020-08,1h,16.0,0.8095238095238095,0.0,,
CZK,2020-08,1h,18.0,1.0,0.0,,
CZK,2020-08,1h,19.0,1.0,0.0,,
CZK,2020-08,1h,20.0,1.0,0.0,,
CZK,2020-08,1h,21.0,1.0,0.0,,
CZK,2020-08,1h,22.0,1.0,0.0,,
CZK,2020-08,1h,23.0,1.0,0.0,,
CZK,2025-02,1m,,0.9963405797101449,0.0010909487617731554,27600.0,27499.0
CZK,2025-02,1m,0.0,1.0,0.0016666666666666668,,
CZK,2025-02,1m,1.0,0.9975,0.001670843776106934,,
CZK,2025-02,1m,2.0,0.9991666666666666,0.0016680567139282735,,
CZK,2025-02,1m,3.0,0.9966666666666667,0.0008361204013377926,,
CZK,2025-02,1m,4.0,1.0,0.0016666666666666668,,
CZK,2025-02,1m,5.0,0.9991666666666666,0.0025020850708924102,,
CZK,2025-02,1m,6.0,0.9975,0.001670843776106934,,
CZK,2025-02,1m,7.0,0.9983333333333333,0.0008347245409015025,,
CZK,2025-02,1m,8.0,0.9975,0.0,,
CZK,2025-02,1m,9.0,0.9958333333333333,0.0,,
CZK,2025-02,1m,10.0,0.9933333333333333,0.0016778523489932886,,
CZK,2025-02,1m,11.0,0.9933333333333333,0.0008389261744966443,,
CZK,2025-02,1m,12.0,0.9841666666666666,0.000846740050804403,,
CZK,2025-02,1m,13.0,0.9875,0.0008438818565400844,,
CZK,2025-02,1m,14.0,0.9975,0.000835421888053467,,
CZK,2025-02,1m,15.0,0.9933333333333333,0.0,,
CZK,2025-02,1m,16.0,0.9925,0.0025188916876574307,,
CZK,2025-02,1m,18.0,0.9983333333333333,0.0008347245409015025,,
CZK,2025-02,1m,19.0,1.0,0.0008333333333333334,,
CZK,2025-02,1m,20.0,0.9983333333333333,0.001669449081803005,,
CZK,2025-02,1m,21.0,1.0,0.0008333333333333334,,
CZK,2025-02,1m,22.0,0.9991666666666666,0.0,,
CZK,2025-02,1m,23.0,0.9966666666666667,0.0008361204013377926,,
CZK,2025-02,15m,,1.0,0.0,1840.0,1840.0
CZK,2025-02,15m,0.0,1.0,0.0,,
CZK,2025-02,15m,1.0,1.0,0.0,,
CZK,2025-02,15m,2.0,1.0,0.0,,
CZK,2025-02,15m,3.0,1.0,0.0,,
CZK,2025-02,15m,4.0,1.0,0.0,,
CZK,2025-02,15m,5.0,1.0,0.0,,
CZK,2025-02,15m,6.0,1.0,0.0,,
CZK,2025-02,15m,7.0,1.0,0.0,,
CZK,2025-02,15m,8.0,1.0,0.0,,
CZK,2025-02,15m,9.0,1.0,0.0,,
CZK,2025-02,15m,10.0,1.0,0.0,,
CZK,2025-02,15m,11.0,1.0,0.0,,
CZK,2025-02,15m,12.0,1.0,0.0,,
CZK,2025-02,15m,13.0,1.0,0.0,,
CZK,2025-02,15m,14.0,1.0,0.0,,
CZK,2025-02,15m,15.0,1.0,0.0,,
CZK,2025-02,15m,16.0,1.0,0.0,,
CZK,2025-02,15m,18.0,1.0,0.0,,
CZK,2025-02,15m,19.0,1.0,0.0,,
CZK,2025-02,15m,20.0,1.0,0.0,,
CZK,2025-02,15m,21.0,1.0,0.0,,
CZK,2025-02,15m,22.0,1.0,0.0,,
CZK,2025-02,15m,23.0,1.0,0.0,,
CZK,2025-02,1h,,1.0,0.0,460.0,460.0
CZK,2025-02,1h,0.0,1.0,0.0,,
CZK,2025-02,1h,1.0,1.0,0.0,,
CZK,2025-02,1h,2.0,1.0,0.0,,
CZK,2025-02,1h,3.0,1.0,0.0,,
CZK,2025-02,1h,4.0,1.0,0.0,,
CZK,2025-02,1h,5.0,1.0,0.0,,
CZK,2025-02,1h,6.0,1.0,0.0,,
CZK,2025-02,1h,7.0,1.0,0.0,,
CZK,2025-02,1h,8.0,1.0,0.0,,
CZK,2025-02,1h,9.0,1.0,0.0,,
CZK,2025-02,1h,10.0,1.0,0.0,,
CZK,2025-02,1h,11.0,1.0,0.0,,
CZK,2025-02,1h,12.0,1.0,0.0,,
CZK,2025-02,1h,13.0,1.0,0.0,,
CZK,2025-02,1h,14.0,1.0,0.0,,
CZK,2025-02,1h,15.0,1.0,0.0,,
CZK,2025-02,1h,16.0,1.0,0.0,,
CZK,2025-02,1h,18.0,1.0,0.0,,
CZK,2025-02,1h,19.0,1.0,0.0,,
CZK,2025-02,1h,20.0,1.0,0.0,,
CZK,2025-02,1h,21.0,1.0,0.0,,
CZK,2025-02,1h,22.0,1.0,0.0,,
CZK,2025-02,1h,23.0,1.0,0.0,,
CZK,2025-08,1m,,0.998792270531401,0.0007600621869062014,28980.0,28945.0
CZK,2025-08,1m,0.0,1.0,0.0007936507936507937,,
CZK,2025-08,1m,1.0,0.9992063492063492,0.0,,
CZK,2025-08,1m,2.0,0.9992063492063492,0.0015885623510722795,,
CZK,2025-08,1m,3.0,0.9992063492063492,0.0007942811755361397,,
CZK,2025-08,1m,4.0,1.0,0.0,,
CZK,2025-08,1m,5.0,1.0,0.0,,
CZK,2025-08,1m,6.0,1.0,0.0,,
CZK,2025-08,1m,7.0,1.0,0.0007936507936507937,,
CZK,2025-08,1m,8.0,0.9984126984126984,0.000794912559618442,,
CZK,2025-08,1m,9.0,1.0,0.0015873015873015873,,
CZK,2025-08,1m,10.0,0.9936507936507937,0.0007987220447284345,,
CZK,2025-08,1m,11.0,0.9992063492063492,0.0007942811755361397,,
CZK,2025-08,1m,12.0,0.9992063492063492,0.0007942811755361397,,
CZK,2025-08,1m,13.0,0.9984126984126984,0.001589825119236884,,
CZK,2025-08,1m,14.0,1.0,0.0,,
CZK,2025-08,1m,15.0,0.9992063492063492,0.0015885623510722795,,
CZK,2025-08,1m,16.0,0.9992063492063492,0.0007942811755361397,,
CZK,2025-08,1m,18.0,0.9944444444444445,0.0007980845969672786,,
CZK,2025-08,1m,19.0,0.9952380952380953,0.0007974481658692185,,
CZK,2025-08,1m,20.0,0.9984126984126984,0.000794912559618442,,
CZK,2025-08,1m,21.0,0.9992063492063492,0.0007942811755361397,,
CZK,2025-08,1m,22.0,1.0,0.0,,
CZK,2025-08,1m,23.0,1.0,0.0015873015873015873,,
CZK,2025-08,15m,,1.0,0.0005175983436853002,1932.0,1932.0
CZK,2025-08,15m,0.0,1.0,0.0,,
CZK,2025-08,15m,1.0,1.0,0.0,,
CZK,2025-08,15m,2.0,1.0,0.0,,
CZK,2025-08,15m,3.0,1.0,0.0,,
CZK,2025-08,15m,4.0,1.0,0.0,,
CZK,2025-08,15m,5.0,1.0,0.0,,
CZK,2025-08,15m,6.0,1.0,0.0,,
CZK,2025-08,15m,7.0,1.0,0.0,,
CZK,2025-08,15m,8.0,1.0,0.011904761904761904,,
CZK,2025-08,15m,9.0,1.0,0.0,,
CZK,2025-08,15m,10.0,1.0,0.0,,
CZK,2025-08,15m,11.0,1.0,0.0,,
CZK,2025-08,15m,12.0,1.0,0.0,,
CZK,2025-08,15m,13.0,1.0,0.0,,
CZK,2025-08,15m,14.0,1.0,0.0,,
CZK,2025-08,15m,15.0,1.0,0.0,,
CZK,2025-08,15m,16.0,1.0,0.0,,
CZK,2025-08,15m,18.0,1.0,0.0,,
CZK,2025-08,15m,19.0,1.0,0.0,,
CZK,2025-08,15m,20.0,1.0,0.0,,
CZK,2025-08,15m,21.0,1.0,0.0,,
CZK,2025-08,15m,22.0,1.0,0.0,,
CZK,2025-08,15m,23.0,1.0,0.0,,
CZK,2025-08,1h,,1.0,0.002070393374741201,483.0,483.0
CZK,2025-08,1h,0.0,1.0,0.0,,
CZK,2025-08,1h,1.0,1.0,0.0,,
CZK,2025-08,1h,2.0,1.0,0.0,,
CZK,2025-08,1h,3.0,1.0,0.0,,
CZK,2025-08,1h,4.0,1.0,0.0,,
CZK,2025-08,1h,5.0,1.0,0.0,,
CZK,2025-08,1h,6.0,1.0,0.0,,
CZK,2025-08,1h,7.0,1.0,0.0,,
CZK,2025-08,1h,8.0,1.0,0.0,,
CZK,2025-08,1h,9.0,1.0,0.0,,
CZK,2025-08,1h,10.0,1.0,0.0,,
CZK,2025-08,1h,11.0,1.0,0.0,,
CZK,2025-08,1h,12.0,1.0,0.0,,
CZK,2025-08,1h,13.0,1.0,0.0,,
CZK,2025-08,1h,14.0,1.0,0.0,,
CZK,2025-08,1h,15.0,1.0,0.0,,
CZK,2025-08,1h,16.0,1.0,0.0,,
CZK,2025-08,1h,18.0,1.0,0.0,,
CZK,2025-08,1h,19.0,1.0,0.0,,
CZK,2025-08,1h,20.0,1.0,0.0,,
CZK,2025-08,1h,21.0,1.0,0.0,,
CZK,2025-08,1h,22.0,1.0,0.0,,
CZK,2025-08,1h,23.0,1.0,0.0,,
ILS,2009-11,1m,,0.878792052615268,0.47404098585478627,29041.0,25521.0
ILS,2009-11,1m,0.0,0.9904761904761905,0.4375,,
ILS,2009-11,1m,1.0,0.9888888888888889,0.44703049759229535,,
ILS,2009-11,1m,2.0,0.9984126984126984,0.4546899841017488,,
ILS,2009-11,1m,3.0,1.0,0.44047619047619047,,
ILS,2009-11,1m,4.0,0.9571428571428572,0.4593698175787728,,
ILS,2009-11,1m,5.0,0.9595238095238096,0.44830438378825477,,
ILS,2009-11,1m,6.0,0.9531746031746032,0.46544546211490423,,
ILS,2009-11,1m,7.0,0.95,0.4728487886382623,,
ILS,2009-11,1m,8.0,0.9507936507936507,0.48580968280467446,,
ILS,2009-11,1m,9.0,0.9452380952380952,0.4878253568429891,,
ILS,2009-11,1m,10.0,0.9531746031746032,0.4954204829308909,,
ILS,2009-11,1m,11.0,0.9436507936507936,0.5079899074852817,,
ILS,2009-11,1m,12.0,0.7603174603174603,0.48747390396659707,,
ILS,2009-11,1m,13.0,0.7619047619047619,0.490625,,
ILS,2009-11,1m,14.0,0.7611111111111111,0.5015641293013556,,
ILS,2009-11,1m,15.0,0.6571428571428571,0.501207729468599,,
ILS,2009-11,1m,16.0,0.5714285714285714,0.4847222222222222,,
ILS,2009-11,1m,18.0,0.6734848484848485,0.46794150731158607,,
ILS,2009-11,1m,19.0,0.6819984139571769,0.46511627906976744,,
ILS,2009-11,1m,20.0,0.8444444444444444,0.42293233082706766,,
ILS,2009-11,1m,21.0,0.9412698412698413,0.4148397976391231,,
ILS,2009-11,1m,22.0,0.9992063492063492,0.4551231135822081,,
ILS,2009-11,1m,23.0,0.9793650793650793,0.46353322528363045,,
ILS,2009-11,15m,,0.903975219411461,0.34380354083380926,1937.0,1751.0
ILS,2009-11,15m,0.0,1.0,0.20238095238095238,,
ILS,2009-11,15m,1.0,1.0,0.19047619047619047,,
ILS,2009-11,15m,2.0,1.0,0.14285714285714285,,
ILS,2009-11,15m,3.0,1.0,0.2261904761904762,,
ILS,2009-11,15m,4.0,0.9761904761904762,0.17073170731707318,,
ILS,2009-11,15m,5.0,1.0,0.17857142857142858,,
ILS,2009-11,15m,6.0,0.9761904761904762,0.2073170731707317,,
ILS,2009-11,15m,7.0,0.9523809523809523,0.3375,,
ILS,2009-11,15m,8.0,0.9523809523809523,0.4875,,
ILS,2009-11,15m,9.0,0.9523809523809523,0.375,,
ILS,2009-11,15m,10.0,0.9642857142857143,0.2716049382716049,,
ILS,2009-11,15m,11.0,0.9523809523809523,0.375,,
ILS,2009-11,15m,12.0,0.8095238095238095,0.3235294117647059,,
ILS,2009-11,15m,13.0,0.7619047619047619,0.46875,,
ILS,2009-11,15m,14.0,0.7619047619047619,0.328125,,
ILS,2009-11,15m,15.0,0.7142857142857143,0.4,,
ILS,2009-11,15m,16.0,0.5833333333333334,0.3877551020408163,,
ILS,2009-11,15m,18.0,0.7159090909090909,0.38095238095238093,,
ILS,2009-11,15m,19.0,0.7647058823529411,0.27692307692307694,,
ILS,2009-11,15m,20.0,0.9642857142857143,0.08641975308641975,,
ILS,2009-11,15m,21.0,1.0,0.13095238095238096,,
ILS,2009-11,15m,22.0,1.0,0.10714285714285714,,
ILS,2009-11,15m,23.0,1.0,0.09523809523809523,,
ILS,2009-11,1h,,0.934020618556701,0.25165562913907286,485.0,453.0
ILS,2009-11,1h,0.0,1.0,0.0,,
ILS,2009-11,1h,1.0,1.0,0.0,,
ILS,2009-11,1h,2.0,1.0,0.0,,
ILS,2009-11,1h,3.0,1.0,0.0,,
ILS,2009-11,1h,4.0,1.0,0.0,,
ILS,2009-11,1h,5.0,1.0,0.0,,
ILS,2009-11,1h,6.0,1.0,0.0,,
ILS,2009-11,1h,7.0,1.0,0.0,,
ILS,2009-11,1h,8.0,0.9523809523809523,0.0,,
ILS,2009-11,1h,9.0,0.9523809523809523,0.05,,
ILS,2009-11,1h,10.0,0.9523809523809523,0.05,,
ILS,2009-11,1h,11.0,1.0,0.0,,
ILS,2009-11,1h,12.0,0.9523809523809523,0.0,,
ILS,2009-11,1h,13.0,0.7619047619047619,0.0,,
ILS,2009-11,1h,14.0,0.7619047619047619,0.0,,
ILS,2009-11,1h,15.0,0.7619047619047619,0.0,,
ILS,2009-11,1h,16.0,0.7619047619047619,0.0,,
ILS,2009-11,1h,18.0,0.9090909090909091,0.0,,
ILS,2009-11,1h,19.0,0.7272727272727273,0.0625,,
ILS,2009-11,1h,20.0,1.0,0.047619047619047616,,
ILS,2009-11,1h,21.0,1.0,0.09523809523809523,,
ILS,2009-11,1h,22.0,1.0,0.0,,
ILS,2009-11,1h,23.0,1.0,0.0,,
ILS,2010-02,1m,,0.7545289855072463,0.477406962785114,27600.0,20825.0
ILS,2010-02,1m,0.0,0.9166666666666666,0.4672727272727273,,
ILS,2010-02,1m,1.0,0.9475,0.47053649956024624,,
ILS,2010-02,1m,2.0,0.9358333333333333,0.4764024933214604,,
ILS,2010-02,1m,3.0,0.9591666666666666,0.45438748913987836,,
ILS,2010-02,1m,4.0,0.9325,0.4718498659517426,,
ILS,2010-02,1m,5.0,0.8566666666666667,0.44163424124513617,,
ILS,2010-02,1m,6.0,0.8275,0.49345417925478346,,
ILS,2010-02,1m,7.0,0.7991666666666667,0.48279457768508866,,
ILS,2010-02,1m,8.0,0.7866666666666666,0.5052966101694916,,
ILS,2010-02,1m,9.0,0.7116666666666667,0.4519906323185012,,
ILS,2010-02,1m,10.0,0.6241666666666666,0.4739652870493992,,
ILS,2010-02,1m,11.0,0.5975,0.49232914923291493,,
ILS,2010-02,1m,12.0,0.5633333333333334,0.5059171597633136,,
ILS,2010-02,1m,13.0,0.5683333333333334,0.49266862170087977,,
ILS,2010-02,1m,14.0,0.4633333333333333,0.45323741007194246,,
ILS,2010-02,1m,15.0,0.3675,0.47845804988662133,,
ILS,2010-02,1m,16.0,0.30083333333333334,0.48476454293628807,,
ILS,2010-02,1m,18.0,0.51,0.4722222222222222,,
ILS,2010-02,1m,19.0,0.9016666666666666,0.4611829944547135,,
ILS,2010-02,1m,20.0,0.9425,0.4376657824933687,,
ILS,2010-02,1m,21.0,0.9483333333333334,0.4349736379613357,,
ILS,2010-02,1m,22.0,0.9441666666666667,0.47219770520741394,,
ILS,2010-02,1m,23.0,0.9491666666666667,0.47322212467076386,,
ILS,2010-02,15m,,0.779891304347826,0.3533101045296167,1840.0,1435.0
ILS,2010-02,15m,0.0,0.925,0.21621621621621623,,
ILS,2010-02,15m,1.0,0.95,0.25,,
ILS,2010-02,15m,2.0,0.95,0.23684210526315788,,
ILS,2010-02,15m,3.0,0.9625,0.19480519480519481,,
ILS,2010-02,15m,4.0,0.975,0.21794871794871795,,
ILS,2010-02,15m,5.0,0.8875,0.2535211267605634,,
ILS,2010-02,15m,6.0,0.85,0.2647058823529412,,
ILS,2010-02,15m,7.0,0.825,0.4090909090909091,,
ILS,2010-02,15m,8.0,0.8,0.359375,,
ILS,2010-02,15m,9.0,0.75,0.38333333333333336,,
ILS,2010-02,15m,10.0,0.7125,0.21052631578947367,,
ILS,2010-02,15m,11.0,0.6625,0.2830188679245283,,
ILS,2010-02,15m,12.0,0.5875,0.40425531914893614,,
ILS,2010-02,15m,13.0,0.5875,0.425531914893617,,
ILS,2010-02,15m,14.0,0.5125,0.1951219512195122,,
ILS,2010-02,15m,15.0,0.4125,0.45454545454545453,,
ILS,2010-02,15m,16.0,0.3375,0.4074074074074074,,
ILS,2010-02,15m,18.0,0.5375,0.27906976744186046,,
ILS,2010-02,15m,19.0,0.9125,0.3150684931506849,,
ILS,2010-02,15m,20.0,0.95,0.15789473684210525,,
ILS,2010-02,15m,21.0,0.95,0.17105263157894737,,
ILS,2010-02,15m,22.0,0.95,0.21052631578947367,,
ILS,2010-02,15m,23.0,0.95,0.25,,
ILS,2010-02,1h,,0.8391304347826087,0.23575129533678757,460.0,386.0
ILS,2010-02,1h,0.0,0.95,0.0,,
ILS,2010-02,1h,1.0,0.95,0.0,,
ILS,2010-02,1h,2.0,0.95,0.0,,
ILS,2010-02,1h,3.0,0.95,0.0,,
ILS,2010-02,1h,4.0,1.0,0.0,,
ILS,2010-02,1h,5.0,1.0,0.05,,
ILS,2010-02,1h,6.0,0.9,0.05555555555555555,,
ILS,2010-02,1h,7.0,0.85,0.0,,
ILS,2010-02,1h,8.0,0.85,0.11764705882352941,,
ILS,2010-02,1h,9.0,0.8,0.0625,,
ILS,2010-02,1h,10.0,0.8,0.0,,
ILS,2010-02,1h,11.0,0.85,0.0,,
ILS,2010-02,1h,12.0,0.8,0.0,,
ILS,2010-02,1h,13.0,0.65,0.0,,
ILS,2010-02,1h,14.0,0.7,0.0,,
ILS,2010-02,1h,15.0,0.55,0.0,,
ILS,2010-02,1h,16.0,0.5,0.0,,
ILS,2010-02,1h,18.0,0.6,0.0,,
ILS,2010-02,1h,19.0,0.85,0.058823529411764705,,
ILS,2010-02,1h,20.0,0.95,0.0,,
ILS,2010-02,1h,21.0,0.95,0.10526315789473684,,
ILS,2010-02,1h,22.0,0.95,0.05263157894736842,,
ILS,2010-02,1h,23.0,0.95,0.0,,
ILS,2010-08,1m,,0.9496079524949969,0.45265158058386595,30481.0,28945.0
ILS,2010-08,1m,0.0,0.9848484848484849,0.4084615384615385,,
ILS,2010-08,1m,1.0,1.0,0.4348484848484849,,
ILS,2010-08,1m,2.0,1.0,0.4431818181818182,,
ILS,2010-08,1m,3.0,1.0,0.42424242424242425,,
ILS,2010-08,1m,4.0,0.9962121212121212,0.3855513307984791,,
ILS,2010-08,1m,5.0,1.0,0.39090909090909093,,
ILS,2010-08,1m,6.0,0.9977272727272727,0.3933181473044799,,
ILS,2010-08,1m,7.0,1.0,0.42727272727272725,,
ILS,2010-08,1m,8.0,0.9992424242424243,0.4609552691432904,,
ILS,2010-08,1m,9.0,0.9984848484848485,0.4650986342943854,,
ILS,2010-08,1m,10.0,0.9992424242424243,0.4655041698256255,,
ILS,2010-08,1m,11.0,0.9356060606060606,0.4493927125506073,,
ILS,2010-08,1m,12.0,0.8234848484848485,0.48114075436982523,,
ILS,2010-08,1m,13.0,0.8045454545454546,0.5028248587570622,,
ILS,2010-08,1m,14.0,0.7977272727272727,0.47293447293447294,,
ILS,2010-08,1m,15.0,0.8181818181818182,0.49537037037037035,,
ILS,2010-08,1m,16.0,0.8181818181818182,0.5055555555555555,,
ILS,2010-08,1m,18.0,0.9565217391304348,0.49393939393939396,,
ILS,2010-08,1m,19.0,0.9557971014492753,0.5087187263078089,,
ILS,2010-08,1m,20.0,0.9962149886449659,0.46656534954407297,,
ILS,2010-08,1m,21.0,0.9939393939393939,0.4245426829268293,,
ILS,2010-08,1m,22.0,0.9901515151515151,0.4070390206579954,,
ILS,2010-08,1m,23.0,0.9742424242424242,0.3895800933125972,,
ILS,2010-08,15m,,0.955730447614363,0.3118888317035512,2033.0,1943.0
ILS,2010-08,15m,0.0,0.9772727272727273,0.13953488372093023,,
ILS,2010-08,15m,1.0,1.0,0.19318181818181818,,
ILS,2010-08,15m,2.0,1.0,0.20454545454545456,,
ILS,2010-08,15m,3.0,1.0,0.19318181818181818,,
ILS,2010-08,15m,4.0,1.0,0.1590909090909091,,
ILS,2010-08,15m,5.0,1.0,0.17045454545454544,,
ILS,2010-08,15m,6.0,1.0,0.17045454545454544,,
ILS,2010-08,15m,7.0,1.0,0.14772727272727273,,
ILS,2010-08,15m,8.0,1.0,0.23863636363636365,,
ILS,2010-08,15m,9.0,1.0,0.26136363636363635,,
ILS,2010-08,15m,10.0,1.0,0.2840909090909091,,
ILS,2010-08,15m,11.0,0.9772727272727273,0.2558139534883721,,
ILS,2010-08,15m,12.0,0.8409090909090909,0.3108108108108108,,
ILS,2010-08,15m,13.0,0.8181818181818182,0.2638888888888889,,
ILS,2010-08,15m,14.0,0.8181818181818182,0.2916666666666667,,
ILS,2010-08,15m,15.0,0.8181818181818182,0.3333333333333333,,
ILS,2010-08,15m,16.0,0.8181818181818182,0.3194444444444444,,
ILS,2010-08,15m,18.0,0.967391304347826,0.34831460674157305,,
ILS,2010-08,15m,19.0,0.9565217391304348,0.29545454545454547,,
ILS,2010-08,15m,20.0,0.9887640449438202,0.3977272727272727,,
ILS,2010-08,15m,21.0,1.0,0.1590909090909091,,
ILS,2010-08,15m,22.0,1.0,0.1590909090909091,,
ILS,2010-08,15m,23.0,1.0,0.18181818181818182,,
ILS,2010-08,1h,,0.9666011787819253,0.2073170731707317,509.0,492.0
ILS,2010-08,1h,0.0,1.0,0.0,,
ILS,2010-08,1h,1.0,1.0,0.0,,
ILS,2010-08,1h,2.0,1.0,0.0,,
ILS,2010-08,1h,3.0,1.0,0.0,,
ILS,2010-08,1h,4.0,1.0,0.045454545454545456,,
ILS,2010-08,1h,5.0,1.0,0.0,,
ILS,2010-08,1h,6.0,1.0,0.0,,
ILS,2010-08,1h,7.0,1.0,0.0,,
ILS,2010-08,1h,8.0,1.0,0.045454545454545456,,
ILS,2010-08,1h,9.0,1.0,0.045454545454545456,,
ILS,2010-08,1h,10.0,1.0,0.0,,
ILS,2010-08,1h,11.0,1.0,0.045454545454545456,,
ILS,2010-08,1h,12.0,1.0,0.0,,
ILS,2010-08,1h,13.0,0.8636363636363636,0.05263157894736842,,
ILS,2010-08,1h,14.0,0.8181818181818182,0.0,,
ILS,2010-08,1h,15.0,0.8181818181818182,0.0,,
ILS,2010-08,1h,16.0,0.8181818181818182,0.0,,
ILS,2010-08,1h,18.0,0.9565217391304348,0.045454545454545456,,
ILS,2010-08,1h,19.0,1.0,0.0,,
ILS,2010-08,1h,20.0,0.9565217391304348,0.045454545454545456,,
ILS,2010-08,1h,21.0,1.0,0.09090909090909091,,
ILS,2010-08,1h,22.0,1.0,0.09090909090909091,,
ILS,2010-08,1h,23.0,1.0,0.0,,
ILS,2015-02,1m,,0.4557246376811594,0.07990141516934329,27600.0,12578.0
ILS,2015-02,1m,0.0,0.8491666666666666,0.06182531894013739,,
ILS,2015-02,1m,1.0,0.815,0.06134969325153374,,
ILS,2015-02,1m,2.0,0.8225,0.06585612968591692,,
ILS,2015-02,1m,3.0,0.8766666666666667,0.06178707224334601,,
ILS,2015-02,1m,4.0,0.8641666666666666,0.06460945033751206,,
ILS,2015-02,1m,5.0,0.9,0.06296296296296296,,
ILS,2015-02,1m,6.0,0.6308333333333334,0.071334214002642,,
ILS,2015-02,1m,7.0,0.3375,0.07901234567901234,,
ILS,2015-02,1m,8.0,0.23166666666666666,0.10071942446043165,,
ILS,2015-02,1m,9.0,0.26416666666666666,0.08201892744479496,,
ILS,2015-02,1m,10.0,0.125,0.12666666666666668,,
ILS,2015-02,1m,11.0,0.17166666666666666,0.05825242718446602,,
ILS,2015-02,1m,12.0,0.12333333333333334,0.0472972972972973,,
ILS,2015-02,1m,13.0,0.06333333333333334,0.02631578947368421,,
ILS,2015-02,1m,14.0,0.043333333333333335,0.038461538461538464,,
ILS,2015-02,1m,15.0,0.021666666666666667,0.038461538461538464,,
ILS,2015-02,1m,16.0,0.0225,0.037037037037037035,,
ILS,2015-02,1m,18.0,0.023333333333333334,0.2857142857142857,,
ILS,2015-02,1m,19.0,0.0975,0.20512820512820512,,
ILS,2015-02,1m,20.0,0.6083333333333333,0.13972602739726028,,
ILS,2015-02,1m,21.0,0.805,0.09730848861283643,,
ILS,2015-02,1m,22.0,0.9208333333333333,0.08687782805429864,,
ILS,2015-02,1m,23.0,0.8641666666666666,0.07135969141755062,,
ILS,2015-02,15m,,0.7554347826086957,0.07050359712230216,1840.0,1390.0
ILS,2015-02,15m,0.0,1.0,0.025,,
ILS,2015-02,15m,1.0,1.0,0.0,,
ILS,2015-02,15m,2.0,1.0,0.0,,
ILS,2015-02,15m,3.0,1.0,0.0,,
ILS,2015-02,15m,4.0,0.9875,0.0,,
ILS,2015-02,15m,5.0,1.0,0.0,,
ILS,2015-02,15m,6.0,1.0,0.0625,,
ILS,2015-02,15m,7.0,0.9875,0.02531645569620253,,
ILS,2015-02,15m,8.0,0.825,0.15151515151515152,,
ILS,2015-02,15m,9.0,0.875,0.08571428571428572,,
ILS,2015-02,15m,10.0,0.5875,0.14893617021276595,,
ILS,2015-02,15m,11.0,0.7,0.125,,
ILS,2015-02,15m,12.0,0.7875,0.06349206349206349,,
ILS,2015-02,15m,13.0,0.4375,0.02857142857142857,,
ILS,2015-02,15m,14.0,0.375,0.03333333333333333,,
ILS,2015-02,15m,15.0,0.2125,0.17647058823529413,,
ILS,2015-02,15m,16.0,0.1625,0.15384615384615385,,
ILS,2015-02,15m,18.0,0.1125,0.0,,
ILS,2015-02,15m,19.0,0.3625,0.13793103448275862,,
ILS,2015-02,15m,20.0,0.9625,0.07792207792207792,,
ILS,2015-02,15m,21.0,1.0,0.0,,
ILS,2015-02,15m,22.0,1.0,0.0125,,
ILS,2015-02,15m,23.0,1.0,0.0,,
ILS,2015-02,1h,,0.8891304347826087,0.05623471882640587,460.0,409.0
ILS,2015-02,1h,0.0,1.0,0.0,,
ILS,2015-02,1h,1.0,1.0,0.0,,
ILS,2015-02,1h,2.0,1.0,0.0,,
ILS,2015-02,1h,3.0,1.0,0.0,,
ILS,2015-02,1h,4.0,1.0,0.0,,
ILS,2015-02,1h,5.0,1.0,0.0,,
ILS,2015-02,1h,6.0,1.0,0.0,,
ILS,2015-02,1h,7.0,1.0,0.0,,
ILS,2015-02,1h,8.0,1.0,0.0,,
ILS,2015-02,1h,9.0,1.0,0.0,,
ILS,2015-02,1h,10.0,1.0,0.0,,
ILS,2015-02,1h,11.0,0.9,0.0,,
ILS,2015-02,1h,12.0,1.0,0.0,,
ILS,2015-02,1h,13.0,0.8,0.0,,
ILS,2015-02,1h,14.0,0.65,0.0,,
ILS,2015-02,1h,15.0,0.65,0.0,,
ILS,2015-02,1h,16.0,0.4,0.0,,
ILS,2015-02,1h,18.0,0.5,0.0,,
ILS,2015-02,1h,19.0,0.55,0.0,,
ILS,2015-02,1h,20.0,1.0,0.0,,
ILS,2015-02,1h,21.0,1.0,0.0,,
ILS,2015-02,1h,22.0,1.0,0.0,,
ILS,2015-02,1h,23.0,1.0,0.0,,
ILS,2015-08,1m,,0.5562008178413113,0.23643889781292474,29101.0,16186.0
ILS,2015-08,1m,0.0,0.8634920634920635,0.125,,
ILS,2015-08,1m,1.0,0.8412698412698413,0.11509433962264151,,
ILS,2015-08,1m,2.0,0.7603174603174603,0.13569937369519833,,
ILS,2015-08,1m,3.0,0.8055555555555556,0.14482758620689656,,
ILS,2015-08,1m,4.0,0.9047619047619048,0.10350877192982456,,
ILS,2015-08,1m,5.0,0.9119047619047619,0.10269799825935597,,
ILS,2015-08,1m,6.0,0.9333333333333333,0.08673469387755102,,
ILS,2015-08,1m,7.0,0.6134920634920635,0.17335058214747737,,
ILS,2015-08,1m,8.0,0.4492063492063492,0.2314487632508834,,
ILS,2015-08,1m,9.0,0.35,0.24036281179138322,,
ILS,2015-08,1m,10.0,0.35634920634920636,0.2516703786191537,,
ILS,2015-08,1m,11.0,0.37222222222222223,0.2899786780383795,,
ILS,2015-08,1m,12.0,0.2984126984126984,0.25,,
ILS,2015-08,1m,13.0,0.12142857142857143,0.24183006535947713,,
ILS,2015-08,1m,14.0,0.30714285714285716,0.8113695090439277,,
ILS,2015-08,1m,15.0,0.373015873015873,0.7063829787234043,,
ILS,2015-08,1m,16.0,0.3142857142857143,0.7348484848484849,,
ILS,2015-08,1m,18.0,0.29015151515151516,0.7023498694516971,,
ILS,2015-08,1m,19.0,0.2265151515151515,0.6722408026755853,,
ILS,2015-08,1m,20.0,0.38223632038065025,0.5269709543568465,,
ILS,2015-08,1m,21.0,0.6293650793650793,0.223203026481715,,
ILS,2015-08,1m,22.0,0.8126984126984127,0.1171875,,
ILS,2015-08,1m,23.0,0.903968253968254,0.14486391571553994,,
ILS,2015-08,15m,,0.85059247810407,0.1108419139915203,1941.0,1651.0
ILS,2015-08,15m,0.0,1.0,0.0,,
ILS,2015-08,15m,1.0,1.0,0.011904761904761904,,
ILS,2015-08,15m,2.0,1.0,0.023809523809523808,,
ILS,2015-08,15m,3.0,0.9761904761904762,0.024390243902439025,,
ILS,2015-08,15m,4.0,1.0,0.03571428571428571,,
ILS,2015-08,15m,5.0,1.0,0.0,,
ILS,2015-08,15m,6.0,1.0,0.023809523809523808,,
ILS,2015-08,15m,7.0,1.0,0.023809523809523808,,
ILS,2015-08,15m,8.0,0.9642857142857143,0.07407407407407407,,
ILS,2015-08,15m,9.0,0.8928571428571429,0.06666666666666667,,
ILS,2015-08,15m,10.0,0.9166666666666666,0.09090909090909091,,
ILS,2015-08,15m,11.0,0.9404761904761905,0.06329113924050633,,
ILS,2015-08,15m,12.0,0.8928571428571429,0.14666666666666667,,
ILS,2015-08,15m,13.0,0.7142857142857143,0.15,,
ILS,2015-08,15m,14.0,0.5833333333333334,0.1836734693877551,,
ILS,2015-08,15m,15.0,0.5476190476190477,0.3695652173913043,,
ILS,2015-08,15m,16.0,0.5476190476190477,0.3695652173913043,,
ILS,2015-08,15m,18.0,0.5227272727272727,0.2826086956521739,,
ILS,2015-08,15m,19.0,0.4318181818181818,0.2894736842105263,,
ILS,2015-08,15m,20.0,0.6823529411764706,0.1896551724137931,,
ILS,2015-08,15m,21.0,0.9880952380952381,0.012048192771084338,,
ILS,2015-08,15m,22.0,1.0,0.011904761904761904,,
ILS,2015-08,15m,23.0,1.0,0.0,,
ILS,2015-08,1h,,0.9465020576131687,0.05434782608695652,486.0,460.0
ILS,2015-08,1h,0.0,1.0,0.0,,
ILS,2015-08,1h,1.0,1.0,0.0,,
ILS,2015-08,1h,2.0,1.0,0.0,,
ILS,2015-08,1h,3.0,1.0,0.0,,
ILS,2015-08,1h,4.0,1.0,0.0,,
ILS,2015-08,1h,5.0,1.0,0.0,,
ILS,2015-08,1h,6.0,1.0,0.0,,
ILS,2015-08,1h,7.0,1.0,0.0,,
ILS,2015-08,1h,8.0,1.0,0.0,,
ILS,2015-08,1h,9.0,1.0,0.0,,
ILS,2015-08,1h,10.0,1.0,0.0,,
ILS,2015-08,1h,11.0,1.0,0.0,,
ILS,2015-08,1h,12.0,1.0,0.0,,
ILS,2015-08,1h,13.0,0.9523809523809523,0.0,,
ILS,2015-08,1h,14.0,0.8095238095238095,0.0,,
ILS,2015-08,1h,15.0,0.8095238095238095,0.0,,
ILS,2015-08,1h,16.0,0.8095238095238095,0.0,,
ILS,2015-08,1h,18.0,0.9090909090909091,0.0,,
ILS,2015-08,1h,19.0,0.7727272727272727,0.0,,
ILS,2015-08,1h,20.0,0.7272727272727273,0.0,,
ILS,2015-08,1h,21.0,1.0,0.0,,
ILS,2015-08,1h,22.0,1.0,0.0,,
ILS,2015-08,1h,23.0,1.0,0.0,,
ILS,2020-02,1m,,0.3517753623188406,0.04542177361211247,27600.0,9709.0
ILS,2020-02,1m,0.0,0.7916666666666666,0.03368421052631579,,
ILS,2020-02,1m,1.0,0.7866666666666666,0.037076271186440676,,
ILS,2020-02,1m,2.0,0.8058333333333333,0.03929679420889348,,
ILS,2020-02,1m,3.0,0.9,0.040740740740740744,,
ILS,2020-02,1m,4.0,0.9116666666666666,0.048446069469835464,,
ILS,2020-02,1m,5.0,0.9133333333333333,0.04288321167883212,,
ILS,2020-02,1m,6.0,0.023333333333333334,0.0,,
ILS,2020-02,1m,7.0,0.0,,,
ILS,2020-02,1m,8.0,0.0,,,
ILS,2020-02,1m,9.0,0.0,,,
ILS,2020-02,1m,10.0,0.0,,,
ILS,2020-02,1m,11.0,0.0,,,
ILS,2020-02,1m,12.0,0.0,,,
ILS,2020-02,1m,13.0,0.0016666666666666668,0.0,,
ILS,2020-02,1m,14.0,0.0,,,
ILS,2020-02,1m,15.0,0.0,,,
ILS,2020-02,1m,16.0,0.0,,,
ILS,2020-02,1m,18.0,0.0,,,
ILS,2020-02,1m,19.0,0.0,,,
ILS,2020-02,1m,20.0,0.5208333333333334,0.0816,,
ILS,2020-02,1m,21.0,0.7533333333333333,0.035398230088495575,,
ILS,2020-02,1m,22.0,0.8475,0.05604719764011799,,
ILS,2020-02,1m,23.0,0.835,0.036926147704590816,,
ILS,2020-02,15m,,0.4543478260869565,0.013157894736842105,1840.0,836.0
ILS,2020-02,15m,0.0,0.9875,0.02531645569620253,,
ILS,2020-02,15m,1.0,1.0,0.025,,
ILS,2020-02,15m,2.0,1.0,0.025,,
ILS,2020-02,15m,3.0,1.0,0.0,,
ILS,2020-02,15m,4.0,1.0,0.0,,
ILS,2020-02,15m,5.0,1.0,0.0,,
ILS,2020-02,15m,6.0,0.45,0.0,,
ILS,2020-02,15m,7.0,0.0,,,
ILS,2020-02,15m,8.0,0.0,,,
ILS,2020-02,15m,9.0,0.0,,,
ILS,2020-02,15m,10.0,0.0,,,
ILS,2020-02,15m,11.0,0.0,,,
ILS,2020-02,15m,12.0,0.0,,,
ILS,2020-02,15m,13.0,0.025,0.0,,
ILS,2020-02,15m,14.0,0.0,,,
ILS,2020-02,15m,15.0,0.0,,,
ILS,2020-02,15m,16.0,0.0,,,
ILS,2020-02,15m,18.0,0.0,,,
ILS,2020-02,15m,19.0,0.0,,,
ILS,2020-02,15m,20.0,0.9875,0.0379746835443038,,
ILS,2020-02,15m,21.0,1.0,0.0,,
ILS,2020-02,15m,22.0,1.0,0.025,,
ILS,2020-02,15m,23.0,1.0,0.0,,
ILS,2020-02,1h,,0.5152173913043478,0.004219409282700422,460.0,237.0
ILS,2020-02,1h,0.0,1.0,0.0,,
ILS,2020-02,1h,1.0,1.0,0.0,,
ILS,2020-02,1h,2.0,1.0,0.0,,
ILS,2020-02,1h,3.0,1.0,0.0,,
ILS,2020-02,1h,4.0,1.0,0.0,,
ILS,2020-02,1h,5.0,1.0,0.0,,
ILS,2020-02,1h,6.0,1.0,0.0,,
ILS,2020-02,1h,7.0,0.8,0.0,,
ILS,2020-02,1h,8.0,0.0,,,
ILS,2020-02,1h,9.0,0.0,,,
ILS,2020-02,1h,10.0,0.0,,,
ILS,2020-02,1h,11.0,0.0,,,
ILS,2020-02,1h,12.0,0.0,,,
ILS,2020-02,1h,13.0,0.0,,,
ILS,2020-02,1h,14.0,0.05,,,
ILS,2020-02,1h,15.0,0.0,,,
ILS,2020-02,1h,16.0,0.0,,,
ILS,2020-02,1h,18.0,0.0,,,
ILS,2020-02,1h,19.0,0.0,,,
ILS,2020-02,1h,20.0,1.0,0.0,,
ILS,2020-02,1h,21.0,1.0,0.0,,
ILS,2020-02,1h,22.0,1.0,0.0,,
ILS,2020-02,1h,23.0,1.0,0.0,,
ILS,2020-08,1m,,0.37198034431806465,0.049607390300230945,29101.0,10825.0
ILS,2020-08,1m,0.0,0.9246031746031746,0.04291845493562232,,
ILS,2020-08,1m,1.0,0.8682539682539683,0.05210237659963437,,
ILS,2020-08,1m,2.0,0.888095238095238,0.024128686327077747,,
ILS,2020-08,1m,3.0,0.8873015873015873,0.03041144901610018,,
ILS,2020-08,1m,4.0,0.9373015873015873,0.04826418289585097,,
ILS,2020-08,1m,5.0,0.930952380952381,0.05115089514066496,,
ILS,2020-08,1m,6.0,0.9253968253968254,0.060891938250428816,,
ILS,2020-08,1m,7.0,0.029365079365079365,0.0,,
ILS,2020-08,1m,8.0,0.0,,,
ILS,2020-08,1m,9.0,0.0,,,
ILS,2020-08,1m,10.0,0.0,,,
ILS,2020-08,1m,11.0,0.0,,,
ILS,2020-08,1m,12.0,0.0,,,
ILS,2020-08,1m,13.0,0.0,,,
ILS,2020-08,1m,14.0,0.0,,,
ILS,2020-08,1m,15.0,0.0007936507936507937,,,
ILS,2020-08,1m,16.0,0.0,,,
ILS,2020-08,1m,18.0,0.0,,,
ILS,2020-08,1m,19.0,0.0015151515151515152,0.0,,
ILS,2020-08,1m,20.0,0.0,,,
ILS,2020-08,1m,21.0,0.4388888888888889,0.1301989150090416,,
ILS,2020-08,1m,22.0,0.8531746031746031,0.04930232558139535,,
ILS,2020-08,1m,23.0,0.9055555555555556,0.035056967572304996,,
ILS,2020-08,15m,,0.45337454920144254,0.017045454545454544,1941.0,880.0
ILS,2020-08,15m,0.0,1.0,0.011904761904761904,,
ILS,2020-08,15m,1.0,1.0,0.011904761904761904,,
ILS,2020-08,15m,2.0,1.0,0.011904761904761904,,
ILS,2020-08,15m,3.0,1.0,0.0,,
ILS,2020-08,15m,4.0,1.0,0.011904761904761904,,
ILS,2020-08,15m,5.0,1.0,0.011904761904761904,,
ILS,2020-08,15m,6.0,1.0,0.0,,
ILS,2020-08,15m,7.0,0.4523809523809524,0.0,,
ILS,2020-08,15m,8.0,0.0,,,
ILS,2020-08,15m,9.0,0.0,,,
ILS,2020-08,15m,10.0,0.0,,,
ILS,2020-08,15m,11.0,0.0,,,
ILS,2020-08,15m,12.0,0.0,,,
ILS,2020-08,15m,13.0,0.0,,,
ILS,2020-08,15m,14.0,0.0,,,
ILS,2020-08,15m,15.0,0.011904761904761904,,,
ILS,2020-08,15m,16.0,0.0,,,
ILS,2020-08,15m,18.0,0.0,,,
ILS,2020-08,15m,19.0,0.011363636363636364,,,
ILS,2020-08,15m,20.0,0.0,,,
ILS,2020-08,15m,21.0,1.0,0.05952380952380952,,
ILS,2020-08,15m,22.0,1.0,0.0,,
ILS,2020-08,15m,23.0,1.0,0.011904761904761904,,
ILS,2020-08,1h,,0.51440329218107,0.008,486.0,250.0
ILS,2020-08,1h,0.0,1.0,0.0,,
ILS,2020-08,1h,1.0,1.0,0.0,,
ILS,2020-08,1h,2.0,1.0,0.0,,
ILS,2020-08,1h,3.0,1.0,0.047619047619047616,,
ILS,2020-08,1h,4.0,1.0,0.0,,
ILS,2020-08,1h,5.0,1.0,0.0,,
ILS,2020-08,1h,6.0,1.0,0.0,,
ILS,2020-08,1h,7.0,1.0,0.0,,
ILS,2020-08,1h,8.0,0.8095238095238095,0.0,,
ILS,2020-08,1h,9.0,0.0,,,
ILS,2020-08,1h,10.0,0.0,,,
ILS,2020-08,1h,11.0,0.0,,,
ILS,2020-08,1h,12.0,0.0,,,
ILS,2020-08,1h,13.0,0.0,,,
ILS,2020-08,1h,14.0,0.0,,,
ILS,2020-08,1h,15.0,0.0,,,
ILS,2020-08,1h,16.0,0.047619047619047616,,,
ILS,2020-08,1h,18.0,0.0,,,
ILS,2020-08,1h,19.0,0.0,,,
ILS,2020-08,1h,20.0,0.045454545454545456,,,
ILS,2020-08,1h,21.0,1.0,0.0,,
ILS,2020-08,1h,22.0,1.0,0.0,,
ILS,2020-08,1h,23.0,1.0,0.047619047619047616,,
ILS,2025-02,1m,,0.9046014492753623,0.02363119317499099,27600.0,24967.0
ILS,2025-02,1m,0.0,0.8041666666666667,0.05906735751295337,,
ILS,2025-02,1m,1.0,0.9183333333333333,0.0054446460980036296,,
ILS,2025-02,1m,2.0,0.95,0.002631578947368421,,
ILS,2025-02,1m,3.0,0.9891666666666666,0.003369839932603201,,
ILS,2025-02,1m,4.0,1.0,0.006666666666666667,,
ILS,2025-02,1m,5.0,0.9991666666666666,0.0016680567139282735,,
ILS,2025-02,1m,6.0,1.0,0.005,,
ILS,2025-02,1m,7.0,1.0,0.005833333333333334,,
ILS,2025-02,1m,8.0,0.9975,0.006683375104427736,,
ILS,2025-02,1m,9.0,0.9958333333333333,0.0033472803347280333,,
ILS,2025-02,1m,10.0,0.9916666666666667,0.0033613445378151263,,
ILS,2025-02,1m,11.0,0.9916666666666667,0.0016806722689075631,,
ILS,2025-02,1m,12.0,0.9508333333333333,0.0035056967572304996,,
ILS,2025-02,1m,13.0,0.9583333333333334,0.004347826086956522,,
ILS,2025-02,1m,14.0,0.9041666666666667,0.003686635944700461,,
ILS,2025-02,1m,15.0,0.9775,0.013640238704177323,,
ILS,2025-02,1m,16.0,0.8925,0.009337068160597572,,
ILS,2025-02,1m,18.0,0.5616666666666666,0.013353115727002967,,
ILS,2025-02,1m,19.0,0.6125,0.053061224489795916,,
ILS,2025-02,1m,20.0,0.8633333333333333,0.10328185328185328,,
ILS,2025-02,1m,21.0,0.8808333333333334,0.11542100283822138,,
ILS,2025-02,1m,22.0,0.8483333333333334,0.10707269155206287,,
ILS,2025-02,1m,23.0,0.7183333333333334,0.04988399071925754,,
ILS,2025-02,15m,,0.9956521739130435,0.015283842794759825,1840.0,1832.0
ILS,2025-02,15m,0.0,1.0,0.0375,,
ILS,2025-02,15m,1.0,0.9625,0.0,,
ILS,2025-02,15m,2.0,0.95,0.0,,
ILS,2025-02,15m,3.0,0.9875,0.012658227848101266,,
ILS,2025-02,15m,4.0,1.0,0.0,,
ILS,2025-02,15m,5.0,1.0,0.0,,
ILS,2025-02,15m,6.0,1.0,0.0,,
ILS,2025-02,15m,7.0,1.0,0.0,,
ILS,2025-02,15m,8.0,1.0,0.0,,
ILS,2025-02,15m,9.0,1.0,0.0,,
ILS,2025-02,15m,10.0,1.0,0.0,,
ILS,2025-02,15m,11.0,1.0,0.0,,
ILS,2025-02,15m,12.0,1.0,0.0,,
ILS,2025-02,15m,13.0,1.0,0.0,,
ILS,2025-02,15m,14.0,1.0,0.0125,,
ILS,2025-02,15m,15.0,1.0,0.0,,
ILS,2025-02,15m,16.0,1.0,0.0,,
ILS,2025-02,15m,18.0,1.0,0.025,,
ILS,2025-02,15m,19.0,1.0,0.0125,,
ILS,2025-02,15m,20.0,1.0,0.0625,,
ILS,2025-02,15m,21.0,1.0,0.0375,,
ILS,2025-02,15m,22.0,1.0,0.0375,,
ILS,2025-02,15m,23.0,1.0,0.0125,,
ILS,2025-02,1h,,0.9956521739130435,0.004366812227074236,460.0,458.0
ILS,2025-02,1h,0.0,1.0,0.0,,
ILS,2025-02,1h,1.0,1.0,0.0,,
ILS,2025-02,1h,2.0,0.95,0.0,,
ILS,2025-02,1h,3.0,0.95,0.0,,
ILS,2025-02,1h,4.0,1.0,0.0,,
ILS,2025-02,1h,5.0,1.0,0.0,,
ILS,2025-02,1h,6.0,1.0,0.0,,
ILS,2025-02,1h,7.0,1.0,0.0,,
ILS,2025-02,1h,8.0,1.0,0.0,,
ILS,2025-02,1h,9.0,1.0,0.0,,
ILS,2025-02,1h,10.0,1.0,0.0,,
ILS,2025-02,1h,11.0,1.0,0.0,,
ILS,2025-02,1h,12.0,1.0,0.0,,
ILS,2025-02,1h,13.0,1.0,0.0,,
ILS,2025-02,1h,14.0,1.0,0.0,,
ILS,2025-02,1h,15.0,1.0,0.0,,
ILS,2025-02,1h,16.0,1.0,0.0,,
ILS,2025-02,1h,18.0,1.0,0.0,,
ILS,2025-02,1h,19.0,1.0,0.0,,
ILS,2025-02,1h,20.0,1.0,0.0,,
ILS,2025-02,1h,21.0,1.0,0.0,,
ILS,2025-02,1h,22.0,1.0,0.0,,
ILS,2025-02,1h,23.0,1.0,0.0,,
ILS,2025-08,1m,,0.9381297446514838,0.03082355537573105,28980.0,27187.0
ILS,2025-08,1m,0.0,0.8222222222222222,0.0637065637065637,,
ILS,2025-08,1m,1.0,0.9952380952380953,0.01594896331738437,,
ILS,2025-08,1m,2.0,0.9992063492063492,0.007148530579825258,,
ILS,2025-08,1m,3.0,0.9992063492063492,0.008737092930897538,,
ILS,2025-08,1m,4.0,1.0,0.011111111111111112,,
ILS,2025-08,1m,5.0,1.0,0.005555555555555556,,
ILS,2025-08,1m,6.0,0.9992063492063492,0.007148530579825258,,
ILS,2025-08,1m,7.0,1.0,0.005555555555555556,,
ILS,2025-08,1m,8.0,0.9992063492063492,0.006354249404289118,,
ILS,2025-08,1m,9.0,1.0,0.007936507936507936,,
ILS,2025-08,1m,10.0,0.9936507936507937,0.006389776357827476,,
ILS,2025-08,1m,11.0,0.9984126984126984,0.01192368839427663,,
ILS,2025-08,1m,12.0,0.984920634920635,0.023368251410153102,,
ILS,2025-08,1m,13.0,0.9880952380952381,0.04738955823293173,,
ILS,2025-08,1m,14.0,0.9817460317460317,0.04931285367825384,,
ILS,2025-08,1m,15.0,0.9738095238095238,0.05215973920130399,,
ILS,2025-08,1m,16.0,0.9492063492063492,0.034280936454849496,,
ILS,2025-08,1m,18.0,0.7095238095238096,0.1174496644295302,,
ILS,2025-08,1m,19.0,0.6587301587301587,0.09518072289156626,,
ILS,2025-08,1m,20.0,0.9285714285714286,0.02905982905982906,,
ILS,2025-08,1m,21.0,0.9595238095238096,0.033085194375516956,,
ILS,2025-08,1m,22.0,0.8523809523809524,0.06983240223463687,,
ILS,2025-08,1m,23.0,0.7841269841269841,0.058704453441295545,,
ILS,2025-08,15m,,1.0,0.009834368530020704,1932.0,1932.0
ILS,2025-08,15m,0.0,1.0,0.023809523809523808,,
ILS,2025-08,15m,1.0,1.0,0.0,,
ILS,2025-08,15m,2.0,1.0,0.011904761904761904,,
ILS,2025-08,15m,3.0,1.0,0.0,,
ILS,2025-08,15m,4.0,1.0,0.0,,
ILS,2025-08,15m,5.0,1.0,0.0,,
ILS,2025-08,15m,6.0,1.0,0.0,,
ILS,2025-08,15m,7.0,1.0,0.0,,
ILS,2025-08,15m,8.0,1.0,0.0,,
ILS,2025-08,15m,9.0,1.0,0.0,,
ILS,2025-08,15m,10.0,1.0,0.0,,
ILS,2025-08,15m,11.0,1.0,0.0,,
ILS,2025-08,15m,12.0,1.0,0.0,,
ILS,2025-08,15m,13.0,1.0,0.0,,
ILS,2025-08,15m,14.0,1.0,0.0,,
ILS,2025-08,15m,15.0,1.0,0.0,,
ILS,2025-08,15m,16.0,1.0,0.0,,
ILS,2025-08,15m,18.0,1.0,0.05952380952380952,,
ILS,2025-08,15m,19.0,1.0,0.03571428571428571,,
ILS,2025-08,15m,20.0,1.0,0.0,,
ILS,2025-08,15m,21.0,1.0,0.0,,
ILS,2025-08,15m,22.0,1.0,0.03571428571428571,,
ILS,2025-08,15m,23.0,1.0,0.023809523809523808,,
ILS,2025-08,1h,,1.0,0.006211180124223602,483.0,483.0
ILS,2025-08,1h,0.0,1.0,0.0,,
ILS,2025-08,1h,1.0,1.0,0.0,,
ILS,2025-08,1h,2.0,1.0,0.0,,
ILS,2025-08,1h,3.0,1.0,0.0,,
ILS,2025-08,1h,4.0,1.0,0.0,,
ILS,2025-08,1h,5.0,1.0,0.0,,
ILS,2025-08,1h,6.0,1.0,0.0,,
ILS,2025-08,1h,7.0,1.0,0.0,,
ILS,2025-08,1h,8.0,1.0,0.0,,
ILS,2025-08,1h,9.0,1.0,0.0,,
ILS,2025-08,1h,10.0,1.0,0.0,,
ILS,2025-08,1h,11.0,1.0,0.0,,
ILS,2025-08,1h,12.0,1.0,0.0,,
ILS,2025-08,1h,13.0,1.0,0.0,,
ILS,2025-08,1h,14.0,1.0,0.0,,
ILS,2025-08,1h,15.0,1.0,0.0,,
ILS,2025-08,1h,16.0,1.0,0.0,,
ILS,2025-08,1h,18.0,1.0,0.0,,
ILS,2025-08,1h,19.0,1.0,0.0,,
ILS,2025-08,1h,20.0,1.0,0.0,,
ILS,2025-08,1h,21.0,1.0,0.047619047619047616,,
ILS,2025-08,1h,22.0,1.0,0.0,,
ILS,2025-08,1h,23.0,1.0,0.0,,
CLP,2009-11,1m,,0.5133776385110705,0.012676906566503453,29041.0,14909.0
CLP,2009-11,1m,0.0,0.542063492063492,0.010248901903367497,,
CLP,2009-11,1m,1.0,0.5333333333333333,0.01488095238095238,,
CLP,2009-11,1m,2.0,0.5380952380952381,0.01032448377581121,,
CLP,2009-11,1m,3.0,0.5468253968253968,0.010159651669085631,,
CLP,2009-11,1m,4.0,0.5555555555555556,0.011428571428571429,,
CLP,2009-11,1m,5.0,0.5452380952380952,0.00727802037845706,,
CLP,2009-11,1m,6.0,0.5531746031746032,0.00860832137733142,,
CLP,2009-11,1m,7.0,0.5515873015873016,0.014388489208633094,,
CLP,2009-11,1m,8.0,0.5285714285714286,0.006006006006006006,,
CLP,2009-11,1m,9.0,0.5380952380952381,0.0058997050147492625,,
CLP,2009-11,1m,10.0,0.5333333333333333,0.019345238095238096,,
CLP,2009-11,1m,11.0,0.5007936507936508,0.02377179080824089,,
CLP,2009-11,1m,12.0,0.403968253968254,0.01768172888015717,,
CLP,2009-11,1m,13.0,0.4174603174603175,0.017110266159695818,,
CLP,2009-11,1m,14.0,0.43492063492063493,0.016423357664233577,,
CLP,2009-11,1m,15.0,0.44047619047619047,0.01981981981981982,,
CLP,2009-11,1m,16.0,0.41904761904761906,0.011363636363636364,,
CLP,2009-11,1m,18.0,0.5181818181818182,0.021929824561403508,,
CLP,2009-11,1m,19.0,0.5297383029341792,0.011976047904191617,,
CLP,2009-11,1m,20.0,0.5388888888888889,0.014727540500736377,,
CLP,2009-11,1m,21.0,0.546031746031746,0.007267441860465116,,
CLP,2009-11,1m,22.0,0.55,0.011544011544011544,,
CLP,2009-11,1m,23.0,0.542063492063492,0.005856515373352855,,
CLP,2009-11,15m,,0.9607640681466185,0.029016657710908115,1937.0,1861.0
CLP,2009-11,15m,0.0,1.0,0.03571428571428571,,
CLP,2009-11,15m,1.0,1.0,0.0,,
CLP,2009-11,15m,2.0,1.0,0.0,,
CLP,2009-11,15m,3.0,1.0,0.0,,
CLP,2009-11,15m,4.0,1.0,0.0,,
CLP,2009-11,15m,5.0,1.0,0.0,,
CLP,2009-11,15m,6.0,1.0,0.011904761904761904,,
CLP,2009-11,15m,7.0,1.0,0.023809523809523808,,
CLP,2009-11,15m,8.0,1.0,0.011904761904761904,,
CLP,2009-11,15m,9.0,1.0,0.023809523809523808,,
CLP,2009-11,15m,10.0,1.0,0.047619047619047616,,
CLP,2009-11,15m,11.0,1.0,0.023809523809523808,,
CLP,2009-11,15m,12.0,0.8571428571428571,0.027777777777777776,,
CLP,2009-11,15m,13.0,0.8095238095238095,0.014705882352941176,,
CLP,2009-11,15m,14.0,0.8095238095238095,0.014705882352941176,,
CLP,2009-11,15m,15.0,0.8095238095238095,0.014705882352941176,,
CLP,2009-11,15m,16.0,0.8095238095238095,0.029411764705882353,,
CLP,2009-11,15m,18.0,1.0,0.011363636363636364,,
CLP,2009-11,15m,19.0,1.0,0.03529411764705882,,
CLP,2009-11,15m,20.0,1.0,0.011904761904761904,,
CLP,2009-11,15m,21.0,1.0,0.011904761904761904,,
CLP,2009-11,15m,22.0,1.0,0.023809523809523808,,
CLP,2009-11,15m,23.0,1.0,0.011904761904761904,,
CLP,2009-11,1h,,0.9670103092783505,0.017057569296375266,485.0,469.0
CLP,2009-11,1h,0.0,1.0,0.0,,
CLP,2009-11,1h,1.0,1.0,0.0,,
CLP,2009-11,1h,2.0,1.0,0.0,,
CLP,2009-11,1h,3.0,1.0,0.0,,
CLP,2009-11,1h,4.0,1.0,0.0,,
CLP,2009-11,1h,5.0,1.0,0.0,,
CLP,2009-11,1h,6.0,1.0,0.0,,
CLP,2009-11,1h,7.0,1.0,0.0,,
CLP,2009-11,1h,8.0,1.0,0.0,,
CLP,2009-11,1h,9.0,1.0,0.0,,
CLP,2009-11,1h,10.0,1.0,0.0,,
CLP,2009-11,1h,11.0,1.0,0.0,,
CLP,2009-11,1h,12.0,1.0,0.0,,
CLP,2009-11,1h,13.0,0.8095238095238095,0.0,,
CLP,2009-11,1h,14.0,0.8095238095238095,0.0,,
CLP,2009-11,1h,15.0,0.8095238095238095,0.0,,
CLP,2009-11,1h,16.0,0.8095238095238095,0.0,,
CLP,2009-11,1h,18.0,1.0,0.0,,
CLP,2009-11,1h,19.0,1.0,0.0,,
CLP,2009-11,1h,20.0,1.0,0.0,,
CLP,2009-11,1h,21.0,1.0,0.0,,
CLP,2009-11,1h,22.0,1.0,0.0,,
CLP,2009-11,1h,23.0,1.0,0.0,,
CLP,2010-02,1m,,0.5305797101449276,0.010584539743239552,27600.0,14644.0
CLP,2010-02,1m,0.0,0.5616666666666666,0.011869436201780416,,
CLP,2010-02,1m,1.0,0.5583333333333333,0.010447761194029851,,
CLP,2010-02,1m,2.0,0.5541666666666667,0.009022556390977444,,
CLP,2010-02,1m,3.0,0.5666666666666667,0.007352941176470588,,
CLP,2010-02,1m,4.0,0.5691666666666667,0.007320644216691069,,
CLP,2010-02,1m,5.0,0.57,0.007309941520467836,,
CLP,2010-02,1m,6.0,0.5741666666666667,0.008708272859216255,,
CLP,2010-02,1m,7.0,0.5716666666666667,0.011661807580174927,,
CLP,2010-02,1m,8.0,0.5475,0.0121765601217656,,
CLP,2010-02,1m,9.0,0.5575,0.008968609865470852,,
CLP,2010-02,1m,10.0,0.555,0.01951951951951952,,
CLP,2010-02,1m,11.0,0.5333333333333333,0.0171875,,
CLP,2010-02,1m,12.0,0.4166666666666667,0.01,,
CLP,2010-02,1m,13.0,0.42,0.015873015873015872,,
CLP,2010-02,1m,14.0,0.44333333333333336,0.009398496240601503,,
CLP,2010-02,1m,15.0,0.4375,0.009523809523809525,,
CLP,2010-02,1m,16.0,0.42833333333333334,0.009727626459143969,,
CLP,2010-02,1m,18.0,0.535,0.014018691588785047,,
CLP,2010-02,1m,19.0,0.5366666666666666,0.012422360248447204,,
CLP,2010-02,1m,20.0,0.5525,0.010558069381598794,,
CLP,2010-02,1m,21.0,0.5775,0.002886002886002886,,
CLP,2010-02,1m,22.0,0.5675,0.004405286343612335,,
CLP,2010-02,1m,23.0,0.5691666666666667,0.008784773060029283,,
CLP,2010-02,15m,,0.9586956521739131,0.025510204081632654,1840.0,1764.0
CLP,2010-02,15m,0.0,1.0,0.0375,,
CLP,2010-02,15m,1.0,1.0,0.0,,
CLP,2010-02,15m,2.0,1.0,0.0,,
CLP,2010-02,15m,3.0,1.0,0.0,,
CLP,2010-02,15m,4.0,1.0,0.0125,,
CLP,2010-02,15m,5.0,1.0,0.0125,,
CLP,2010-02,15m,6.0,1.0,0.0,,
CLP,2010-02,15m,7.0,1.0,0.0125,,
CLP,2010-02,15m,8.0,1.0,0.025,,
CLP,2010-02,15m,9.0,1.0,0.0125,,
CLP,2010-02,15m,10.0,1.0,0.0625,,
CLP,2010-02,15m,11.0,1.0,0.0375,,
CLP,2010-02,15m,12.0,0.85,0.014705882352941176,,
CLP,2010-02,15m,13.0,0.8,0.03125,,
CLP,2010-02,15m,14.0,0.8,0.03125,,
CLP,2010-02,15m,15.0,0.8,0.046875,,
CLP,2010-02,15m,16.0,0.8,0.046875,,
CLP,2010-02,15m,18.0,1.0,0.0125,,
CLP,2010-02,15m,19.0,1.0,0.025,,
CLP,2010-02,15m,20.0,1.0,0.025,,
CLP,2010-02,15m,21.0,1.0,0.05,,
CLP,2010-02,15m,22.0,1.0,0.0125,,
CLP,2010-02,15m,23.0,1.0,0.0125,,
CLP,2010-02,1h,,0.9652173913043478,0.009009009009009009,460.0,444.0
CLP,2010-02,1h,0.0,1.0,0.0,,
CLP,2010-02,1h,1.0,1.0,0.0,,
CLP,2010-02,1h,2.0,1.0,0.0,,
CLP,2010-02,1h,3.0,1.0,0.0,,
CLP,2010-02,1h,4.0,1.0,0.0,,
CLP,2010-02,1h,5.0,1.0,0.0,,
CLP,2010-02,1h,6.0,1.0,0.0,,
CLP,2010-02,1h,7.0,1.0,0.0,,
CLP,2010-02,1h,8.0,1.0,0.0,,
CLP,2010-02,1h,9.0,1.0,0.05,,
CLP,2010-02,1h,10.0,1.0,0.0,,
CLP,2010-02,1h,11.0,1.0,0.0,,
CLP,2010-02,1h,12.0,1.0,0.0,,
CLP,2010-02,1h,13.0,0.8,0.0,,
CLP,2010-02,1h,14.0,0.8,0.0,,
CLP,2010-02,1h,15.0,0.8,0.0,,
CLP,2010-02,1h,16.0,0.8,0.0,,
CLP,2010-02,1h,18.0,1.0,0.0,,
CLP,2010-02,1h,19.0,1.0,0.0,,
CLP,2010-02,1h,20.0,1.0,0.0,,
CLP,2010-02,1h,21.0,1.0,0.0,,
CLP,2010-02,1h,22.0,1.0,0.0,,
CLP,2010-02,1h,23.0,1.0,0.0,,
CLP,2010-08,1m,,0.588563367343591,0.012207357859531772,30481.0,17940.0
CLP,2010-08,1m,0.0,0.6234848484848485,0.009720534629404616,,
CLP,2010-08,1m,1.0,0.625,0.006060606060606061,,
CLP,2010-08,1m,2.0,0.6227272727272727,0.014598540145985401,,
CLP,2010-08,1m,3.0,0.6181818181818182,0.011029411764705883,,
CLP,2010-08,1m,4.0,0.6272727272727273,0.006038647342995169,,
CLP,2010-08,1m,5.0,0.6242424242424243,0.012135922330097087,,
CLP,2010-08,1m,6.0,0.6310606060606061,0.006002400960384154,,
CLP,2010-08,1m,7.0,0.6242424242424243,0.012135922330097087,,
CLP,2010-08,1m,8.0,0.6060606060606061,0.0175,,
CLP,2010-08,1m,9.0,0.6037878787878788,0.011292346298619825,,
CLP,2010-08,1m,10.0,0.6053030303030303,0.012515644555694618,,
CLP,2010-08,1m,11.0,0.6090909090909091,0.011194029850746268,,
CLP,2010-08,1m,12.0,0.5606060606060606,0.016216216216216217,,
CLP,2010-08,1m,13.0,0.4818181818181818,0.014150943396226415,,
CLP,2010-08,1m,14.0,0.46893939393939393,0.01615508885298869,,
CLP,2010-08,1m,15.0,0.47424242424242424,0.01597444089456869,,
CLP,2010-08,1m,16.0,0.503030303030303,0.024096385542168676,,
CLP,2010-08,1m,18.0,0.5869565217391305,0.008641975308641974,,
CLP,2010-08,1m,19.0,0.6,0.01570048309178744,,
CLP,2010-08,1m,20.0,0.5957607872823618,0.01397712833545108,,
CLP,2010-08,1m,21.0,0.5969696969696969,0.01649746192893401,,
CLP,2010-08,1m,22.0,0.6227272727272727,0.006082725060827251,,
CLP,2010-08,1m,23.0,0.625,0.007272727272727273,,
CLP,2010-08,15m,,0.970486965076242,0.026862645717181957,2033.0,1973.0
CLP,2010-08,15m,0.0,1.0,0.0,,
CLP,2010-08,15m,1.0,1.0,0.011363636363636364,,
CLP,2010-08,15m,2.0,1.0,0.011363636363636364,,
CLP,2010-08,15m,3.0,1.0,0.03409090909090909,,
CLP,2010-08,15m,4.0,1.0,0.0,,
CLP,2010-08,15m,5.0,1.0,0.0,,
CLP,2010-08,15m,6.0,1.0,0.0,,
CLP,2010-08,15m,7.0,1.0,0.022727272727272728,,
CLP,2010-08,15m,8.0,1.0,0.011363636363636364,,
CLP,2010-08,15m,9.0,1.0,0.022727272727272728,,
CLP,2010-08,15m,10.0,1.0,0.022727272727272728,,
CLP,2010-08,15m,11.0,1.0,0.045454545454545456,,
CLP,2010-08,15m,12.0,1.0,0.056818181818181816,,
CLP,2010-08,15m,13.0,0.8636363636363636,0.039473684210526314,,
CLP,2010-08,15m,14.0,0.8181818181818182,0.027777777777777776,,
CLP,2010-08,15m,15.0,0.8181818181818182,0.027777777777777776,,
CLP,2010-08,15m,16.0,0.8181818181818182,0.027777777777777776,,
CLP,2010-08,15m,18.0,1.0,0.021739130434782608,,
CLP,2010-08,15m,19.0,1.0,0.03260869565217391,,
CLP,2010-08,15m,20.0,1.0,0.02247191011235955,,
CLP,2010-08,15m,21.0,1.0,0.03409090909090909,,
CLP,2010-08,15m,22.0,1.0,0.0,,
CLP,2010-08,15m,23.0,1.0,0.011363636363636364,,
CLP,2010-08,1h,,0.9764243614931237,0.008048289738430584,509.0,497.0
CLP,2010-08,1h,0.0,1.0,0.0,,
CLP,2010-08,1h,1.0,1.0,0.0,,
CLP,2010-08,1h,2.0,1.0,0.0,,
CLP,2010-08,1h,3.0,1.0,0.0,,
CLP,2010-08,1h,4.0,1.0,0.0,,
CLP,2010-08,1h,5.0,1.0,0.0,,
CLP,2010-08,1h,6.0,1.0,0.0,,
CLP,2010-08,1h,7.0,1.0,0.0,,
CLP,2010-08,1h,8.0,1.0,0.0,,
CLP,2010-08,1h,9.0,1.0,0.045454545454545456,,
CLP,2010-08,1h,10.0,1.0,0.0,,
CLP,2010-08,1h,11.0,1.0,0.0,,
CLP,2010-08,1h,12.0,1.0,0.0,,
CLP,2010-08,1h,13.0,1.0,0.0,,
CLP,2010-08,1h,14.0,0.8181818181818182,0.0,,
CLP,2010-08,1h,15.0,0.8181818181818182,0.0,,
CLP,2010-08,1h,16.0,0.8181818181818182,0.0,,
CLP,2010-08,1h,18.0,1.0,0.0,,
CLP,2010-08,1h,19.0,1.0,0.0,,
CLP,2010-08,1h,20.0,1.0,0.0,,
CLP,2010-08,1h,21.0,1.0,0.0,,
CLP,2010-08,1h,22.0,1.0,0.0,,
CLP,2010-08,1h,23.0,1.0,0.0,,
CLP,2015-02,1m,,0.1493840579710145,0.00218287654620422,27600.0,4123.0
CLP,2015-02,1m,0.0,0.0,,,
CLP,2015-02,1m,1.0,0.13666666666666666,0.0,,
CLP,2015-02,1m,2.0,0.61,0.0,,
CLP,2015-02,1m,3.0,0.6441666666666667,0.0,,
CLP,2015-02,1m,4.0,0.645,0.002583979328165375,,
CLP,2015-02,1m,5.0,0.6375,0.00392156862745098,,
CLP,2015-02,1m,6.0,0.3908333333333333,0.0,,
CLP,2015-02,1m,7.0,0.06833333333333333,0.0,,
CLP,2015-02,1m,8.0,0.15583333333333332,0.0,,
CLP,2015-02,1m,9.0,0.12416666666666666,0.0,,
CLP,2015-02,1m,10.0,0.015833333333333335,0.0,,
CLP,2015-02,1m,11.0,0.005833333333333334,0.14285714285714285,,
CLP,2015-02,1m,12.0,0.0016666666666666668,0.0,,
CLP,2015-02,1m,13.0,0.0,,,
CLP,2015-02,1m,14.0,0.0,,,
CLP,2015-02,1m,15.0,0.0,,,
CLP,2015-02,1m,16.0,0.0,,,
CLP,2015-02,1m,18.0,0.0,,,
CLP,2015-02,1m,19.0,0.0,,,
CLP,2015-02,1m,20.0,0.0,,,
CLP,2015-02,1m,21.0,0.0,,,
CLP,2015-02,1m,22.0,0.0,,,
CLP,2015-02,1m,23.0,0.0,,,
CLP,2015-02,15m,,0.32119565217391305,0.09813874788494077,1840.0,591.0
CLP,2015-02,15m,0.0,0.0,,,
CLP,2015-02,15m,1.0,0.2375,0.0,,
CLP,2015-02,15m,2.0,1.0,0.0375,,
CLP,2015-02,15m,3.0,1.0,0.0625,,
CLP,2015-02,15m,4.0,1.0,0.025,,
CLP,2015-02,15m,5.0,1.0,0.075,,
CLP,2015-02,15m,6.0,1.0,0.025,,
CLP,2015-02,15m,7.0,0.225,0.16666666666666666,,
CLP,2015-02,15m,8.0,0.8125,0.15384615384615385,,
CLP,2015-02,15m,9.0,0.7625,0.06557377049180328,,
CLP,2015-02,15m,10.0,0.2625,0.19047619047619047,,
CLP,2015-02,15m,11.0,0.075,0.0,,
CLP,2015-02,15m,12.0,0.0125,,,
CLP,2015-02,15m,13.0,0.0,,,
CLP,2015-02,15m,14.0,0.0,,,
CLP,2015-02,15m,15.0,0.0,,,
CLP,2015-02,15m,16.0,0.0,,,
CLP,2015-02,15m,18.0,0.0,,,
CLP,2015-02,15m,19.0,0.0,,,
CLP,2015-02,15m,20.0,0.0,,,
CLP,2015-02,15m,21.0,0.0,,,
CLP,2015-02,15m,22.0,0.0,,,
CLP,2015-02,15m,23.0,0.0,,,
CLP,2015-02,1h,,0.4152173913043478,0.10471204188481675,460.0,191.0
CLP,2015-02,1h,0.0,0.0,,,
CLP,2015-02,1h,1.0,0.0,,,
CLP,2015-02,1h,2.0,1.0,0.0,,
CLP,2015-02,1h,3.0,1.0,0.0,,
CLP,2015-02,1h,4.0,1.0,0.0,,
CLP,2015-02,1h,5.0,1.0,0.05,,
CLP,2015-02,1h,6.0,1.0,0.05,,
CLP,2015-02,1h,7.0,1.0,0.0,,
CLP,2015-02,1h,8.0,1.0,0.0,,
CLP,2015-02,1h,9.0,0.95,0.0,,
CLP,2015-02,1h,10.0,0.95,0.0,,
CLP,2015-02,1h,11.0,0.45,0.0,,
CLP,2015-02,1h,12.0,0.15,0.0,,
CLP,2015-02,1h,13.0,0.05,,,
CLP,2015-02,1h,14.0,0.0,,,
CLP,2015-02,1h,15.0,0.0,,,
CLP,2015-02,1h,16.0,0.0,,,
CLP,2015-02,1h,18.0,0.0,,,
CLP,2015-02,1h,19.0,0.0,,,
CLP,2015-02,1h,20.0,0.0,,,
CLP,2015-02,1h,21.0,0.0,,,
CLP,2015-02,1h,22.0,0.0,,,
CLP,2015-02,1h,23.0,0.0,,,
CLP,2015-08,1m,,0.1676231057351981,0.0002050020500205002,29101.0,4878.0
CLP,2015-08,1m,0.0,0.0,,,
CLP,2015-08,1m,1.0,0.0,,,
CLP,2015-08,1m,2.0,0.0,,,
CLP,2015-08,1m,3.0,0.18095238095238095,0.0,,
CLP,2015-08,1m,4.0,0.7214285714285714,0.0,,
CLP,2015-08,1m,5.0,0.7087301587301588,0.0,,
CLP,2015-08,1m,6.0,0.7523809523809524,0.0010548523206751054,,
CLP,2015-08,1m,7.0,0.6888888888888889,0.0,,
CLP,2015-08,1m,8.0,0.43174603174603177,0.0,,
CLP,2015-08,1m,9.0,0.06904761904761905,0.0,,
CLP,2015-08,1m,10.0,0.1865079365079365,0.0,,
CLP,2015-08,1m,11.0,0.12063492063492064,0.0,,
CLP,2015-08,1m,12.0,0.006349206349206349,0.0,,
CLP,2015-08,1m,13.0,0.0031746031746031746,0.0,,
CLP,2015-08,1m,14.0,0.0015873015873015873,0.0,,
CLP,2015-08,1m,15.0,0.0,,,
CLP,2015-08,1m,16.0,0.0,,,
CLP,2015-08,1m,18.0,0.0,,,
CLP,2015-08,1m,19.0,0.0,,,
CLP,2015-08,1m,20.0,0.0,,,
CLP,2015-08,1m,21.0,0.0,,,
CLP,2015-08,1m,22.0,0.0,,,
CLP,2015-08,1m,23.0,0.0,,,
CLP,2015-08,15m,,0.30963420917053064,0.06821963394342762,1941.0,601.0
CLP,2015-08,15m,0.0,0.0,,,
CLP,2015-08,15m,1.0,0.0,,,
CLP,2015-08,15m,2.0,0.0,,,
CLP,2015-08,15m,3.0,0.23809523809523808,0.0,,
CLP,2015-08,15m,4.0,0.9523809523809523,0.0125,,
CLP,2015-08,15m,5.0,0.9642857142857143,0.037037037037037035,,
CLP,2015-08,15m,6.0,1.0,0.03571428571428571,,
CLP,2015-08,15m,7.0,1.0,0.023809523809523808,,
CLP,2015-08,15m,8.0,1.0,0.047619047619047616,,
CLP,2015-08,15m,9.0,0.07142857142857142,0.0,,
CLP,2015-08,15m,10.0,0.9166666666666666,0.05194805194805195,,
CLP,2015-08,15m,11.0,0.7738095238095238,0.06153846153846154,,
CLP,2015-08,15m,12.0,0.19047619047619047,0.125,,
CLP,2015-08,15m,13.0,0.023809523809523808,0.0,,
CLP,2015-08,15m,14.0,0.023809523809523808,0.0,,
CLP,2015-08,15m,15.0,0.0,,,
CLP,2015-08,15m,16.0,0.0,,,
CLP,2015-08,15m,18.0,0.0,,,
CLP,2015-08,15m,19.0,0.0,,,
CLP,2015-08,15m,20.0,0.0,,,
CLP,2015-08,15m,21.0,0.0,,,
CLP,2015-08,15m,22.0,0.0,,,
CLP,2015-08,15m,23.0,0.0,,,
CLP,2015-08,1h,,0.3888888888888889,0.0582010582010582,486.0,189.0
CLP,2015-08,1h,0.0,0.0,,,
CLP,2015-08,1h,1.0,0.0,,,
CLP,2015-08,1h,2.0,0.0,,,
CLP,2015-08,1h,3.0,0.0,,,
CLP,2015-08,1h,4.0,0.9523809523809523,0.0,,
CLP,2015-08,1h,5.0,0.9523809523809523,0.0,,
CLP,2015-08,1h,6.0,1.0,0.0,,
CLP,2015-08,1h,7.0,1.0,0.0,,
CLP,2015-08,1h,8.0,1.0,0.0,,
CLP,2015-08,1h,9.0,1.0,0.0,,
CLP,2015-08,1h,10.0,1.0,0.0,,
CLP,2015-08,1h,11.0,1.0,0.0,,
CLP,2015-08,1h,12.0,0.8095238095238095,0.0,,
CLP,2015-08,1h,13.0,0.14285714285714285,0.0,,
CLP,2015-08,1h,14.0,0.09523809523809523,0.0,,
CLP,2015-08,1h,15.0,0.047619047619047616,,,
CLP,2015-08,1h,16.0,0.0,,,
CLP,2015-08,1h,18.0,0.0,,,
CLP,2015-08,1h,19.0,0.0,,,
CLP,2015-08,1h,20.0,0.0,,,
CLP,2015-08,1h,21.0,0.0,,,
CLP,2015-08,1h,22.0,0.0,,,
CLP,2015-08,1h,23.0,0.0,,,
CLP,2020-02,1m,,0.30916666666666665,0.305754131020743,27600.0,8533.0
CLP,2020-02,1m,0.0,0.10166666666666667,0.3524590163934426,,
CLP,2020-02,1m,1.0,0.6066666666666667,0.1978021978021978,,
CLP,2020-02,1m,2.0,0.9266666666666666,0.24550359712230216,,
CLP,2020-02,1m,3.0,0.9633333333333334,0.25,,
CLP,2020-02,1m,4.0,0.9625,0.24502164502164503,,
CLP,2020-02,1m,5.0,0.9741666666666666,0.23438836612489308,,
CLP,2020-02,1m,6.0,0.7833333333333333,0.2872340425531915,,
CLP,2020-02,1m,7.0,0.2758333333333333,0.3685800604229607,,
CLP,2020-02,1m,8.0,0.21833333333333332,0.32061068702290074,,
CLP,2020-02,1m,9.0,0.25333333333333335,0.3256578947368421,,
CLP,2020-02,1m,10.0,0.095,0.631578947368421,,
CLP,2020-02,1m,11.0,0.1075,0.5891472868217055,,
CLP,2020-02,1m,12.0,0.0875,0.5619047619047619,,
CLP,2020-02,1m,13.0,0.056666666666666664,0.5588235294117647,,
CLP,2020-02,1m,14.0,0.06916666666666667,0.42168674698795183,,
CLP,2020-02,1m,15.0,0.050833333333333335,0.4426229508196721,,
CLP,2020-02,1m,16.0,0.07166666666666667,0.3023255813953488,,
CLP,2020-02,1m,18.0,0.085,0.3137254901960784,,
CLP,2020-02,1m,19.0,0.0825,0.3434343434343434,,
CLP,2020-02,1m,20.0,0.09,0.35185185185185186,,
CLP,2020-02,1m,21.0,0.07416666666666667,0.39325842696629215,,
CLP,2020-02,1m,22.0,0.08083333333333333,0.422680412371134,,
CLP,2020-02,1m,23.0,0.09416666666666666,0.36283185840707965,,
CLP,2020-02,15m,,0.7619565217391304,0.30813124108416545,1840.0,1402.0
CLP,2020-02,15m,0.0,0.75,0.38333333333333336,,
CLP,2020-02,15m,1.0,0.9125,0.0821917808219178,,
CLP,2020-02,15m,2.0,1.0,0.05,,
CLP,2020-02,15m,3.0,1.0,0.025,,
CLP,2020-02,15m,4.0,1.0,0.0375,,
CLP,2020-02,15m,5.0,1.0,0.05,,
CLP,2020-02,15m,6.0,1.0,0.025,,
CLP,2020-02,15m,7.0,0.975,0.15384615384615385,,
CLP,2020-02,15m,8.0,0.8875,0.16901408450704225,,
CLP,2020-02,15m,9.0,0.9375,0.2,,
CLP,2020-02,15m,10.0,0.7625,0.5081967213114754,,
CLP,2020-02,15m,11.0,0.725,0.5517241379310345,,
CLP,2020-02,15m,12.0,0.65,0.40384615384615385,,
CLP,2020-02,15m,13.0,0.5,0.475,,
CLP,2020-02,15m,14.0,0.5125,0.2926829268292683,,
CLP,2020-02,15m,15.0,0.4375,0.42857142857142855,,
CLP,2020-02,15m,16.0,0.5375,0.23255813953488372,,
CLP,2020-02,15m,18.0,0.7125,0.24561403508771928,,
CLP,2020-02,15m,19.0,0.675,0.37037037037037035,,
CLP,2020-02,15m,20.0,0.6625,0.2830188679245283,,
CLP,2020-02,15m,21.0,0.575,0.30434782608695654,,
CLP,2020-02,15m,22.0,0.6625,0.2641509433962264,,
CLP,2020-02,15m,23.0,0.65,0.25,,
CLP,2020-02,1h,,0.8695652173913043,0.12,460.0,400.0
CLP,2020-02,1h,0.0,0.9,0.0,,
CLP,2020-02,1h,1.0,0.9,0.0,,
CLP,2020-02,1h,2.0,1.0,0.0,,
CLP,2020-02,1h,3.0,1.0,0.0,,
CLP,2020-02,1h,4.0,1.0,0.0,,
CLP,2020-02,1h,5.0,1.0,0.0,,
CLP,2020-02,1h,6.0,1.0,0.0,,
CLP,2020-02,1h,7.0,1.0,0.0,,
CLP,2020-02,1h,8.0,1.0,0.0,,
CLP,2020-02,1h,9.0,1.0,0.0,,
CLP,2020-02,1h,10.0,1.0,0.0,,
CLP,2020-02,1h,11.0,0.85,0.0,,
CLP,2020-02,1h,12.0,0.85,0.0,,
CLP,2020-02,1h,13.0,0.7,0.0,,
CLP,2020-02,1h,14.0,0.6,0.0,,
CLP,2020-02,1h,15.0,0.65,0.15384615384615385,,
CLP,2020-02,1h,16.0,0.65,0.15384615384615385,,
CLP,2020-02,1h,18.0,0.85,0.0,,
CLP,2020-02,1h,19.0,0.85,0.0,,
CLP,2020-02,1h,20.0,0.8,0.0,,
CLP,2020-02,1h,21.0,0.8,0.0625,,
CLP,2020-02,1h,22.0,0.8,0.0,,
CLP,2020-02,1h,23.0,0.8,0.0,,
CLP,2020-08,1m,,0.28878732689598297,0.24190861494526417,29101.0,8404.0
CLP,2020-08,1m,0.0,0.0,,,
CLP,2020-08,1m,1.0,0.0015873015873015873,0.0,,
CLP,2020-08,1m,2.0,0.009523809523809525,0.16666666666666666,,
CLP,2020-08,1m,3.0,0.1261904761904762,0.12578616352201258,,
CLP,2020-08,1m,4.0,0.8119047619047619,0.22971652003910067,,
CLP,2020-08,1m,5.0,0.9507936507936507,0.21619365609348914,,
CLP,2020-08,1m,6.0,0.957936507936508,0.22866611433305717,,
CLP,2020-08,1m,7.0,0.9507936507936507,0.20617696160267113,,
CLP,2020-08,1m,8.0,0.9642857142857143,0.21316872427983538,,
CLP,2020-08,1m,9.0,0.9119047619047619,0.26979982593559615,,
CLP,2020-08,1m,10.0,0.41825396825396827,0.2884250474383302,,
CLP,2020-08,1m,11.0,0.30793650793650795,0.3247422680412371,,
CLP,2020-08,1m,12.0,0.24841269841269842,0.30670926517571884,,
CLP,2020-08,1m,13.0,0.007936507936507936,0.1,,
CLP,2020-08,1m,14.0,0.0,,,
CLP,2020-08,1m,15.0,0.0007936507936507937,,,
CLP,2020-08,1m,16.0,0.0,,,
CLP,2020-08,1m,18.0,0.0,,,
CLP,2020-08,1m,19.0,0.0,,,
CLP,2020-08,1m,20.0,0.0,,,
CLP,2020-08,1m,21.0,0.0,,,
CLP,2020-08,1m,22.0,0.0,,,
CLP,2020-08,1m,23.0,0.0015873015873015873,0.0,,
CLP,2020-08,15m,,0.3977331272539928,0.07253886010362694,1941.0,772.0
CLP,2020-08,15m,0.0,0.0,,,
CLP,2020-08,15m,1.0,0.011904761904761904,,,
CLP,2020-08,15m,2.0,0.047619047619047616,0.0,,
CLP,2020-08,15m,3.0,0.4642857142857143,0.07692307692307693,,
CLP,2020-08,15m,4.0,0.9285714285714286,0.02564102564102564,,
CLP,2020-08,15m,5.0,0.9523809523809523,0.0125,,
CLP,2020-08,15m,6.0,0.9761904761904762,0.0,,
CLP,2020-08,15m,7.0,0.9523809523809523,0.0375,,
CLP,2020-08,15m,8.0,0.9642857142857143,0.024691358024691357,,
CLP,2020-08,15m,9.0,1.0,0.023809523809523808,,
CLP,2020-08,15m,10.0,0.9523809523809523,0.0875,,
CLP,2020-08,15m,11.0,0.8571428571428571,0.1111111111111111,,
CLP,2020-08,15m,12.0,0.8571428571428571,0.1527777777777778,,
CLP,2020-08,15m,13.0,0.20238095238095238,0.058823529411764705,,
CLP,2020-08,15m,14.0,0.0,,,
CLP,2020-08,15m,15.0,0.011904761904761904,,,
CLP,2020-08,15m,16.0,0.0,,,
CLP,2020-08,15m,18.0,0.0,,,
CLP,2020-08,15m,19.0,0.0,,,
CLP,2020-08,15m,20.0,0.0,,,
CLP,2020-08,15m,21.0,0.0,,,
CLP,2020-08,15m,22.0,0.0,,,
CLP,2020-08,15m,23.0,0.011904761904761904,,,
CLP,2020-08,1h,,0.45267489711934156,0.01818181818181818,486.0,220.0
CLP,2020-08,1h,0.0,0.047619047619047616,,,
CLP,2020-08,1h,1.0,0.0,,,
CLP,2020-08,1h,2.0,0.09523809523809523,0.0,,
CLP,2020-08,1h,3.0,0.38095238095238093,0.0,,
CLP,2020-08,1h,4.0,0.9523809523809523,0.0,,
CLP,2020-08,1h,5.0,0.9523809523809523,0.0,,
CLP,2020-08,1h,6.0,1.0,0.0,,
CLP,2020-08,1h,7.0,1.0,0.0,,
CLP,2020-08,1h,8.0,0.9523809523809523,0.0,,
CLP,2020-08,1h,9.0,1.0,0.047619047619047616,,
CLP,2020-08,1h,10.0,1.0,0.0,,
CLP,2020-08,1h,11.0,1.0,0.0,,
CLP,2020-08,1h,12.0,0.9523809523809523,0.0,,
CLP,2020-08,1h,13.0,0.9523809523809523,0.0,,
CLP,2020-08,1h,14.0,0.14285714285714285,0.0,,
CLP,2020-08,1h,15.0,0.0,,,
CLP,2020-08,1h,16.0,0.047619047619047616,,,
CLP,2020-08,1h,18.0,0.0,,,
CLP,2020-08,1h,19.0,0.0,,,
CLP,2020-08,1h,20.0,0.0,,,
CLP,2020-08,1h,21.0,0.0,,,
CLP,2020-08,1h,22.0,0.0,,,
CLP,2020-08,1h,23.0,0.0,,,
CLP,2025-02,1m,,0.29485507246376813,0.07913492258540182,27600.0,8138.0
CLP,2025-02,1m,0.0,0.06583333333333333,0.6708860759493671,,
CLP,2025-02,1m,1.0,0.06333333333333334,0.7105263157894737,,
CLP,2025-02,1m,2.0,0.075,0.7222222222222222,,
CLP,2025-02,1m,3.0,0.08666666666666667,0.19230769230769232,,
CLP,2025-02,1m,4.0,0.09083333333333334,0.07339449541284404,,
CLP,2025-02,1m,5.0,0.0875,0.05714285714285714,,
CLP,2025-02,1m,6.0,0.27416666666666667,0.00303951367781155,,
CLP,2025-02,1m,7.0,0.92,0.0,,
CLP,2025-02,1m,8.0,0.9791666666666666,0.0,,
CLP,2025-02,1m,9.0,0.98,0.0,,
CLP,2025-02,1m,10.0,0.96,0.0,,
CLP,2025-02,1m,11.0,0.9166666666666666,0.0,,
CLP,2025-02,1m,12.0,0.36916666666666664,0.0,,
CLP,2025-02,1m,13.0,0.22666666666666666,0.0,,
CLP,2025-02,1m,14.0,0.14,0.0,,
CLP,2025-02,1m,15.0,0.07083333333333333,0.0,,
CLP,2025-02,1m,16.0,0.07916666666666666,0.010526315789473684,,
CLP,2025-02,1m,18.0,0.06916666666666667,0.42168674698795183,,
CLP,2025-02,1m,19.0,0.06666666666666667,0.525,,
CLP,2025-02,1m,20.0,0.06583333333333333,0.620253164556962,,
CLP,2025-02,1m,21.0,0.0675,0.6172839506172839,,
CLP,2025-02,1m,22.0,0.06333333333333334,0.6578947368421053,,
CLP,2025-02,1m,23.0,0.06416666666666666,0.6623376623376623,,
CLP,2025-02,15m,,0.975,0.33221850613154963,1840.0,1794.0
CLP,2025-02,15m,0.0,0.9875,0.6708860759493671,,
CLP,2025-02,15m,1.0,0.925,0.6891891891891891,,
CLP,2025-02,15m,2.0,0.9125,0.684931506849315,,
CLP,2025-02,15m,3.0,0.9125,0.136986301369863,,
CLP,2025-02,15m,4.0,0.925,0.05405405405405406,,
CLP,2025-02,15m,5.0,0.9875,0.06329113924050633,,
CLP,2025-02,15m,6.0,1.0,0.0125,,
CLP,2025-02,15m,7.0,1.0,0.0,,
CLP,2025-02,15m,8.0,1.0,0.0,,
CLP,2025-02,15m,9.0,1.0,0.0,,
CLP,2025-02,15m,10.0,1.0,0.0,,
CLP,2025-02,15m,11.0,1.0,0.0,,
CLP,2025-02,15m,12.0,1.0,0.0,,
CLP,2025-02,15m,13.0,1.0,0.0,,
CLP,2025-02,15m,14.0,1.0,0.0,,
CLP,2025-02,15m,15.0,0.9875,0.0,,
CLP,2025-02,15m,16.0,0.9625,0.0,,
CLP,2025-02,15m,18.0,0.9625,0.4025974025974026,,
CLP,2025-02,15m,19.0,0.9875,0.5189873417721519,,
CLP,2025-02,15m,20.0,0.9875,0.5949367088607594,,
CLP,2025-02,15m,21.0,0.9875,0.620253164556962,,
CLP,2025-02,15m,22.0,0.9375,0.6533333333333333,,
CLP,2025-02,15m,23.0,0.9625,0.6623376623376623,,
CLP,2025-02,1h,,0.991304347826087,0.31359649122807015,460.0,456.0
CLP,2025-02,1h,0.0,1.0,0.0,,
CLP,2025-02,1h,1.0,1.0,0.0,,
CLP,2025-02,1h,2.0,0.95,0.0,,
CLP,2025-02,1h,3.0,0.95,0.0,,
CLP,2025-02,1h,4.0,0.95,0.0,,
CLP,2025-02,1h,5.0,1.0,0.0,,
CLP,2025-02,1h,6.0,1.0,0.0,,
CLP,2025-02,1h,7.0,1.0,0.0,,
CLP,2025-02,1h,8.0,1.0,0.0,,
CLP,2025-02,1h,9.0,1.0,0.0,,
CLP,2025-02,1h,10.0,1.0,0.0,,
CLP,2025-02,1h,11.0,1.0,0.0,,
CLP,2025-02,1h,12.0,1.0,0.0,,
CLP,2025-02,1h,13.0,1.0,0.0,,
CLP,2025-02,1h,14.0,1.0,0.0,,
CLP,2025-02,1h,15.0,1.0,0.0,,
CLP,2025-02,1h,16.0,1.0,0.0,,
CLP,2025-02,1h,18.0,1.0,0.0,,
CLP,2025-02,1h,19.0,1.0,0.0,,
CLP,2025-02,1h,20.0,1.0,0.0,,
CLP,2025-02,1h,21.0,1.0,0.0,,
CLP,2025-02,1h,22.0,1.0,0.0,,
CLP,2025-02,1h,23.0,0.95,0.0,,
CLP,2025-08,1m,,0.31732229123533473,0.08210091344062635,28980.0,9196.0
CLP,2025-08,1m,0.0,0.06825396825396825,0.5581395348837209,,
CLP,2025-08,1m,1.0,0.06666666666666667,0.6071428571428571,,
CLP,2025-08,1m,2.0,0.08253968253968254,0.4326923076923077,,
CLP,2025-08,1m,3.0,0.0873015873015873,0.32727272727272727,,
CLP,2025-08,1m,4.0,0.09523809523809523,0.4083333333333333,,
CLP,2025-08,1m,5.0,0.08412698412698413,0.6415094339622641,,
CLP,2025-08,1m,6.0,0.06825396825396825,0.5930232558139535,,
CLP,2025-08,1m,7.0,0.1373015873015873,0.12138728323699421,,
CLP,2025-08,1m,8.0,0.6968253968253968,0.002277904328018223,,
CLP,2025-08,1m,9.0,0.9484126984126984,0.0,,
CLP,2025-08,1m,10.0,0.957936507936508,0.0,,
CLP,2025-08,1m,11.0,0.9523809523809523,0.0,,
CLP,2025-08,1m,12.0,0.9380952380952381,0.0,,
CLP,2025-08,1m,13.0,0.9007936507936508,0.0,,
CLP,2025-08,1m,14.0,0.38333333333333336,0.0,,
CLP,2025-08,1m,15.0,0.22698412698412698,0.0,,
CLP,2025-08,1m,16.0,0.19523809523809524,0.0,,
CLP,2025-08,1m,18.0,0.07222222222222222,0.24175824175824176,,
CLP,2025-08,1m,19.0,0.06507936507936508,0.3170731707317073,,
CLP,2025-08,1m,20.0,0.06904761904761905,0.367816091954023,,
CLP,2025-08,1m,21.0,0.06825396825396825,0.46511627906976744,,
CLP,2025-08,1m,22.0,0.06746031746031746,0.5529411764705883,,
CLP,2025-08,1m,23.0,0.06666666666666667,0.5238095238095238,,
CLP,2025-08,15m,,0.9927536231884058,0.35140771637122004,1932.0,1918.0
CLP,2025-08,15m,0.0,0.9880952380952381,0.5421686746987951,,
CLP,2025-08,15m,1.0,1.0,0.5952380952380952,,
CLP,2025-08,15m,2.0,0.9761904761904762,0.3902439024390244,,
CLP,2025-08,15m,3.0,0.9523809523809523,0.25,,
CLP,2025-08,15m,4.0,0.9880952380952381,0.2891566265060241,,
CLP,2025-08,15m,5.0,1.0,0.5952380952380952,,
CLP,2025-08,15m,6.0,0.9880952380952381,0.6144578313253012,,
CLP,2025-08,15m,7.0,1.0,0.25,,
CLP,2025-08,15m,8.0,1.0,0.047619047619047616,,
CLP,2025-08,15m,9.0,1.0,0.0,,
CLP,2025-08,15m,10.0,1.0,0.0,,
CLP,2025-08,15m,11.0,1.0,0.0,,
CLP,2025-08,15m,12.0,1.0,0.0,,
CLP,2025-08,15m,13.0,1.0,0.0,,
CLP,2025-08,15m,14.0,1.0,0.0,,
CLP,2025-08,15m,15.0,0.9880952380952381,0.0,,
CLP,2025-08,15m,16.0,1.0,0.0,,
CLP,2025-08,15m,18.0,0.9761904761904762,0.23170731707317074,,
CLP,2025-08,15m,19.0,0.9880952380952381,0.30120481927710846,,
CLP,2025-08,15m,20.0,0.9880952380952381,0.3614457831325301,,
CLP,2025-08,15m,21.0,1.0,0.42857142857142855,,
CLP,2025-08,15m,22.0,1.0,0.5595238095238095,,
CLP,2025-08,15m,23.0,1.0,0.5357142857142857,,
CLP,2025-08,1h,,1.0,0.3167701863354037,483.0,483.0
CLP,2025-08,1h,0.0,1.0,0.0,,
CLP,2025-08,1h,1.0,1.0,0.0,,
CLP,2025-08,1h,2.0,1.0,0.0,,
CLP,2025-08,1h,3.0,1.0,0.0,,
CLP,2025-08,1h,4.0,1.0,0.0,,
CLP,2025-08,1h,5.0,1.0,0.0,,
CLP,2025-08,1h,6.0,1.0,0.0,,
CLP,2025-08,1h,7.0,1.0,0.0,,
CLP,2025-08,1h,8.0,1.0,0.0,,
CLP,2025-08,1h,9.0,1.0,0.0,,
CLP,2025-08,1h,10.0,1.0,0.0,,
CLP,2025-08,1h,11.0,1.0,0.0,,
CLP,2025-08,1h,12.0,1.0,0.0,,
CLP,2025-08,1h,13.0,1.0,0.0,,
CLP,2025-08,1h,14.0,1.0,0.0,,
CLP,2025-08,1h,15.0,1.0,0.0,,
CLP,2025-08,1h,16.0,1.0,0.0,,
CLP,2025-08,1h,18.0,1.0,0.0,,
CLP,2025-08,1h,19.0,1.0,0.0,,
CLP,2025-08,1h,20.0,1.0,0.0,,
CLP,2025-08,1h,21.0,1.0,0.0,,
CLP,2025-08,1h,22.0,1.0,0.0,,
CLP,2025-08,1h,23.0,1.0,0.0,,
COP,2009-11,1m,,0.00241038531731001,0.014285714285714285,29041.0,70.0
COP,2009-11,1m,0.0,0.0007936507936507937,,,
COP,2009-11,1m,1.0,0.0,,,
COP,2009-11,1m,2.0,0.020634920634920634,0.0,,
COP,2009-11,1m,3.0,0.0007936507936507937,,,
COP,2009-11,1m,4.0,0.007142857142857143,0.1111111111111111,,
COP,2009-11,1m,5.0,0.006349206349206349,0.0,,
COP,2009-11,1m,6.0,0.004761904761904762,0.0,,
COP,2009-11,1m,7.0,0.0031746031746031746,0.0,,
COP,2009-11,1m,8.0,0.0031746031746031746,0.0,,
COP,2009-11,1m,9.0,0.003968253968253968,0.2,,
COP,2009-11,1m,10.0,0.0015873015873015873,0.0,,
COP,2009-11,1m,11.0,0.0007936507936507937,,,
COP,2009-11,1m,12.0,0.0007936507936507937,,,
COP,2009-11,1m,13.0,0.0,,,
COP,2009-11,1m,14.0,0.0,,,
COP,2009-11,1m,15.0,0.0015873015873015873,0.0,,
COP,2009-11,1m,16.0,0.0,,,
COP,2009-11,1m,18.0,0.0,,,
COP,2009-11,1m,19.0,0.0,,,
COP,2009-11,1m,20.0,0.0,,,
COP,2009-11,1m,21.0,0.0,,,
COP,2009-11,1m,22.0,0.0,,,
COP,2009-11,1m,23.0,0.0,,,
COP,2009-11,15m,,0.03304078471863707,0.015625,1937.0,64.0
COP,2009-11,15m,0.0,0.011904761904761904,,,
COP,2009-11,15m,1.0,0.0,,,
COP,2009-11,15m,2.0,0.2619047619047619,0.0,,
COP,2009-11,15m,3.0,0.011904761904761904,,,
COP,2009-11,15m,4.0,0.07142857142857142,0.16666666666666666,,
COP,2009-11,15m,5.0,0.10714285714285714,0.0,,
COP,2009-11,15m,6.0,0.011904761904761904,,,
COP,2009-11,15m,7.0,0.10714285714285714,0.0,,
COP,2009-11,15m,8.0,0.03571428571428571,0.0,,
COP,2009-11,15m,9.0,0.047619047619047616,0.25,,
COP,2009-11,15m,10.0,0.047619047619047616,0.0,,
COP,2009-11,15m,11.0,0.011904761904761904,,,
COP,2009-11,15m,12.0,0.011904761904761904,,,
COP,2009-11,15m,13.0,0.0,,,
COP,2009-11,15m,14.0,0.0,,,
COP,2009-11,15m,15.0,0.023809523809523808,0.0,,
COP,2009-11,15m,16.0,0.0,,,
COP,2009-11,15m,18.0,0.0,,,
COP,2009-11,15m,19.0,0.0,,,
COP,2009-11,15m,20.0,0.0,,,
COP,2009-11,15m,21.0,0.0,,,
COP,2009-11,15m,22.0,0.0,,,
COP,2009-11,15m,23.0,0.0,,,
COP,2009-11,1h,,0.12371134020618557,0.0,485.0,60.0
COP,2009-11,1h,0.0,0.0,,,
COP,2009-11,1h,1.0,0.047619047619047616,,,
COP,2009-11,1h,2.0,0.0,,,
COP,2009-11,1h,3.0,1.0,0.0,,
COP,2009-11,1h,4.0,0.047619047619047616,,,
COP,2009-11,1h,5.0,0.3333333333333333,0.14285714285714285,,
COP,2009-11,1h,6.0,0.3333333333333333,0.0,,
COP,2009-11,1h,7.0,0.2857142857142857,0.0,,
COP,2009-11,1h,8.0,0.14285714285714285,0.0,,
COP,2009-11,1h,9.0,0.19047619047619047,0.0,,
COP,2009-11,1h,10.0,0.19047619047619047,0.0,,
COP,2009-11,1h,11.0,0.09523809523809523,0.0,,
COP,2009-11,1h,12.0,0.047619047619047616,,,
COP,2009-11,1h,13.0,0.047619047619047616,,,
COP,2009-11,1h,14.0,0.0,,,
COP,2009-11,1h,15.0,0.0,,,
COP,2009-11,1h,16.0,0.09523809523809523,0.0,,
COP,2009-11,1h,18.0,0.0,,,
COP,2009-11,1h,19.0,0.0,,,
COP,2009-11,1h,20.0,0.0,,,
COP,2009-11,1h,21.0,0.0,,,
COP,2009-11,1h,22.0,0.0,,,
COP,2009-11,1h,23.0,0.0,,,
COP,2010-02,1m,,0.0026811594202898552,0.013513513513513514,27600.0,74.0
COP,2010-02,1m,0.0,0.0,,,
COP,2010-02,1m,1.0,0.0,,,
COP,2010-02,1m,2.0,0.019166666666666665,0.0,,
COP,2010-02,1m,3.0,0.0008333333333333334,,,
COP,2010-02,1m,4.0,0.008333333333333333,0.3,,
COP,2010-02,1m,5.0,0.008333333333333333,0.0,,
COP,2010-02,1m,6.0,0.0075,0.0,,
COP,2010-02,1m,7.0,0.0033333333333333335,0.0,,
COP,2010-02,1m,8.0,0.005833333333333334,0.0,,
COP,2010-02,1m,9.0,0.0016666666666666668,0.0,,
COP,2010-02,1m,10.0,0.004166666666666667,0.0,,
COP,2010-02,1m,11.0,0.0016666666666666668,0.0,,
COP,2010-02,1m,12.0,0.0,,,
COP,2010-02,1m,13.0,0.0,,,
COP,2010-02,1m,14.0,0.0,,,
COP,2010-02,1m,15.0,0.0008333333333333334,,,
COP,2010-02,1m,16.0,0.0,,,
COP,2010-02,1m,18.0,0.0,,,
COP,2010-02,1m,19.0,0.0,,,
COP,2010-02,1m,20.0,0.0,,,
COP,2010-02,1m,21.0,0.0,,,
COP,2010-02,1m,22.0,0.0,,,
COP,2010-02,1m,23.0,0.0,,,
COP,2010-02,15m,,0.03695652173913044,0.014705882352941176,1840.0,68.0
COP,2010-02,15m,0.0,0.0,,,
COP,2010-02,15m,1.0,0.0,,,
COP,2010-02,15m,2.0,0.2625,0.0,,
COP,2010-02,15m,3.0,0.0125,,,
COP,2010-02,15m,4.0,0.075,0.3333333333333333,,
COP,2010-02,15m,5.0,0.15,0.0,,
COP,2010-02,15m,6.0,0.1,0.0,,
COP,2010-02,15m,7.0,0.0375,0.0,,
COP,2010-02,15m,8.0,0.0875,0.0,,
COP,2010-02,15m,9.0,0.025,0.0,,
COP,2010-02,15m,10.0,0.0625,0.0,,
COP,2010-02,15m,11.0,0.025,0.0,,
COP,2010-02,15m,12.0,0.0,,,
COP,2010-02,15m,13.0,0.0,,,
COP,2010-02,15m,14.0,0.0,,,
COP,2010-02,15m,15.0,0.0125,,,
COP,2010-02,15m,16.0,0.0,,,
COP,2010-02,15m,18.0,0.0,,,
COP,2010-02,15m,19.0,0.0,,,
COP,2010-02,15m,20.0,0.0,,,
COP,2010-02,15m,21.0,0.0,,,
COP,2010-02,15m,22.0,0.0,,,
COP,2010-02,15m,23.0,0.0,,,
COP,2010-02,1h,,0.13043478260869565,0.016666666666666666,460.0,60.0
COP,2010-02,1h,0.0,0.0,,,
COP,2010-02,1h,1.0,0.0,,,
COP,2010-02,1h,2.0,0.0,,,
COP,2010-02,1h,3.0,1.0,0.0,,
COP,2010-02,1h,4.0,0.05,,,
COP,2010-02,1h,5.0,0.4,0.125,,
COP,2010-02,1h,6.0,0.3,0.0,,
COP,2010-02,1h,7.0,0.35,0.0,,
COP,2010-02,1h,8.0,0.25,0.0,,
COP,2010-02,1h,9.0,0.25,0.0,,
COP,2010-02,1h,10.0,0.1,0.0,,
COP,2010-02,1h,11.0,0.2,0.0,,
COP,2010-02,1h,12.0,0.05,,,
COP,2010-02,1h,13.0,0.0,,,
COP,2010-02,1h,14.0,0.0,,,
COP,2010-02,1h,15.0,0.0,,,
COP,2010-02,1h,16.0,0.05,,,
COP,2010-02,1h,18.0,0.0,,,
COP,2010-02,1h,19.0,0.0,,,
COP,2010-02,1h,20.0,0.0,,,
COP,2010-02,1h,21.0,0.0,,,
COP,2010-02,1h,22.0,0.0,,,
COP,2010-02,1h,23.0,0.0,,,
COP,2010-08,1m,,0.0012138709359929135,0.02702702702702703,30481.0,37.0
COP,2010-08,1m,0.0,0.0,,,
COP,2010-08,1m,1.0,0.0007575757575757576,,,
COP,2010-08,1m,2.0,0.0,,,
COP,2010-08,1m,3.0,0.015151515151515152,0.0,,
COP,2010-08,1m,4.0,0.0015151515151515152,0.0,,
COP,2010-08,1m,5.0,0.0007575757575757576,,,
COP,2010-08,1m,6.0,0.0015151515151515152,0.0,,
COP,2010-08,1m,7.0,0.0022727272727272726,0.0,,
COP,2010-08,1m,8.0,0.0022727272727272726,0.0,,
COP,2010-08,1m,9.0,0.0022727272727272726,0.0,,
COP,2010-08,1m,10.0,0.0,,,
COP,2010-08,1m,11.0,0.0007575757575757576,,,
COP,2010-08,1m,12.0,0.0,,,
COP,2010-08,1m,13.0,0.0,,,
COP,2010-08,1m,14.0,0.0,,,
COP,2010-08,1m,15.0,0.0,,,
COP,2010-08,1m,16.0,0.0007575757575757576,,,
COP,2010-08,1m,18.0,0.0,,,
COP,2010-08,1m,19.0,0.0,,,
COP,2010-08,1m,20.0,0.0,,,
COP,2010-08,1m,21.0,0.0,,,
COP,2010-08,1m,22.0,0.0,,,
COP,2010-08,1m,23.0,0.0,,,
COP,2010-08,15m,,0.017707820954254796,0.027777777777777776,2033.0,36.0
COP,2010-08,15m,0.0,0.0,,,
COP,2010-08,15m,1.0,0.011363636363636364,,,
COP,2010-08,15m,2.0,0.0,,,
COP,2010-08,15m,3.0,0.22727272727272727,0.0,,
COP,2010-08,15m,4.0,0.011363636363636364,,,
COP,2010-08,15m,5.0,0.011363636363636364,,,
COP,2010-08,15m,6.0,0.011363636363636364,,,
COP,2010-08,15m,7.0,0.045454545454545456,0.0,,
COP,2010-08,15m,8.0,0.03409090909090909,0.0,,
COP,2010-08,15m,9.0,0.03409090909090909,0.0,,
COP,2010-08,15m,10.0,0.0,,,
COP,2010-08,15m,11.0,0.0,,,
COP,2010-08,15m,12.0,0.011363636363636364,,,
COP,2010-08,15m,13.0,0.0,,,
COP,2010-08,15m,14.0,0.0,,,
COP,2010-08,15m,15.0,0.0,,,
COP,2010-08,15m,16.0,0.011363636363636364,,,
COP,2010-08,15m,18.0,0.0,,,
COP,2010-08,15m,19.0,0.0,,,
COP,2010-08,15m,20.0,0.0,,,
COP,2010-08,15m,21.0,0.0,,,
COP,2010-08,15m,22.0,0.0,,,
COP,2010-08,15m,23.0,0.0,,,
COP,2010-08,1h,,0.068762278978389,0.02857142857142857,509.0,35.0
COP,2010-08,1h,0.0,0.0,,,
COP,2010-08,1h,1.0,0.0,,,
COP,2010-08,1h,2.0,0.045454545454545456,,,
COP,2010-08,1h,3.0,0.09090909090909091,0.0,,
COP,2010-08,1h,4.0,0.8181818181818182,0.0,,
COP,2010-08,1h,5.0,0.045454545454545456,,,
COP,2010-08,1h,6.0,0.045454545454545456,,,
COP,2010-08,1h,7.0,0.09090909090909091,0.0,,
COP,2010-08,1h,8.0,0.13636363636363635,0.0,,
COP,2010-08,1h,9.0,0.18181818181818182,0.0,,
COP,2010-08,1h,10.0,0.09090909090909091,0.0,,
COP,2010-08,1h,11.0,0.0,,,
COP,2010-08,1h,12.0,0.045454545454545456,,,
COP,2010-08,1h,13.0,0.0,,,
COP,2010-08,1h,14.0,0.0,,,
COP,2010-08,1h,15.0,0.0,,,
COP,2010-08,1h,16.0,0.0,,,
COP,2010-08,1h,18.0,0.0,,,
COP,2010-08,1h,19.0,0.0,,,
COP,2010-08,1h,20.0,0.0,,,
COP,2010-08,1h,21.0,0.0,,,
COP,2010-08,1h,22.0,0.0,,,
COP,2010-08,1h,23.0,0.0,,,
COP,2015-02,1m,,0.0038768115942028987,0.018691588785046728,27600.0,107.0
COP,2015-02,1m,0.0,0.0,,,
COP,2015-02,1m,1.0,0.0,,,
COP,2015-02,1m,2.0,0.018333333333333333,0.0,,
COP,2015-02,1m,3.0,0.0033333333333333335,0.0,,
COP,2015-02,1m,4.0,0.010833333333333334,0.07692307692307693,,
COP,2015-02,1m,5.0,0.010833333333333334,0.07692307692307693,,
COP,2015-02,1m,6.0,0.008333333333333333,0.0,,
COP,2015-02,1m,7.0,0.009166666666666667,0.0,,
COP,2015-02,1m,8.0,0.0025,0.0,,
COP,2015-02,1m,9.0,0.0033333333333333335,0.0,,
COP,2015-02,1m,10.0,0.004166666666666667,0.0,,
COP,2015-02,1m,11.0,0.0016666666666666668,0.0,,
COP,2015-02,1m,12.0,0.0008333333333333334,,,
COP,2015-02,1m,13.0,0.0,,,
COP,2015-02,1m,14.0,0.0033333333333333335,0.0,,
COP,2015-02,1m,15.0,0.01,0.0,,
COP,2015-02,1m,16.0,0.0,,,
COP,2015-02,1m,18.0,0.0,,,
COP,2015-02,1m,19.0,0.0,,,
COP,2015-02,1m,20.0,0.0,,,
COP,2015-02,1m,21.0,0.0016666666666666668,0.0,,
COP,2015-02,1m,22.0,0.0008333333333333334,,,
COP,2015-02,1m,23.0,0.0,,,
COP,2015-02,15m,,0.05380434782608696,0.010101010101010102,1840.0,99.0
COP,2015-02,15m,0.0,0.0,,,
COP,2015-02,15m,1.0,0.0,,,
COP,2015-02,15m,2.0,0.2625,0.0,,
COP,2015-02,15m,3.0,0.0125,,,
COP,2015-02,15m,4.0,0.1,0.0,,
COP,2015-02,15m,5.0,0.1625,0.0,,
COP,2015-02,15m,6.0,0.1625,0.0,,
COP,2015-02,15m,7.0,0.1375,0.0,,
COP,2015-02,15m,8.0,0.0375,0.0,,
COP,2015-02,15m,9.0,0.025,0.0,,
COP,2015-02,15m,10.0,0.05,0.0,,
COP,2015-02,15m,11.0,0.025,0.0,,
COP,2015-02,15m,12.0,0.025,0.0,,
COP,2015-02,15m,13.0,0.0,,,
COP,2015-02,15m,14.0,0.025,0.0,,
COP,2015-02,15m,15.0,0.175,0.0,,
COP,2015-02,15m,16.0,0.0,,,
COP,2015-02,15m,18.0,0.0,,,
COP,2015-02,15m,19.0,0.0,,,
COP,2015-02,15m,20.0,0.0,,,
COP,2015-02,15m,21.0,0.025,0.0,,
COP,2015-02,15m,22.0,0.0125,,,
COP,2015-02,15m,23.0,0.0,,,
COP,2015-02,1h,,0.2,0.010869565217391304,460.0,92.0
COP,2015-02,1h,0.0,0.0,,,
COP,2015-02,1h,1.0,0.0,,,
COP,2015-02,1h,2.0,0.0,,,
COP,2015-02,1h,3.0,1.0,0.0,,
COP,2015-02,1h,4.0,0.2,0.0,,
COP,2015-02,1h,5.0,0.55,0.0,,
COP,2015-02,1h,6.0,0.45,0.1111111111111111,,
COP,2015-02,1h,7.0,0.45,0.0,,
COP,2015-02,1h,8.0,0.4,0.0,,
COP,2015-02,1h,9.0,0.15,0.0,,
COP,2015-02,1h,10.0,0.15,0.0,,
COP,2015-02,1h,11.0,0.2,0.0,,
COP,2015-02,1h,12.0,0.1,0.0,,
COP,2015-02,1h,13.0,0.05,,,
COP,2015-02,1h,14.0,0.0,,,
COP,2015-02,1h,15.0,0.4,0.0,,
COP,2015-02,1h,16.0,0.4,0.0,,
COP,2015-02,1h,18.0,0.0,,,
COP,2015-02,1h,19.0,0.0,,,
COP,2015-02,1h,20.0,0.0,,,
COP,2015-02,1h,21.0,0.0,,,
COP,2015-02,1h,22.0,0.05,,,
COP,2015-02,1h,23.0,0.05,,,
COP,2015-08,1m,,0.00285213566544105,0.012048192771084338,29101.0,83.0
COP,2015-08,1m,0.0,0.0015873015873015873,0.0,,
COP,2015-08,1m,1.0,0.0015873015873015873,0.0,,
COP,2015-08,1m,2.0,0.0007936507936507937,,,
COP,2015-08,1m,3.0,0.016666666666666666,0.0,,
COP,2015-08,1m,4.0,0.0015873015873015873,0.0,,
COP,2015-08,1m,5.0,0.002380952380952381,0.0,,
COP,2015-08,1m,6.0,0.007936507936507936,0.0,,
COP,2015-08,1m,7.0,0.002380952380952381,0.0,,
COP,2015-08,1m,8.0,0.0031746031746031746,0.0,,
COP,2015-08,1m,9.0,0.003968253968253968,0.0,,
COP,2015-08,1m,10.0,0.004761904761904762,0.16666666666666666,,
COP,2015-08,1m,11.0,0.0007936507936507937,,,
COP,2015-08,1m,12.0,0.002380952380952381,0.0,,
COP,2015-08,1m,13.0,0.0015873015873015873,0.0,,
COP,2015-08,1m,14.0,0.0015873015873015873,0.0,,
COP,2015-08,1m,15.0,0.0007936507936507937,,,
COP,2015-08,1m,16.0,0.011111111111111112,0.0,,
COP,2015-08,1m,18.0,0.0,,,
COP,2015-08,1m,19.0,0.0,,,
COP,2015-08,1m,20.0,0.0,,,
COP,2015-08,1m,21.0,0.0,,,
COP,2015-08,1m,22.0,0.0007936507936507937,,,
COP,2015-08,1m,23.0,0.0,,,
COP,2015-08,15m,,0.03915507470376095,0.0,1941.0,76.0
COP,2015-08,15m,0.0,0.0,,,
COP,2015-08,15m,1.0,0.03571428571428571,0.0,,
COP,2015-08,15m,2.0,0.011904761904761904,,,
COP,2015-08,15m,3.0,0.23809523809523808,0.0,,
COP,2015-08,15m,4.0,0.011904761904761904,,,
COP,2015-08,15m,5.0,0.047619047619047616,0.0,,
COP,2015-08,15m,6.0,0.09523809523809523,0.0,,
COP,2015-08,15m,7.0,0.03571428571428571,0.0,,
COP,2015-08,15m,8.0,0.023809523809523808,0.0,,
COP,2015-08,15m,9.0,0.047619047619047616,0.0,,
COP,2015-08,15m,10.0,0.05952380952380952,0.0,,
COP,2015-08,15m,11.0,0.023809523809523808,0.0,,
COP,2015-08,15m,12.0,0.03571428571428571,0.0,,
COP,2015-08,15m,13.0,0.011904761904761904,,,
COP,2015-08,15m,14.0,0.03571428571428571,0.0,,
COP,2015-08,15m,15.0,0.0,,,
COP,2015-08,15m,16.0,0.17857142857142858,0.0,,
COP,2015-08,15m,18.0,0.0,,,
COP,2015-08,15m,19.0,0.0,,,
COP,2015-08,15m,20.0,0.0,,,
COP,2015-08,15m,21.0,0.0,,,
COP,2015-08,15m,22.0,0.011904761904761904,,,
COP,2015-08,15m,23.0,0.0,,,
COP,2015-08,1h,,0.13786008230452676,0.0,486.0,67.0
COP,2015-08,1h,0.0,0.0,,,
COP,2015-08,1h,1.0,0.047619047619047616,,,
COP,2015-08,1h,2.0,0.09523809523809523,0.0,,
COP,2015-08,1h,3.0,0.047619047619047616,,,
COP,2015-08,1h,4.0,0.9523809523809523,0.0,,
COP,2015-08,1h,5.0,0.14285714285714285,0.0,,
COP,2015-08,1h,6.0,0.09523809523809523,0.0,,
COP,2015-08,1h,7.0,0.3333333333333333,0.0,,
COP,2015-08,1h,8.0,0.14285714285714285,0.0,,
COP,2015-08,1h,9.0,0.14285714285714285,0.0,,
COP,2015-08,1h,10.0,0.23809523809523808,0.0,,
COP,2015-08,1h,11.0,0.19047619047619047,0.0,,
COP,2015-08,1h,12.0,0.047619047619047616,,,
COP,2015-08,1h,13.0,0.14285714285714285,0.0,,
COP,2015-08,1h,14.0,0.09523809523809523,0.0,,
COP,2015-08,1h,15.0,0.09523809523809523,0.0,,
COP,2015-08,1h,16.0,0.3333333333333333,0.0,,
COP,2015-08,1h,18.0,0.0,,,
COP,2015-08,1h,19.0,0.0,,,
COP,2015-08,1h,20.0,0.0,,,
COP,2015-08,1h,21.0,0.0,,,
COP,2015-08,1h,22.0,0.0,,,
COP,2015-08,1h,23.0,0.047619047619047616,,,
COP,2020-02,1m,,0.17282608695652174,0.11446540880503145,27600.0,4770.0
COP,2020-02,1m,0.0,0.0,,,
COP,2020-02,1m,1.0,0.0008333333333333334,,,
COP,2020-02,1m,2.0,0.023333333333333334,0.0,,
COP,2020-02,1m,3.0,0.655,0.13231552162849872,,
COP,2020-02,1m,4.0,0.73,0.1678082191780822,,
COP,2020-02,1m,5.0,0.7925,0.10199789695057834,,
COP,2020-02,1m,6.0,0.8366666666666667,0.11952191235059761,,
COP,2020-02,1m,7.0,0.8958333333333334,0.053953488372093024,,
COP,2020-02,1m,8.0,0.019166666666666665,0.0,,
COP,2020-02,1m,9.0,0.0025,0.0,,
COP,2020-02,1m,10.0,0.0016666666666666668,0.0,,
COP,2020-02,1m,11.0,0.005,0.0,,
COP,2020-02,1m,12.0,0.0033333333333333335,0.0,,
COP,2020-02,1m,13.0,0.0,,,
COP,2020-02,1m,14.0,0.0016666666666666668,0.0,,
COP,2020-02,1m,15.0,0.0008333333333333334,,,
COP,2020-02,1m,16.0,0.0016666666666666668,0.0,,
COP,2020-02,1m,18.0,0.0,,,
COP,2020-02,1m,19.0,0.0,,,
COP,2020-02,1m,20.0,0.0,,,
COP,2020-02,1m,21.0,0.0016666666666666668,0.0,,
COP,2020-02,1m,22.0,0.0,,,
COP,2020-02,1m,23.0,0.0033333333333333335,0.0,,
COP,2020-02,15m,,0.23804347826086958,0.0684931506849315,1840.0,438.0
COP,2020-02,15m,0.0,0.025,0.0,,
COP,2020-02,15m,1.0,0.0125,,,
COP,2020-02,15m,2.0,0.25,0.0,,
COP,2020-02,15m,3.0,0.775,0.0967741935483871,,
COP,2020-02,15m,4.0,0.925,0.06756756756756757,,
COP,2020-02,15m,5.0,0.975,0.0,,
COP,2020-02,15m,6.0,0.95,0.06578947368421052,,
COP,2020-02,15m,7.0,0.9875,0.0379746835443038,,
COP,2020-02,15m,8.0,0.3125,0.0,,
COP,2020-02,15m,9.0,0.0375,0.0,,
COP,2020-02,15m,10.0,0.025,0.0,,
COP,2020-02,15m,11.0,0.05,0.0,,
COP,2020-02,15m,12.0,0.0625,0.0,,
COP,2020-02,15m,13.0,0.0,,,
COP,2020-02,15m,14.0,0.025,0.0,,
COP,2020-02,15m,15.0,0.0,,,
COP,2020-02,15m,16.0,0.025,0.0,,
COP,2020-02,15m,18.0,0.0,,,
COP,2020-02,15m,19.0,0.0,,,
COP,2020-02,15m,20.0,0.0,,,
COP,2020-02,15m,21.0,0.025,0.0,,
COP,2020-02,15m,22.0,0.0,,,
COP,2020-02,15m,23.0,0.0125,,,
COP,2020-02,1h,,0.3173913043478261,0.07534246575342465,460.0,146.0
COP,2020-02,1h,0.0,0.15,0.0,,
COP,2020-02,1h,1.0,0.0,,,
COP,2020-02,1h,2.0,0.05,,,
COP,2020-02,1h,3.0,1.0,0.0,,
COP,2020-02,1h,4.0,1.0,0.0,,
COP,2020-02,1h,5.0,0.95,0.0,,
COP,2020-02,1h,6.0,1.0,0.0,,
COP,2020-02,1h,7.0,1.0,0.0,,
COP,2020-02,1h,8.0,1.0,0.0,,
COP,2020-02,1h,9.0,0.35,0.0,,
COP,2020-02,1h,10.0,0.1,0.0,,
COP,2020-02,1h,11.0,0.1,0.0,,
COP,2020-02,1h,12.0,0.25,0.0,,
COP,2020-02,1h,13.0,0.1,0.0,,
COP,2020-02,1h,14.0,0.0,,,
COP,2020-02,1h,15.0,0.1,0.0,,
COP,2020-02,1h,16.0,0.05,,,
COP,2020-02,1h,18.0,0.0,,,
COP,2020-02,1h,19.0,0.0,,,
COP,2020-02,1h,20.0,0.0,,,
COP,2020-02,1h,21.0,0.0,,,
COP,2020-02,1h,22.0,0.1,0.0,,
COP,2020-02,1h,23.0,0.0,,,
COP,2020-08,1m,,0.1648396962303701,0.01459245361684386,29101.0,4797.0
COP,2020-08,1m,0.0,0.0,,,
COP,2020-08,1m,1.0,0.004761904761904762,0.16666666666666666,,
COP,2020-08,1m,2.0,0.00873015873015873,0.0,,
COP,2020-08,1m,3.0,0.018253968253968255,0.0,,
COP,2020-08,1m,4.0,0.00873015873015873,0.09090909090909091,,
COP,2020-08,1m,5.0,0.6023809523809524,0.007905138339920948,,
COP,2020-08,1m,6.0,0.65,0.01098901098901099,,
COP,2020-08,1m,7.0,0.7880952380952381,0.010070493454179255,,
COP,2020-08,1m,8.0,0.8603174603174604,0.01014760147601476,,
COP,2020-08,1m,9.0,0.8007936507936508,0.006937561942517344,,
COP,2020-08,1m,10.0,0.03253968253968254,0.12195121951219512,,
COP,2020-08,1m,11.0,0.005555555555555556,0.0,,
COP,2020-08,1m,12.0,0.006349206349206349,0.0,,
COP,2020-08,1m,13.0,0.01507936507936508,0.0,,
COP,2020-08,1m,14.0,0.0007936507936507937,,,
COP,2020-08,1m,15.0,0.0,,,
COP,2020-08,1m,16.0,0.0007936507936507937,,,
COP,2020-08,1m,18.0,0.0007575757575757576,,,
COP,2020-08,1m,19.0,0.0,,,
COP,2020-08,1m,20.0,0.0,,,
COP,2020-08,1m,21.0,0.0,,,
COP,2020-08,1m,22.0,0.0007936507936507937,,,
COP,2020-08,1m,23.0,0.002380952380952381,0.0,,
COP,2020-08,15m,,0.24471921689850593,0.04842105263157895,1941.0,475.0
COP,2020-08,15m,0.0,0.0,,,
COP,2020-08,15m,1.0,0.03571428571428571,0.0,,
COP,2020-08,15m,2.0,0.07142857142857142,0.0,,
COP,2020-08,15m,3.0,0.23809523809523808,0.0,,
COP,2020-08,15m,4.0,0.16666666666666666,0.07142857142857142,,
COP,2020-08,15m,5.0,0.7738095238095238,0.015384615384615385,,
COP,2020-08,15m,6.0,0.7619047619047619,0.0,,
COP,2020-08,15m,7.0,0.8452380952380952,0.0,,
COP,2020-08,15m,8.0,0.9166666666666666,0.012987012987012988,,
COP,2020-08,15m,9.0,0.9166666666666666,0.0,,
COP,2020-08,15m,10.0,0.44047619047619047,0.10810810810810811,,
COP,2020-08,15m,11.0,0.09523809523809523,0.0,,
COP,2020-08,15m,12.0,0.08333333333333333,0.0,,
COP,2020-08,15m,13.0,0.21428571428571427,0.0,,
COP,2020-08,15m,14.0,0.023809523809523808,0.0,,
COP,2020-08,15m,15.0,0.0,,,
COP,2020-08,15m,16.0,0.011904761904761904,,,
COP,2020-08,15m,18.0,0.011363636363636364,,,
COP,2020-08,15m,19.0,0.0,,,
COP,2020-08,15m,20.0,0.0,,,
COP,2020-08,15m,21.0,0.0,,,
COP,2020-08,15m,22.0,0.011904761904761904,,,
COP,2020-08,15m,23.0,0.03571428571428571,0.0,,
COP,2020-08,1h,,0.3950617283950617,0.06770833333333333,486.0,192.0
COP,2020-08,1h,0.0,0.14285714285714285,0.0,,
COP,2020-08,1h,1.0,0.0,,,
COP,2020-08,1h,2.0,0.2857142857142857,0.0,,
COP,2020-08,1h,3.0,0.3333333333333333,0.0,,
COP,2020-08,1h,4.0,0.7619047619047619,0.0,,
COP,2020-08,1h,5.0,0.7619047619047619,0.0,,
COP,2020-08,1h,6.0,0.9523809523809523,0.0,,
COP,2020-08,1h,7.0,0.9523809523809523,0.0,,
COP,2020-08,1h,8.0,0.9047619047619048,0.0,,
COP,2020-08,1h,9.0,1.0,0.0,,
COP,2020-08,1h,10.0,1.0,0.0,,
COP,2020-08,1h,11.0,0.7142857142857143,0.0,,
COP,2020-08,1h,12.0,0.23809523809523808,0.0,,
COP,2020-08,1h,13.0,0.8095238095238095,0.0,,
COP,2020-08,1h,14.0,0.14285714285714285,0.0,,
COP,2020-08,1h,15.0,0.047619047619047616,,,
COP,2020-08,1h,16.0,0.0,,,
COP,2020-08,1h,18.0,0.0,,,
COP,2020-08,1h,19.0,0.045454545454545456,,,
COP,2020-08,1h,20.0,0.0,,,
COP,2020-08,1h,21.0,0.0,,,
COP,2020-08,1h,22.0,0.0,,,
COP,2020-08,1h,23.0,0.047619047619047616,,,
COP,2025-02,1m,,0.5557246376811594,0.011083583257269526,27600.0,15338.0
COP,2025-02,1m,0.0,0.43833333333333335,0.030418250950570342,,
COP,2025-02,1m,1.0,0.3925,0.040339702760084924,,
COP,2025-02,1m,2.0,0.3441666666666667,0.01694915254237288,,
COP,2025-02,1m,3.0,0.3466666666666667,0.004807692307692308,,
COP,2025-02,1m,4.0,0.36666666666666664,0.011363636363636364,,
COP,2025-02,1m,5.0,0.3858333333333333,0.01511879049676026,,
COP,2025-02,1m,6.0,0.4375,0.0,,
COP,2025-02,1m,7.0,0.44166666666666665,0.0,,
COP,2025-02,1m,8.0,0.9533333333333334,0.0,,
COP,2025-02,1m,9.0,0.9583333333333334,0.0,,
COP,2025-02,1m,10.0,0.9583333333333334,0.0,,
COP,2025-02,1m,11.0,0.98,0.0,,
COP,2025-02,1m,12.0,0.9558333333333333,0.0,,
COP,2025-02,1m,13.0,0.5233333333333333,0.012738853503184714,,
COP,2025-02,1m,14.0,0.515,0.0,,
COP,2025-02,1m,15.0,0.5258333333333334,0.0,,
COP,2025-02,1m,16.0,0.5241666666666667,0.028616852146263912,,
COP,2025-02,1m,18.0,0.4975,0.0,,
COP,2025-02,1m,19.0,0.4508333333333333,0.0018484288354898336,,
COP,2025-02,1m,20.0,0.44666666666666666,0.005597014925373134,,
COP,2025-02,1m,21.0,0.45916666666666667,0.021778584392014518,,
COP,2025-02,1m,22.0,0.43833333333333335,0.034220532319391636,,
COP,2025-02,1m,23.0,0.44166666666666665,0.04339622641509434,,
COP,2025-02,15m,,0.9733695652173913,0.0926856504745952,1840.0,1791.0
COP,2025-02,15m,0.0,0.95,0.3026315789473684,,
COP,2025-02,15m,1.0,0.9375,0.29333333333333333,,
COP,2025-02,15m,2.0,0.925,0.10810810810810811,,
COP,2025-02,15m,3.0,0.9375,0.02666666666666667,,
COP,2025-02,15m,4.0,0.95,0.07894736842105263,,
COP,2025-02,15m,5.0,1.0,0.0,,
COP,2025-02,15m,6.0,1.0,0.1,,
COP,2025-02,15m,7.0,1.0,0.025,,
COP,2025-02,15m,8.0,1.0,0.0,,
COP,2025-02,15m,9.0,1.0,0.0,,
COP,2025-02,15m,10.0,1.0,0.0,,
COP,2025-02,15m,11.0,1.0,0.0,,
COP,2025-02,15m,12.0,1.0,0.0,,
COP,2025-02,15m,13.0,1.0,0.0,,
COP,2025-02,15m,14.0,1.0,0.025,,
COP,2025-02,15m,15.0,1.0,0.0375,,
COP,2025-02,15m,16.0,1.0,0.0125,,
COP,2025-02,15m,18.0,0.9375,0.09333333333333334,,
COP,2025-02,15m,19.0,0.95,0.02631578947368421,,
COP,2025-02,15m,20.0,0.95,0.039473684210526314,,
COP,2025-02,15m,21.0,0.95,0.11842105263157894,,
COP,2025-02,15m,22.0,0.95,0.15789473684210525,,
COP,2025-02,15m,23.0,0.95,0.21052631578947367,,
COP,2025-02,1h,,0.9782608695652174,0.07111111111111111,460.0,450.0
COP,2025-02,1h,0.0,0.95,0.0,,
COP,2025-02,1h,1.0,0.95,0.0,,
COP,2025-02,1h,2.0,0.95,0.0,,
COP,2025-02,1h,3.0,0.95,0.0,,
COP,2025-02,1h,4.0,1.0,0.0,,
COP,2025-02,1h,5.0,1.0,0.0,,
COP,2025-02,1h,6.0,1.0,0.0,,
COP,2025-02,1h,7.0,1.0,0.0,,
COP,2025-02,1h,8.0,1.0,0.0,,
COP,2025-02,1h,9.0,1.0,0.0,,
COP,2025-02,1h,10.0,1.0,0.0,,
COP,2025-02,1h,11.0,1.0,0.0,,
COP,2025-02,1h,12.0,1.0,0.0,,
COP,2025-02,1h,13.0,1.0,0.0,,
COP,2025-02,1h,14.0,1.0,0.0,,
COP,2025-02,1h,15.0,1.0,0.0,,
COP,2025-02,1h,16.0,1.0,0.0,,
COP,2025-02,1h,18.0,0.95,0.0,,
COP,2025-02,1h,19.0,0.95,0.0,,
COP,2025-02,1h,20.0,0.95,0.0,,
COP,2025-02,1h,21.0,0.95,0.0,,
COP,2025-02,1h,22.0,0.95,0.0,,
COP,2025-02,1h,23.0,0.95,0.0,,
COP,2025-08,1m,,0.26028295376121463,0.04295373193689513,28980.0,7543.0
COP,2025-08,1m,0.0,0.07063492063492063,0.5056179775280899,,
COP,2025-08,1m,1.0,0.06825396825396825,0.5465116279069767,,
COP,2025-08,1m,2.0,0.08333333333333333,0.1619047619047619,,
COP,2025-08,1m,3.0,0.09126984126984126,0.0,,
COP,2025-08,1m,4.0,0.09603174603174604,0.10743801652892562,,
COP,2025-08,1m,5.0,0.08571428571428572,0.0,,
COP,2025-08,1m,6.0,0.07222222222222222,0.0,,
COP,2025-08,1m,7.0,0.08095238095238096,0.0,,
COP,2025-08,1m,8.0,0.08015873015873017,0.009900990099009901,,
COP,2025-08,1m,9.0,0.8579365079365079,0.0037002775208140612,,
COP,2025-08,1m,10.0,0.9095238095238095,0.0034904013961605585,,
COP,2025-08,1m,11.0,0.8896825396825396,0.0026761819803746653,,
COP,2025-08,1m,12.0,0.8777777777777778,0.003616636528028933,,
COP,2025-08,1m,13.0,0.8857142857142857,0.0008960573476702509,,
COP,2025-08,1m,14.0,0.13095238095238096,0.0,,
COP,2025-08,1m,15.0,0.10952380952380952,0.0,,
COP,2025-08,1m,16.0,0.11825396825396825,0.006711409395973154,,
COP,2025-08,1m,18.0,0.07777777777777778,0.10204081632653061,,
COP,2025-08,1m,19.0,0.06984126984126984,0.10227272727272728,,
COP,2025-08,1m,20.0,0.07539682539682539,0.06315789473684211,,
COP,2025-08,1m,21.0,0.07698412698412699,0.16494845360824742,,
COP,2025-08,1m,22.0,0.0865079365079365,0.1834862385321101,,
COP,2025-08,1m,23.0,0.09206349206349207,0.4482758620689655,,
COP,2025-08,15m,,0.9886128364389234,0.14293193717277486,1932.0,1910.0
COP,2025-08,15m,0.0,1.0,0.47619047619047616,,
COP,2025-08,15m,1.0,1.0,0.5476190476190477,,
COP,2025-08,15m,2.0,0.9761904761904762,0.18292682926829268,,
COP,2025-08,15m,3.0,0.9523809523809523,0.0,,
COP,2025-08,15m,4.0,0.9880952380952381,0.060240963855421686,,
COP,2025-08,15m,5.0,1.0,0.0,,
COP,2025-08,15m,6.0,0.9880952380952381,0.0,,
COP,2025-08,15m,7.0,0.9642857142857143,0.0,,
COP,2025-08,15m,8.0,0.9880952380952381,0.0,,
COP,2025-08,15m,9.0,0.9880952380952381,0.024096385542168676,,
COP,2025-08,15m,10.0,1.0,0.03571428571428571,,
COP,2025-08,15m,11.0,0.9880952380952381,0.024096385542168676,,
COP,2025-08,15m,12.0,1.0,0.03571428571428571,,
COP,2025-08,15m,13.0,1.0,0.0,,
COP,2025-08,15m,14.0,1.0,0.0,,
COP,2025-08,15m,15.0,0.9642857142857143,0.0,,
COP,2025-08,15m,16.0,0.9880952380952381,0.0,,
COP,2025-08,15m,18.0,0.9761904761904762,0.13414634146341464,,
COP,2025-08,15m,19.0,0.9761904761904762,0.10975609756097561,,
COP,2025-08,15m,20.0,1.0,0.09523809523809523,,
COP,2025-08,15m,21.0,1.0,0.11904761904761904,,
COP,2025-08,15m,22.0,1.0,0.21428571428571427,,
COP,2025-08,15m,23.0,1.0,0.38095238095238093,,
COP,2025-08,1h,,1.0,0.10559006211180125,483.0,483.0
COP,2025-08,1h,0.0,1.0,0.0,,
COP,2025-08,1h,1.0,1.0,0.0,,
COP,2025-08,1h,2.0,1.0,0.0,,
COP,2025-08,1h,3.0,1.0,0.0,,
COP,2025-08,1h,4.0,1.0,0.0,,
COP,2025-08,1h,5.0,1.0,0.0,,
COP,2025-08,1h,6.0,1.0,0.0,,
COP,2025-08,1h,7.0,1.0,0.0,,
COP,2025-08,1h,8.0,1.0,0.0,,
COP,2025-08,1h,9.0,1.0,0.0,,
COP,2025-08,1h,10.0,1.0,0.0,,
COP,2025-08,1h,11.0,1.0,0.0,,
COP,2025-08,1h,12.0,1.0,0.0,,
COP,2025-08,1h,13.0,1.0,0.0,,
COP,2025-08,1h,14.0,1.0,0.0,,
COP,2025-08,1h,15.0,1.0,0.0,,
COP,2025-08,1h,16.0,1.0,0.0,,
COP,2025-08,1h,18.0,1.0,0.0,,
COP,2025-08,1h,19.0,1.0,0.0,,
COP,2025-08,1h,20.0,1.0,0.0,,
COP,2025-08,1h,21.0,1.0,0.0,,
COP,2025-08,1h,22.0,1.0,0.0,,
COP,2025-08,1h,23.0,1.0,0.0,,
PHP,2009-11,1m,,0.035191625632726146,0.03913894324853229,29041.0,1022.0
PHP,2009-11,1m,0.0,0.03968253968253968,0.04,,
PHP,2009-11,1m,1.0,0.04206349206349207,0.03773584905660377,,
PHP,2009-11,1m,2.0,0.05714285714285714,0.041666666666666664,,
PHP,2009-11,1m,3.0,0.06111111111111111,0.025974025974025976,,
PHP,2009-11,1m,4.0,0.08333333333333333,0.02857142857142857,,
PHP,2009-11,1m,5.0,0.07857142857142857,0.030303030303030304,,
PHP,2009-11,1m,6.0,0.08968253968253968,0.008849557522123894,,
PHP,2009-11,1m,7.0,0.025396825396825397,0.0,,
PHP,2009-11,1m,8.0,0.0015873015873015873,0.0,,
PHP,2009-11,1m,9.0,0.005555555555555556,0.14285714285714285,,
PHP,2009-11,1m,10.0,0.002380952380952381,0.0,,
PHP,2009-11,1m,11.0,0.004761904761904762,0.0,,
PHP,2009-11,1m,12.0,0.0,,,
PHP,2009-11,1m,13.0,0.0,,,
PHP,2009-11,1m,14.0,0.0,,,
PHP,2009-11,1m,15.0,0.0015873015873015873,0.0,,
PHP,2009-11,1m,16.0,0.0,,,
PHP,2009-11,1m,18.0,0.0,,,
PHP,2009-11,1m,19.0,0.0,,,
PHP,2009-11,1m,20.0,0.1253968253968254,0.08227848101265822,,
PHP,2009-11,1m,21.0,0.09523809523809523,0.008333333333333333,,
PHP,2009-11,1m,22.0,0.049206349206349205,0.03225806451612903,,
PHP,2009-11,1m,23.0,0.048412698412698414,0.03278688524590164,,
PHP,2009-11,15m,,0.2994321115126484,0.02413793103448276,1937.0,580.0
PHP,2009-11,15m,0.0,0.5,0.0,,
PHP,2009-11,15m,1.0,0.44047619047619047,0.0,,
PHP,2009-11,15m,2.0,0.5952380952380952,0.02,,
PHP,2009-11,15m,3.0,0.5833333333333334,0.02040816326530612,,
PHP,2009-11,15m,4.0,0.7142857142857143,0.05,,
PHP,2009-11,15m,5.0,0.7380952380952381,0.016129032258064516,,
PHP,2009-11,15m,6.0,0.7261904761904762,0.01639344262295082,,
PHP,2009-11,15m,7.0,0.34523809523809523,0.0,,
PHP,2009-11,15m,8.0,0.023809523809523808,0.0,,
PHP,2009-11,15m,9.0,0.05952380952380952,0.0,,
PHP,2009-11,15m,10.0,0.047619047619047616,0.0,,
PHP,2009-11,15m,11.0,0.05952380952380952,0.0,,
PHP,2009-11,15m,12.0,0.0,,,
PHP,2009-11,15m,13.0,0.0,,,
PHP,2009-11,15m,14.0,0.0,,,
PHP,2009-11,15m,15.0,0.023809523809523808,0.0,,
PHP,2009-11,15m,16.0,0.0,,,
PHP,2009-11,15m,18.0,0.0,,,
PHP,2009-11,15m,19.0,0.0,,,
PHP,2009-11,15m,20.0,0.17857142857142858,0.0,,
PHP,2009-11,15m,21.0,0.7380952380952381,0.0,,
PHP,2009-11,15m,22.0,0.6190476190476191,0.0,,
PHP,2009-11,15m,23.0,0.5119047619047619,0.0,,
PHP,2009-11,1h,,0.5216494845360825,0.019762845849802372,485.0,253.0
PHP,2009-11,1h,0.0,1.0,0.0,,
PHP,2009-11,1h,1.0,1.0,0.0,,
PHP,2009-11,1h,2.0,1.0,0.0,,
PHP,2009-11,1h,3.0,1.0,0.0,,
PHP,2009-11,1h,4.0,1.0,0.0,,
PHP,2009-11,1h,5.0,1.0,0.0,,
PHP,2009-11,1h,6.0,1.0,0.0,,
PHP,2009-11,1h,7.0,1.0,0.0,,
PHP,2009-11,1h,8.0,0.38095238095238093,0.0,,
PHP,2009-11,1h,9.0,0.09523809523809523,0.0,,
PHP,2009-11,1h,10.0,0.23809523809523808,0.0,,
PHP,2009-11,1h,11.0,0.09523809523809523,0.0,,
PHP,2009-11,1h,12.0,0.19047619047619047,0.0,,
PHP,2009-11,1h,13.0,0.0,,,
PHP,2009-11,1h,14.0,0.0,,,
PHP,2009-11,1h,15.0,0.0,,,
PHP,2009-11,1h,16.0,0.09523809523809523,0.0,,
PHP,2009-11,1h,18.0,0.0,,,
PHP,2009-11,1h,19.0,0.0,,,
PHP,2009-11,1h,20.0,0.0,,,
PHP,2009-11,1h,21.0,0.9523809523809523,0.05,,
PHP,2009-11,1h,22.0,1.0,0.0,,
PHP,2009-11,1h,23.0,1.0,0.0,,
PHP,2010-02,1m,,0.04155797101449275,0.02005231037489102,27600.0,1147.0
PHP,2010-02,1m,0.0,0.05333333333333334,0.015625,,
PHP,2010-02,1m,1.0,0.065,0.038461538461538464,,
PHP,2010-02,1m,2.0,0.06833333333333333,0.012195121951219513,,
PHP,2010-02,1m,3.0,0.08166666666666667,0.04081632653061224,,
PHP,2010-02,1m,4.0,0.085,0.00980392156862745,,
PHP,2010-02,1m,5.0,0.10166666666666667,0.02459016393442623,,
PHP,2010-02,1m,6.0,0.11916666666666667,0.013986013986013986,,
PHP,2010-02,1m,7.0,0.0225,0.0,,
PHP,2010-02,1m,8.0,0.009166666666666667,0.09090909090909091,,
PHP,2010-02,1m,9.0,0.0033333333333333335,0.0,,
PHP,2010-02,1m,10.0,0.004166666666666667,0.0,,
PHP,2010-02,1m,11.0,0.0025,0.3333333333333333,,
PHP,2010-02,1m,12.0,0.0,,,
PHP,2010-02,1m,13.0,0.0,,,
PHP,2010-02,1m,14.0,0.0,,,
PHP,2010-02,1m,15.0,0.0008333333333333334,,,
PHP,2010-02,1m,16.0,0.0,,,
PHP,2010-02,1m,18.0,0.0,,,
PHP,2010-02,1m,19.0,0.0,,,
PHP,2010-02,1m,20.0,0.04833333333333333,0.0,,
PHP,2010-02,1m,21.0,0.14166666666666666,0.0,,
PHP,2010-02,1m,22.0,0.0625,0.013333333333333334,,
PHP,2010-02,1m,23.0,0.08666666666666667,0.04807692307692308,,
PHP,2010-02,15m,,0.33858695652173915,0.01765650080256822,1840.0,623.0
PHP,2010-02,15m,0.0,0.5875,0.02127659574468085,,
PHP,2010-02,15m,1.0,0.575,0.021739130434782608,,
PHP,2010-02,15m,2.0,0.6875,0.0,,
PHP,2010-02,15m,3.0,0.6875,0.0,,
PHP,2010-02,15m,4.0,0.7375,0.0,,
PHP,2010-02,15m,5.0,0.8125,0.03076923076923077,,
PHP,2010-02,15m,6.0,0.8125,0.015384615384615385,,
PHP,2010-02,15m,7.0,0.3125,0.0,,
PHP,2010-02,15m,8.0,0.125,0.1,,
PHP,2010-02,15m,9.0,0.0375,0.0,,
PHP,2010-02,15m,10.0,0.0375,0.6666666666666666,,
PHP,2010-02,15m,11.0,0.0375,0.0,,
PHP,2010-02,15m,12.0,0.0125,,,
PHP,2010-02,15m,13.0,0.0,,,
PHP,2010-02,15m,14.0,0.0,,,
PHP,2010-02,15m,15.0,0.0125,,,
PHP,2010-02,15m,16.0,0.0,,,
PHP,2010-02,15m,18.0,0.0,,,
PHP,2010-02,15m,19.0,0.0,,,
PHP,2010-02,15m,20.0,0.175,0.0,,
PHP,2010-02,15m,21.0,0.8375,0.029850746268656716,,
PHP,2010-02,15m,22.0,0.65,0.019230769230769232,,
PHP,2010-02,15m,23.0,0.65,0.019230769230769232,,
PHP,2010-02,1h,,0.532608695652174,0.00816326530612245,460.0,245.0
PHP,2010-02,1h,0.0,1.0,0.0,,
PHP,2010-02,1h,1.0,1.0,0.0,,
PHP,2010-02,1h,2.0,1.0,0.0,,
PHP,2010-02,1h,3.0,1.0,0.0,,
PHP,2010-02,1h,4.0,1.0,0.1,,
PHP,2010-02,1h,5.0,1.0,0.05,,
PHP,2010-02,1h,6.0,1.0,0.0,,
PHP,2010-02,1h,7.0,1.0,0.0,,
PHP,2010-02,1h,8.0,0.35,0.0,,
PHP,2010-02,1h,9.0,0.4,0.0,,
PHP,2010-02,1h,10.0,0.15,0.3333333333333333,,
PHP,2010-02,1h,11.0,0.15,0.0,,
PHP,2010-02,1h,12.0,0.15,0.3333333333333333,,
PHP,2010-02,1h,13.0,0.0,,,
PHP,2010-02,1h,14.0,0.0,,,
PHP,2010-02,1h,15.0,0.0,,,
PHP,2010-02,1h,16.0,0.05,,,
PHP,2010-02,1h,18.0,0.0,,,
PHP,2010-02,1h,19.0,0.0,,,
PHP,2010-02,1h,20.0,0.0,,,
PHP,2010-02,1h,21.0,1.0,0.0,,
PHP,2010-02,1h,22.0,1.0,0.0,,
PHP,2010-02,1h,23.0,1.0,0.0,,
PHP,2010-08,1m,,0.03589121091827696,0.022851919561243144,30481.0,1094.0
PHP,2010-08,1m,0.0,0.04696969696969697,0.016129032258064516,,
PHP,2010-08,1m,1.0,0.06060606060606061,0.0125,,
PHP,2010-08,1m,2.0,0.03939393939393939,0.0,,
PHP,2010-08,1m,3.0,0.03787878787878788,0.0,,
PHP,2010-08,1m,4.0,0.07348484848484849,0.0,,
PHP,2010-08,1m,5.0,0.059848484848484845,0.0379746835443038,,
PHP,2010-08,1m,6.0,0.08712121212121213,0.017391304347826087,,
PHP,2010-08,1m,7.0,0.075,0.010101010101010102,,
PHP,2010-08,1m,8.0,0.019696969696969695,0.0,,
PHP,2010-08,1m,9.0,0.003787878787878788,0.0,,
PHP,2010-08,1m,10.0,0.0,,,
PHP,2010-08,1m,11.0,0.0007575757575757576,,,
PHP,2010-08,1m,12.0,0.0007575757575757576,,,
PHP,2010-08,1m,13.0,0.0,,,
PHP,2010-08,1m,14.0,0.0,,,
PHP,2010-08,1m,15.0,0.0,,,
PHP,2010-08,1m,16.0,0.0007575757575757576,,,
PHP,2010-08,1m,18.0,0.0,,,
PHP,2010-08,1m,19.0,0.0,,,
PHP,2010-08,1m,20.0,0.0,,,
PHP,2010-08,1m,21.0,0.010606060606060607,0.0,,
PHP,2010-08,1m,22.0,0.16363636363636364,0.018518518518518517,,
PHP,2010-08,1m,23.0,0.1484848484848485,0.025510204081632654,,
PHP,2010-08,15m,,0.2734874569601574,0.017985611510791366,2033.0,556.0
PHP,2010-08,15m,0.0,0.5681818181818182,0.02,,
PHP,2010-08,15m,1.0,0.5795454545454546,0.0,,
PHP,2010-08,15m,2.0,0.4659090909090909,0.0,,
PHP,2010-08,15m,3.0,0.4772727272727273,0.0,,
PHP,2010-08,15m,4.0,0.625,0.0,,
PHP,2010-08,15m,5.0,0.625,0.03636363636363636,,
PHP,2010-08,15m,6.0,0.7045454545454546,0.016129032258064516,,
PHP,2010-08,15m,7.0,0.5909090909090909,0.0,,
PHP,2010-08,15m,8.0,0.29545454545454547,0.0,,
PHP,2010-08,15m,9.0,0.045454545454545456,0.0,,
PHP,2010-08,15m,10.0,0.0,,,
PHP,2010-08,15m,11.0,0.011363636363636364,,,
PHP,2010-08,15m,12.0,0.0,,,
PHP,2010-08,15m,13.0,0.011363636363636364,,,
PHP,2010-08,15m,14.0,0.0,,,
PHP,2010-08,15m,15.0,0.0,,,
PHP,2010-08,15m,16.0,0.011363636363636364,,,
PHP,2010-08,15m,18.0,0.0,,,
PHP,2010-08,15m,19.0,0.0,,,
PHP,2010-08,15m,20.0,0.0,,,
PHP,2010-08,15m,21.0,0.0,,,
PHP,2010-08,15m,22.0,0.6136363636363636,0.018518518518518517,,
PHP,2010-08,15m,23.0,0.6931818181818182,0.0,,
PHP,2010-08,1h,,0.4381139489194499,0.02242152466367713,509.0,223.0
PHP,2010-08,1h,0.0,0.9090909090909091,0.0,,
PHP,2010-08,1h,1.0,0.9090909090909091,0.0,,
PHP,2010-08,1h,2.0,0.9090909090909091,0.0,,
PHP,2010-08,1h,3.0,0.9090909090909091,0.0,,
PHP,2010-08,1h,4.0,0.9090909090909091,0.0,,
PHP,2010-08,1h,5.0,0.9090909090909091,0.0,,
PHP,2010-08,1h,6.0,0.9090909090909091,0.0,,
PHP,2010-08,1h,7.0,0.9090909090909091,0.0,,
PHP,2010-08,1h,8.0,0.9090909090909091,0.0,,
PHP,2010-08,1h,9.0,0.18181818181818182,0.0,,
PHP,2010-08,1h,10.0,0.13636363636363635,0.0,,
PHP,2010-08,1h,11.0,0.0,,,
PHP,2010-08,1h,12.0,0.045454545454545456,,,
PHP,2010-08,1h,13.0,0.045454545454545456,,,
PHP,2010-08,1h,14.0,0.0,,,
PHP,2010-08,1h,15.0,0.0,,,
PHP,2010-08,1h,16.0,0.0,,,
PHP,2010-08,1h,18.0,0.0,,,
PHP,2010-08,1h,19.0,0.0,,,
PHP,2010-08,1h,20.0,0.0,,,
PHP,2010-08,1h,21.0,0.0,,,
PHP,2010-08,1h,22.0,0.5909090909090909,0.0,,
PHP,2010-08,1h,23.0,0.9545454545454546,0.0,,
PHP,2015-02,1m,,0.14101449275362318,0.09532374100719425,27600.0,3892.0
PHP,2015-02,1m,0.0,0.1925,0.12554112554112554,,
PHP,2015-02,1m,1.0,0.14333333333333334,0.2441860465116279,,
PHP,2015-02,1m,2.0,0.13333333333333333,0.125,,
PHP,2015-02,1m,3.0,0.15833333333333333,0.12631578947368421,,
PHP,2015-02,1m,4.0,0.1225,0.061224489795918366,,
PHP,2015-02,1m,5.0,0.17333333333333334,0.04326923076923077,,
PHP,2015-02,1m,6.0,0.165,0.07575757575757576,,
PHP,2015-02,1m,7.0,0.0925,0.0,,
PHP,2015-02,1m,8.0,0.08666666666666667,0.028846153846153848,,
PHP,2015-02,1m,9.0,0.06583333333333333,0.02531645569620253,,
PHP,2015-02,1m,10.0,0.060833333333333336,0.0136986301369863,,
PHP,2015-02,1m,11.0,0.06333333333333334,0.0,,
PHP,2015-02,1m,12.0,0.024166666666666666,0.034482758620689655,,
PHP,2015-02,1m,13.0,0.018333333333333333,0.0,,
PHP,2015-02,1m,14.0,0.04,0.0,,
PHP,2015-02,1m,15.0,0.2625,0.08253968253968254,,
PHP,2015-02,1m,16.0,0.20916666666666667,0.14741035856573706,,
PHP,2015-02,1m,18.0,0.115,0.08695652173913043,,
PHP,2015-02,1m,19.0,0.06166666666666667,0.05405405405405406,,
PHP,2015-02,1m,20.0,0.25166666666666665,0.1423841059602649,,
PHP,2015-02,1m,21.0,0.32416666666666666,0.06940874035989718,,
PHP,2015-02,1m,22.0,0.22666666666666666,0.08455882352941177,,
PHP,2015-02,1m,23.0,0.2525,0.11551155115511551,,
PHP,2015-02,15m,,0.6858695652173913,0.07527733755942947,1840.0,1262.0
PHP,2015-02,15m,0.0,0.8375,0.05970149253731343,,
PHP,2015-02,15m,1.0,0.7125,0.05263157894736842,,
PHP,2015-02,15m,2.0,0.7875,0.015873015873015872,,
PHP,2015-02,15m,3.0,0.7625,0.04918032786885246,,
PHP,2015-02,15m,4.0,0.7,0.05357142857142857,,
PHP,2015-02,15m,5.0,0.8125,0.046153846153846156,,
PHP,2015-02,15m,6.0,0.8625,0.08695652173913043,,
PHP,2015-02,15m,7.0,0.7875,0.015873015873015872,,
PHP,2015-02,15m,8.0,0.6125,0.04081632653061224,,
PHP,2015-02,15m,9.0,0.525,0.0,,
PHP,2015-02,15m,10.0,0.575,0.021739130434782608,,
PHP,2015-02,15m,11.0,0.625,0.04,,
PHP,2015-02,15m,12.0,0.3125,0.04,,
PHP,2015-02,15m,13.0,0.2625,0.0,,
PHP,2015-02,15m,14.0,0.425,0.0,,
PHP,2015-02,15m,15.0,0.6875,0.05454545454545454,,
PHP,2015-02,15m,16.0,0.675,0.07407407407407407,,
PHP,2015-02,15m,18.0,0.65,0.07692307692307693,,
PHP,2015-02,15m,19.0,0.475,0.10526315789473684,,
PHP,2015-02,15m,20.0,0.8625,0.08695652173913043,,
PHP,2015-02,15m,21.0,0.95,0.05263157894736842,,
PHP,2015-02,15m,22.0,0.9125,0.136986301369863,,
PHP,2015-02,15m,23.0,0.9625,0.1038961038961039,,
PHP,2015-02,1h,,0.9347826086956522,0.04883720930232558,460.0,430.0
PHP,2015-02,1h,0.0,1.0,0.0,,
PHP,2015-02,1h,1.0,1.0,0.0,,
PHP,2015-02,1h,2.0,1.0,0.0,,
PHP,2015-02,1h,3.0,1.0,0.05,,
PHP,2015-02,1h,4.0,1.0,0.0,,
PHP,2015-02,1h,5.0,0.95,0.0,,
PHP,2015-02,1h,6.0,1.0,0.05,,
PHP,2015-02,1h,7.0,1.0,0.0,,
PHP,2015-02,1h,8.0,1.0,0.0,,
PHP,2015-02,1h,9.0,1.0,0.0,,
PHP,2015-02,1h,10.0,0.9,0.05555555555555555,,
PHP,2015-02,1h,11.0,0.85,0.0,,
PHP,2015-02,1h,12.0,1.0,0.05,,
PHP,2015-02,1h,13.0,0.8,0.0,,
PHP,2015-02,1h,14.0,0.8,0.0625,,
PHP,2015-02,1h,15.0,0.75,0.0,,
PHP,2015-02,1h,16.0,0.75,0.0,,
PHP,2015-02,1h,18.0,0.95,0.0,,
PHP,2015-02,1h,19.0,0.85,0.0,,
PHP,2015-02,1h,20.0,0.95,0.0,,
PHP,2015-02,1h,21.0,0.95,0.0,,
PHP,2015-02,1h,22.0,1.0,0.0,,
PHP,2015-02,1h,23.0,1.0,0.1,,
PHP,2015-08,1m,,0.19535411154255866,0.05839929639401935,29101.0,5685.0
PHP,2015-08,1m,0.0,0.31746031746031744,0.1325,,
PHP,2015-08,1m,1.0,0.2396825396825397,0.04304635761589404,,
PHP,2015-08,1m,2.0,0.17936507936507937,0.030973451327433628,,
PHP,2015-08,1m,3.0,0.16111111111111112,0.024630541871921183,,
PHP,2015-08,1m,4.0,0.25,0.03492063492063492,,
PHP,2015-08,1m,5.0,0.23253968253968255,0.027303754266211604,,
PHP,2015-08,1m,6.0,0.2571428571428571,0.018518518518518517,,
PHP,2015-08,1m,7.0,0.23412698412698413,0.04067796610169491,,
PHP,2015-08,1m,8.0,0.1746031746031746,0.031818181818181815,,
PHP,2015-08,1m,9.0,0.13333333333333333,0.017857142857142856,,
PHP,2015-08,1m,10.0,0.11507936507936507,0.013793103448275862,,
PHP,2015-08,1m,11.0,0.11746031746031746,0.02027027027027027,,
PHP,2015-08,1m,12.0,0.1007936507936508,0.0,,
PHP,2015-08,1m,13.0,0.06111111111111111,0.025974025974025976,,
PHP,2015-08,1m,14.0,0.05317460317460317,0.0,,
PHP,2015-08,1m,15.0,0.0373015873015873,0.0,,
PHP,2015-08,1m,16.0,0.07063492063492063,0.0,,
PHP,2015-08,1m,18.0,0.29318181818181815,0.09043927648578812,,
PHP,2015-08,1m,19.0,0.24924242424242424,0.06990881458966565,,
PHP,2015-08,1m,20.0,0.22759714512291832,0.041811846689895474,,
PHP,2015-08,1m,21.0,0.1865079365079365,0.08936170212765958,,
PHP,2015-08,1m,22.0,0.3873015873015873,0.09221311475409837,,
PHP,2015-08,1m,23.0,0.40714285714285714,0.11695906432748537,,
PHP,2015-08,15m,,0.874806800618238,0.06419316843345112,1941.0,1698.0
PHP,2015-08,15m,0.0,1.0,0.09523809523809523,,
PHP,2015-08,15m,1.0,0.9642857142857143,0.04938271604938271,,
PHP,2015-08,15m,2.0,0.9523809523809523,0.025,,
PHP,2015-08,15m,3.0,0.9047619047619048,0.07894736842105263,,
PHP,2015-08,15m,4.0,1.0,0.023809523809523808,,
PHP,2015-08,15m,5.0,0.9285714285714286,0.01282051282051282,,
PHP,2015-08,15m,6.0,0.9642857142857143,0.07407407407407407,,
PHP,2015-08,15m,7.0,0.9642857142857143,0.024691358024691357,,
PHP,2015-08,15m,8.0,0.9523809523809523,0.025,,
PHP,2015-08,15m,9.0,0.9166666666666666,0.012987012987012988,,
PHP,2015-08,15m,10.0,0.7976190476190477,0.04477611940298507,,
PHP,2015-08,15m,11.0,0.8214285714285714,0.043478260869565216,,
PHP,2015-08,15m,12.0,0.8928571428571429,0.0,,
PHP,2015-08,15m,13.0,0.6428571428571429,0.05555555555555555,,
PHP,2015-08,15m,14.0,0.6428571428571429,0.0,,
PHP,2015-08,15m,15.0,0.4523809523809524,0.0,,
PHP,2015-08,15m,16.0,0.6309523809523809,0.018867924528301886,,
PHP,2015-08,15m,18.0,0.9431818181818182,0.08433734939759036,,
PHP,2015-08,15m,19.0,0.9431818181818182,0.03614457831325301,,
PHP,2015-08,15m,20.0,0.9294117647058824,0.08860759493670886,,
PHP,2015-08,15m,21.0,0.8809523809523809,0.12162162162162163,,
PHP,2015-08,15m,22.0,0.9880952380952381,0.12048192771084337,,
PHP,2015-08,15m,23.0,1.0,0.05952380952380952,,
PHP,2015-08,1h,,0.9753086419753086,0.008438818565400843,486.0,474.0
PHP,2015-08,1h,0.0,1.0,0.0,,
PHP,2015-08,1h,1.0,1.0,0.0,,
PHP,2015-08,1h,2.0,1.0,0.0,,
PHP,2015-08,1h,3.0,1.0,0.0,,
PHP,2015-08,1h,4.0,1.0,0.0,,
PHP,2015-08,1h,5.0,1.0,0.0,,
PHP,2015-08,1h,6.0,1.0,0.047619047619047616,,
PHP,2015-08,1h,7.0,1.0,0.0,,
PHP,2015-08,1h,8.0,1.0,0.0,,
PHP,2015-08,1h,9.0,1.0,0.0,,
PHP,2015-08,1h,10.0,1.0,0.047619047619047616,,
PHP,2015-08,1h,11.0,1.0,0.0,,
PHP,2015-08,1h,12.0,1.0,0.0,,
PHP,2015-08,1h,13.0,1.0,0.047619047619047616,,
PHP,2015-08,1h,14.0,0.8095238095238095,0.0,,
PHP,2015-08,1h,15.0,0.8095238095238095,0.0,,
PHP,2015-08,1h,16.0,0.8095238095238095,0.0,,
PHP,2015-08,1h,18.0,1.0,0.045454545454545456,,
PHP,2015-08,1h,19.0,1.0,0.0,,
PHP,2015-08,1h,20.0,1.0,0.0,,
PHP,2015-08,1h,21.0,1.0,0.0,,
PHP,2015-08,1h,22.0,1.0,0.09523809523809523,,
PHP,2015-08,1h,23.0,1.0,0.0,,
PHP,2020-02,1m,,0.32471014492753625,0.21792010711894666,27600.0,8962.0
PHP,2020-02,1m,0.0,0.38333333333333336,0.23695652173913043,,
PHP,2020-02,1m,1.0,0.2733333333333333,0.22560975609756098,,
PHP,2020-02,1m,2.0,0.32,0.1953125,,
PHP,2020-02,1m,3.0,0.37166666666666665,0.2085201793721973,,
PHP,2020-02,1m,4.0,0.4875,0.23076923076923078,,
PHP,2020-02,1m,5.0,0.5258333333333334,0.24722662440570523,,
PHP,2020-02,1m,6.0,0.4425,0.2335216572504708,,
PHP,2020-02,1m,7.0,0.1875,0.24,,
PHP,2020-02,1m,8.0,0.14666666666666667,0.23863636363636365,,
PHP,2020-02,1m,9.0,0.15333333333333332,0.20108695652173914,,
PHP,2020-02,1m,10.0,0.16916666666666666,0.1330049261083744,,
PHP,2020-02,1m,11.0,0.16833333333333333,0.08415841584158416,,
PHP,2020-02,1m,12.0,0.0875,0.009523809523809525,,
PHP,2020-02,1m,13.0,0.09416666666666666,0.035398230088495575,,
PHP,2020-02,1m,14.0,0.22083333333333333,0.2339622641509434,,
PHP,2020-02,1m,15.0,0.46166666666666667,0.1931407942238267,,
PHP,2020-02,1m,16.0,0.4216666666666667,0.17588932806324112,,
PHP,2020-02,1m,18.0,0.2808333333333333,0.17210682492581603,,
PHP,2020-02,1m,19.0,0.28583333333333333,0.15451895043731778,,
PHP,2020-02,1m,20.0,0.485,0.20790378006872853,,
PHP,2020-02,1m,21.0,0.5216666666666666,0.23162939297124602,,
PHP,2020-02,1m,22.0,0.49916666666666665,0.2337228714524207,,
PHP,2020-02,1m,23.0,0.48083333333333333,0.2027729636048527,,
PHP,2020-02,15m,,0.9092391304347827,0.21040047818290497,1840.0,1673.0
PHP,2020-02,15m,0.0,1.0,0.1125,,
PHP,2020-02,15m,1.0,0.925,0.17567567567567569,,
PHP,2020-02,15m,2.0,0.95,0.15789473684210525,,
PHP,2020-02,15m,3.0,0.9875,0.21518987341772153,,
PHP,2020-02,15m,4.0,0.975,0.14102564102564102,,
PHP,2020-02,15m,5.0,0.9875,0.13924050632911392,,
PHP,2020-02,15m,6.0,0.9875,0.189873417721519,,
PHP,2020-02,15m,7.0,0.925,0.2702702702702703,,
PHP,2020-02,15m,8.0,0.8875,0.2676056338028169,,
PHP,2020-02,15m,9.0,0.9,0.3055555555555556,,
PHP,2020-02,15m,10.0,0.9375,0.21333333333333335,,
PHP,2020-02,15m,11.0,0.825,0.3333333333333333,,
PHP,2020-02,15m,12.0,0.6875,0.09090909090909091,,
PHP,2020-02,15m,13.0,0.65,0.09615384615384616,,
PHP,2020-02,15m,14.0,0.7875,0.1111111111111111,,
PHP,2020-02,15m,15.0,0.7875,0.1111111111111111,,
PHP,2020-02,15m,16.0,0.8,0.125,,
PHP,2020-02,15m,18.0,0.975,0.16666666666666666,,
PHP,2020-02,15m,19.0,0.95,0.11842105263157894,,
PHP,2020-02,15m,20.0,1.0,0.1,,
PHP,2020-02,15m,21.0,0.9875,0.10126582278481013,,
PHP,2020-02,15m,22.0,1.0,0.0875,,
PHP,2020-02,15m,23.0,1.0,0.1,,
PHP,2020-02,1h,,0.9652173913043478,0.06531531531531531,460.0,444.0
PHP,2020-02,1h,0.0,1.0,0.0,,
PHP,2020-02,1h,1.0,1.0,0.0,,
PHP,2020-02,1h,2.0,1.0,0.0,,
PHP,2020-02,1h,3.0,1.0,0.0,,
PHP,2020-02,1h,4.0,1.0,0.0,,
PHP,2020-02,1h,5.0,1.0,0.0,,
PHP,2020-02,1h,6.0,1.0,0.0,,
PHP,2020-02,1h,7.0,1.0,0.0,,
PHP,2020-02,1h,8.0,1.0,0.0,,
PHP,2020-02,1h,9.0,1.0,0.0,,
PHP,2020-02,1h,10.0,1.0,0.0,,
PHP,2020-02,1h,11.0,1.0,0.0,,
PHP,2020-02,1h,12.0,1.0,0.0,,
PHP,2020-02,1h,13.0,0.8,0.0625,,
PHP,2020-02,1h,14.0,0.8,0.0,,
PHP,2020-02,1h,15.0,0.8,0.0,,
PHP,2020-02,1h,16.0,0.8,0.0,,
PHP,2020-02,1h,18.0,1.0,0.0,,
PHP,2020-02,1h,19.0,1.0,0.0,,
PHP,2020-02,1h,20.0,1.0,0.0,,
PHP,2020-02,1h,21.0,1.0,0.0,,
PHP,2020-02,1h,22.0,1.0,0.0,,
PHP,2020-02,1h,23.0,1.0,0.0,,
PHP,2020-08,1m,,0.21796501838424798,0.23711177676178463,29101.0,6343.0
PHP,2020-08,1m,0.0,0.2896825396825397,0.3150684931506849,,
PHP,2020-08,1m,1.0,0.3388888888888889,0.19437939110070257,,
PHP,2020-08,1m,2.0,0.23492063492063492,0.23648648648648649,,
PHP,2020-08,1m,3.0,0.18412698412698414,0.1896551724137931,,
PHP,2020-08,1m,4.0,0.25952380952380955,0.25382262996941896,,
PHP,2020-08,1m,5.0,0.30873015873015874,0.2544987146529563,,
PHP,2020-08,1m,6.0,0.33015873015873015,0.24519230769230768,,
PHP,2020-08,1m,7.0,0.25317460317460316,0.25705329153605017,,
PHP,2020-08,1m,8.0,0.23095238095238096,0.23711340206185566,,
PHP,2020-08,1m,9.0,0.11349206349206349,0.21678321678321677,,
PHP,2020-08,1m,10.0,0.1126984126984127,0.18309859154929578,,
PHP,2020-08,1m,11.0,0.13412698412698412,0.16568047337278108,,
PHP,2020-08,1m,12.0,0.1976190476190476,0.10441767068273092,,
PHP,2020-08,1m,13.0,0.0873015873015873,0.07272727272727272,,
PHP,2020-08,1m,14.0,0.06349206349206349,0.0,,
PHP,2020-08,1m,15.0,0.07857142857142857,0.06060606060606061,,
PHP,2020-08,1m,16.0,0.1880952380952381,0.189873417721519,,
PHP,2020-08,1m,18.0,0.33181818181818185,0.18493150684931506,,
PHP,2020-08,1m,19.0,0.2409090909090909,0.25471698113207547,,
PHP,2020-08,1m,20.0,0.13957176843774782,0.2556818181818182,,
PHP,2020-08,1m,21.0,0.23095238095238096,0.2268041237113402,,
PHP,2020-08,1m,22.0,0.3261904761904762,0.23357664233576642,,
PHP,2020-08,1m,23.0,0.33174603174603173,0.2679425837320574,,
PHP,2020-08,15m,,0.8964451313755796,0.27988505747126435,1941.0,1740.0
PHP,2020-08,15m,0.0,1.0,0.17857142857142858,,
PHP,2020-08,15m,1.0,1.0,0.11904761904761904,,
PHP,2020-08,15m,2.0,0.9166666666666666,0.18181818181818182,,
PHP,2020-08,15m,3.0,0.9047619047619048,0.35526315789473684,,
PHP,2020-08,15m,4.0,0.9166666666666666,0.2597402597402597,,
PHP,2020-08,15m,5.0,0.9761904761904762,0.2804878048780488,,
PHP,2020-08,15m,6.0,0.9761904761904762,0.15853658536585366,,
PHP,2020-08,15m,7.0,0.9523809523809523,0.2375,,
PHP,2020-08,15m,8.0,0.9642857142857143,0.20987654320987653,,
PHP,2020-08,15m,9.0,0.8095238095238095,0.45588235294117646,,
PHP,2020-08,15m,10.0,0.8214285714285714,0.42028985507246375,,
PHP,2020-08,15m,11.0,0.8690476190476191,0.2602739726027397,,
PHP,2020-08,15m,12.0,0.8809523809523809,0.21621621621621623,,
PHP,2020-08,15m,13.0,0.7738095238095238,0.23076923076923078,,
PHP,2020-08,15m,14.0,0.7023809523809523,0.06779661016949153,,
PHP,2020-08,15m,15.0,0.6904761904761905,0.08620689655172414,,
PHP,2020-08,15m,16.0,0.8095238095238095,0.1323529411764706,,
PHP,2020-08,15m,18.0,0.9886363636363636,0.06896551724137931,,
PHP,2020-08,15m,19.0,0.9318181818181818,0.18292682926829268,,
PHP,2020-08,15m,20.0,0.8588235294117647,0.1780821917808219,,
PHP,2020-08,15m,21.0,0.8928571428571429,0.17333333333333334,,
PHP,2020-08,15m,22.0,0.9761904761904762,0.15853658536585366,,
PHP,2020-08,15m,23.0,1.0,0.15476190476190477,,
PHP,2020-08,1h,,0.9753086419753086,0.0949367088607595,486.0,474.0
PHP,2020-08,1h,0.0,1.0,0.0,,
PHP,2020-08,1h,1.0,1.0,0.0,,
PHP,2020-08,1h,2.0,1.0,0.0,,
PHP,2020-08,1h,3.0,1.0,0.09523809523809523,,
PHP,2020-08,1h,4.0,1.0,0.047619047619047616,,
PHP,2020-08,1h,5.0,1.0,0.0,,
PHP,2020-08,1h,6.0,1.0,0.0,,
PHP,2020-08,1h,7.0,1.0,0.047619047619047616,,
PHP,2020-08,1h,8.0,1.0,0.0,,
PHP,2020-08,1h,9.0,1.0,0.0,,
PHP,2020-08,1h,10.0,1.0,0.0,,
PHP,2020-08,1h,11.0,1.0,0.0,,
PHP,2020-08,1h,12.0,1.0,0.0,,
PHP,2020-08,1h,13.0,1.0,0.0,,
PHP,2020-08,1h,14.0,0.8095238095238095,0.0,,
PHP,2020-08,1h,15.0,0.8095238095238095,0.0,,
PHP,2020-08,1h,16.0,0.8095238095238095,0.0,,
PHP,2020-08,1h,18.0,1.0,0.0,,
PHP,2020-08,1h,19.0,1.0,0.0,,
PHP,2020-08,1h,20.0,1.0,0.0,,
PHP,2020-08,1h,21.0,1.0,0.047619047619047616,,
PHP,2020-08,1h,22.0,1.0,0.0,,
PHP,2020-08,1h,23.0,1.0,0.0,,
PHP,2025-02,1m,,0.7651086956521739,0.06345598333096557,27600.0,21117.0
PHP,2025-02,1m,0.0,0.7841666666666667,0.010626992561105207,,
PHP,2025-02,1m,1.0,0.8233333333333334,0.006072874493927126,,
PHP,2025-02,1m,2.0,0.8108333333333333,0.022610483042137718,,
PHP,2025-02,1m,3.0,0.8283333333333334,0.004024144869215292,,
PHP,2025-02,1m,4.0,0.7841666666666667,0.01700318809776833,,
PHP,2025-02,1m,5.0,0.7925,0.005257623554153523,,
PHP,2025-02,1m,6.0,0.7858333333333334,0.021208907741251327,,
PHP,2025-02,1m,7.0,0.785,0.029723991507430998,,
PHP,2025-02,1m,8.0,0.8083333333333333,0.004123711340206186,,
PHP,2025-02,1m,9.0,0.7816666666666666,0.005330490405117271,,
PHP,2025-02,1m,10.0,0.8008333333333333,0.004162330905306972,,
PHP,2025-02,1m,11.0,0.7841666666666667,0.004250797024442083,,
PHP,2025-02,1m,12.0,0.7566666666666667,0.10572687224669604,,
PHP,2025-02,1m,13.0,0.735,0.17800453514739228,,
PHP,2025-02,1m,14.0,0.7241666666666666,0.1518987341772152,,
PHP,2025-02,1m,15.0,0.705,0.18085106382978725,,
PHP,2025-02,1m,16.0,0.6,0.30694444444444446,,
PHP,2025-02,1m,18.0,0.585,0.3247863247863248,,
PHP,2025-02,1m,19.0,0.6558333333333334,0.19822109275730623,,
PHP,2025-02,1m,20.0,0.8633333333333333,0.008687258687258687,,
PHP,2025-02,1m,21.0,0.8641666666666666,0.008678881388621022,,
PHP,2025-02,1m,22.0,0.8066666666666666,0.0030991735537190084,,
PHP,2025-02,1m,23.0,0.7325,0.02161547212741752,,
PHP,2025-02,15m,,0.9956521739130435,0.05076419213973799,1840.0,1832.0
PHP,2025-02,15m,0.0,1.0,0.0,,
PHP,2025-02,15m,1.0,0.9625,0.0,,
PHP,2025-02,15m,2.0,0.95,0.0,,
PHP,2025-02,15m,3.0,0.9875,0.0,,
PHP,2025-02,15m,4.0,1.0,0.0,,
PHP,2025-02,15m,5.0,1.0,0.0,,
PHP,2025-02,15m,6.0,1.0,0.0125,,
PHP,2025-02,15m,7.0,1.0,0.0,,
PHP,2025-02,15m,8.0,1.0,0.0,,
PHP,2025-02,15m,9.0,1.0,0.0,,
PHP,2025-02,15m,10.0,1.0,0.0,,
PHP,2025-02,15m,11.0,1.0,0.0,,
PHP,2025-02,15m,12.0,1.0,0.05,,
PHP,2025-02,15m,13.0,1.0,0.1125,,
PHP,2025-02,15m,14.0,1.0,0.1125,,
PHP,2025-02,15m,15.0,1.0,0.125,,
PHP,2025-02,15m,16.0,1.0,0.175,,
PHP,2025-02,15m,18.0,1.0,0.2,,
PHP,2025-02,15m,19.0,1.0,0.1,,
PHP,2025-02,15m,20.0,1.0,0.0,,
PHP,2025-02,15m,21.0,1.0,0.0,,
PHP,2025-02,15m,22.0,1.0,0.0,,
PHP,2025-02,15m,23.0,1.0,0.0125,,
PHP,2025-02,1h,,0.9956521739130435,0.039301310043668124,460.0,458.0
PHP,2025-02,1h,0.0,1.0,0.0,,
PHP,2025-02,1h,1.0,1.0,0.0,,
PHP,2025-02,1h,2.0,0.95,0.0,,
PHP,2025-02,1h,3.0,0.95,0.0,,
PHP,2025-02,1h,4.0,1.0,0.0,,
PHP,2025-02,1h,5.0,1.0,0.0,,
PHP,2025-02,1h,6.0,1.0,0.0,,
PHP,2025-02,1h,7.0,1.0,0.0,,
PHP,2025-02,1h,8.0,1.0,0.0,,
PHP,2025-02,1h,9.0,1.0,0.0,,
PHP,2025-02,1h,10.0,1.0,0.0,,
PHP,2025-02,1h,11.0,1.0,0.0,,
PHP,2025-02,1h,12.0,1.0,0.0,,
PHP,2025-02,1h,13.0,1.0,0.0,,
PHP,2025-02,1h,14.0,1.0,0.0,,
PHP,2025-02,1h,15.0,1.0,0.0,,
PHP,2025-02,1h,16.0,1.0,0.0,,
PHP,2025-02,1h,18.0,1.0,0.0,,
PHP,2025-02,1h,19.0,1.0,0.0,,
PHP,2025-02,1h,20.0,1.0,0.0,,
PHP,2025-02,1h,21.0,1.0,0.0,,
PHP,2025-02,1h,22.0,1.0,0.0,,
PHP,2025-02,1h,23.0,1.0,0.0,,
PHP,2025-08,1m,,0.5534506556245686,0.01402830600411497,28980.0,16039.0
PHP,2025-08,1m,0.0,0.7015873015873015,0.0011312217194570137,,
PHP,2025-08,1m,1.0,0.719047619047619,0.002207505518763797,,
PHP,2025-08,1m,2.0,0.7857142857142857,0.00404040404040404,,
PHP,2025-08,1m,3.0,0.8158730158730159,0.0009727626459143969,,
PHP,2025-08,1m,4.0,0.6015873015873016,0.0013192612137203166,,
PHP,2025-08,1m,5.0,0.6841269841269841,0.0034802784222737818,,
PHP,2025-08,1m,6.0,0.6420634920634921,0.034610630407911,,
PHP,2025-08,1m,7.0,0.5753968253968254,0.034482758620689655,,
PHP,2025-08,1m,8.0,0.7119047619047619,0.010033444816053512,,
PHP,2025-08,1m,9.0,0.7690476190476191,0.023735810113519093,,
PHP,2025-08,1m,10.0,0.7388888888888889,0.02040816326530612,,
PHP,2025-08,1m,11.0,0.719047619047619,0.012141280353200883,,
PHP,2025-08,1m,12.0,0.5976190476190476,0.010624169986719787,,
PHP,2025-08,1m,13.0,0.3277777777777778,0.002421307506053269,,
PHP,2025-08,1m,14.0,0.34206349206349207,0.004640371229698376,,
PHP,2025-08,1m,15.0,0.28095238095238095,0.014124293785310734,,
PHP,2025-08,1m,16.0,0.16904761904761906,0.03755868544600939,,
PHP,2025-08,1m,18.0,0.08412698412698413,0.08490566037735849,,
PHP,2025-08,1m,19.0,0.07539682539682539,0.21052631578947367,,
PHP,2025-08,1m,20.0,0.0873015873015873,0.22727272727272727,,
PHP,2025-08,1m,21.0,0.7484126984126984,0.0010604453870625664,,
PHP,2025-08,1m,22.0,0.7817460317460317,0.0010152284263959391,,
PHP,2025-08,1m,23.0,0.7706349206349207,0.003089598352214212,,
PHP,2025-08,15m,,0.9979296066252588,0.038381742738589214,1932.0,1928.0
PHP,2025-08,15m,0.0,1.0,0.0,,
PHP,2025-08,15m,1.0,1.0,0.0,,
PHP,2025-08,15m,2.0,1.0,0.0,,
PHP,2025-08,15m,3.0,0.9880952380952381,0.0,,
PHP,2025-08,15m,4.0,1.0,0.011904761904761904,,
PHP,2025-08,15m,5.0,1.0,0.0,,
PHP,2025-08,15m,6.0,1.0,0.011904761904761904,,
PHP,2025-08,15m,7.0,1.0,0.0,,
PHP,2025-08,15m,8.0,1.0,0.0,,
PHP,2025-08,15m,9.0,1.0,0.0,,
PHP,2025-08,15m,10.0,1.0,0.0,,
PHP,2025-08,15m,11.0,1.0,0.0,,
PHP,2025-08,15m,12.0,1.0,0.011904761904761904,,
PHP,2025-08,15m,13.0,1.0,0.0,,
PHP,2025-08,15m,14.0,1.0,0.023809523809523808,,
PHP,2025-08,15m,15.0,1.0,0.05952380952380952,,
PHP,2025-08,15m,16.0,0.9880952380952381,0.07228915662650602,,
PHP,2025-08,15m,18.0,0.9761904761904762,0.0975609756097561,,
PHP,2025-08,15m,19.0,1.0,0.19047619047619047,,
PHP,2025-08,15m,20.0,1.0,0.21428571428571427,,
PHP,2025-08,15m,21.0,1.0,0.0,,
PHP,2025-08,15m,22.0,1.0,0.0,,
PHP,2025-08,15m,23.0,1.0,0.0,,
PHP,2025-08,1h,,1.0,0.020703933747412008,483.0,483.0
PHP,2025-08,1h,0.0,1.0,0.0,,
PHP,2025-08,1h,1.0,1.0,0.0,,
PHP,2025-08,1h,2.0,1.0,0.0,,
PHP,2025-08,1h,3.0,1.0,0.0,,
PHP,2025-08,1h,4.0,1.0,0.0,,
PHP,2025-08,1h,5.0,1.0,0.0,,
PHP,2025-08,1h,6.0,1.0,0.0,,
PHP,2025-08,1h,7.0,1.0,0.0,,
PHP,2025-08,1h,8.0,1.0,0.0,,
PHP,2025-08,1h,9.0,1.0,0.0,,
PHP,2025-08,1h,10.0,1.0,0.0,,
PHP,2025-08,1h,11.0,1.0,0.0,,
PHP,2025-08,1h,12.0,1.0,0.0,,
PHP,2025-08,1h,13.0,1.0,0.0,,
PHP,2025-08,1h,14.0,1.0,0.0,,
PHP,2025-08,1h,15.0,1.0,0.0,,
PHP,2025-08,1h,16.0,1.0,0.0,,
PHP,2025-08,1h,18.0,1.0,0.0,,
PHP,2025-08,1h,19.0,1.0,0.0,,
PHP,2025-08,1h,20.0,1.0,0.0,,
PHP,2025-08,1h,21.0,1.0,0.0,,
PHP,2025-08,1h,22.0,1.0,0.0,,
PHP,2025-08,1h,23.0,1.0,0.0,,
